Planet name,Rp (Rearth),Rp err1 (Rearth),Rp err2 (Rearth),Mp (Mearth),Mp err1 (Mearth),Mp err2 (Mearth),P (days),a (AU),a err1 (AU),a err2 (AU),Kmag,a/Rs,a/Rs err1,a/Rs err2,Rp/Rs,Rp/Rs err1,Rp/Rs err2,stellar Teff (K),Rs (Rsun),Rs err1 (Rsun),Rs err2 (Rsun),Reference,Reference publication date,Archive release date,hasMass,noRadiusUncertainty,noMassUncertainty,noSemimajorAxisUncertainty,noStellarRadiusUncertainty,noARsUncertainty,noRpRsUncertainty,has_all_params_except_mass,Mass reference,Mass reference publication date,Mass archive release date,Non-mass reference,Non-mass reference publication date,Non-mass archive release date,Mdwarf?,Ls (Lsun),I (Iearth),IXUV (Iearth),vesc (km/s)
K2-151 b,1.49,0.08,-0.08,3.44612897161488,,,3.835476,0.0373,0.0002,-0.0002,10.117,17.36,2.18,-4.6,0.0303,0.0019,-0.0013,3695.0,0.45083015846291696,0.01,-0.01,<a refstr=LIVINGSTON_ET_AL__2018 href=https://ui.adsabs.harvard.edu/abs/2018AJ....156..277L/abstract target=ref>Livingston et al. 2018</a>,2018-12-01,2018-10-26,False,False,True,False,False,False,False,True,,,,<a refstr=LIVINGSTON_ET_AL__2018 href=https://ui.adsabs.harvard.edu/abs/2018AJ....156..277L/abstract target=ref>Livingston et al. 2018</a>,2018-12-01,2018-10-26,True,0.03394472843193357,25.624405182651014,195.0699577082171,17.011655758049564
EPIC 228836835 b,1.1,0.3,-0.2,1.2796938632429182,,,0.728113,,,,12.02,6.4,1.0,-2.0,0.0299,0.003,-0.0018,3782.0,0.3372801773600822,0.07,-0.07,<a refstr=ADAMS_ET_AL__2021 href=https://ui.adsabs.harvard.edu/abs/2021PSJ.....2..152A/abstract target=ref>Adams et al. 2021</a>,2021-08-01,2021-10-25,False,False,True,True,False,False,False,True,,,,<a refstr=ADAMS_ET_AL__2021 href=https://ui.adsabs.harvard.edu/abs/2021PSJ.....2..152A/abstract target=ref>Adams et al. 2021</a>,2021-08-01,2021-10-25,True,0.020852415956796114,206.9291213892177,2110.2202489598853,12.065092550946469
K2-343 b,1.65,0.16,-0.08,4.0132459511629355,,,2.787174,,,,11.855,13.47,1.69,-4.14,0.0329,0.003,-0.0011,3804.0,0.45978771898479287,0.01,-0.01,<a refstr=DE_LEON_ET_AL__2021 href=https://ui.adsabs.harvard.edu/abs/2021MNRAS.tmp.2120D/abstract target=ref>de Leon et al. 2021</a>,2021-08-01,2021-08-23,False,False,True,True,False,False,False,True,,,,<a refstr=DE_LEON_ET_AL__2021 href=https://ui.adsabs.harvard.edu/abs/2021MNRAS.tmp.2120D/abstract target=ref>de Leon et al. 2021</a>,2021-08-01,2021-08-23,True,0.03966116010855252,47.81039208752484,331.51490355116056,17.445357458598036
K2-384 d,1.392,0.118,-0.075,2.7113135909156205,,,6.679582,,,,11.294,27.93,2.83,-5.65,0.0367,0.003,-0.002,3623.0,0.34773026519367123,0.011,-0.01,<a refstr=CHRISTIANSEN_ET_AL__2022 href=https://ui.adsabs.harvard.edu/abs/2022arXiv220302087C/abstract target=ref>Christiansen et al. 2022</a>,2022-03-01,2022-03-16,False,False,True,True,False,False,False,True,,,,<a refstr=CHRISTIANSEN_ET_AL__2022 href=https://ui.adsabs.harvard.edu/abs/2022arXiv220302087C/abstract target=ref>Christiansen et al. 2022</a>,2022-03-01,2022-03-16,True,0.018665815379442546,9.15012292301195,99.72378388011991,15.611484943394181
K2-384 c,1.191,0.053,-0.075,1.6455686017514588,,,4.194766,,,,11.294,24.63,3.74,-5.04,0.0314,0.003,-0.002,3623.0,0.3477374252447062,0.011,-0.01,<a refstr=CHRISTIANSEN_ET_AL__2022 href=https://ui.adsabs.harvard.edu/abs/2022arXiv220302087C/abstract target=ref>Christiansen et al. 2022</a>,2022-03-01,2022-03-16,False,False,True,True,False,False,False,True,,,,<a refstr=CHRISTIANSEN_ET_AL__2022 href=https://ui.adsabs.harvard.edu/abs/2022arXiv220302087C/abstract target=ref>Christiansen et al. 2022</a>,2022-03-01,2022-03-16,True,0.018666584076217407,11.766301597191799,128.23337293348914,13.148495801005144
K2-384 e,1.345,0.139,-0.082,2.4196032147284474,,,9.715043,,,,11.294,38.39,5.44,-11.22,0.0354,0.004,-0.002,3623.0,0.3483279653986745,0.011,-0.01,<a refstr=CHRISTIANSEN_ET_AL__2022 href=https://ui.adsabs.harvard.edu/abs/2022arXiv220302087C/abstract target=ref>Christiansen et al. 2022</a>,2022-03-01,2022-03-16,False,False,True,True,False,False,False,True,,,,<a refstr=CHRISTIANSEN_ET_AL__2022 href=https://ui.adsabs.harvard.edu/abs/2022arXiv220302087C/abstract target=ref>Christiansen et al. 2022</a>,2022-03-01,2022-03-16,True,0.0187300384344328,4.843201917954018,52.675585849680346,15.003234277994165
K2-3 d,1.52,0.21,-0.2,2.8,,,44.556456,0.2097,0.007,-0.007,8.561,75.1537384068564,7.9230336498749265,-7.9230336498749265,0.02483991168566162,0.004565409683833725,-0.004443873232774435,3896.0,0.5609999999794769,0.068,-0.068,<a refstr=HOWARD_ET_AL__2025 href=https://ui.adsabs.harvard.edu/abs/2025ApJS..278...52H/abstract target=ref>Howard et al. 2025</a>,2025-06-01,2025-09-17,True,False,True,False,False,False,False,True,<a refstr=HOWARD_ET_AL__2025 href=https://ui.adsabs.harvard.edu/abs/2025ApJS..278...52H/abstract target=ref>Howard et al. 2025</a>,2025-06-01,2025-09-17,<a refstr=BONOMO_ET_AL__2023 href=https://ui.adsabs.harvard.edu/abs/2023arXiv230405773B/abstract target=ref>Bonomo et al. 2023</a>,2023-04-01,2023-04-17,True,0.06496660342351161,1.689935304769144,8.714771049441781,15.182076601761668
K2-5 b,1.5,0.17,-0.17,3.209821040845127,,,5.73597,0.0504,0.0014,-0.0014,11.595,23.45805334587792,2.0365110693921467,-2.0365110693921467,0.0297,0.0022,-0.0022,4021.0,0.46302466956227994,0.038,-0.038,<a refstr=CROSSFIELD_ET_AL__2016 href=https://ui.adsabs.harvard.edu/abs/2016ApJS..226....7C/abstract target=ref>Crossfield et al. 2016</a>,2016-09-01,2016-07-18,False,False,True,False,False,False,False,True,,,,<a refstr=CROSSFIELD_ET_AL__2016 href=https://ui.adsabs.harvard.edu/abs/2016ApJS..226....7C/abstract target=ref>Crossfield et al. 2016</a>,2016-09-01,2016-07-18,True,0.05021496908833307,19.681029710281503,118.45349988928787,16.363218775103853
K2-5 c,1.64,0.2,-0.2,3.8538030924965314,,,10.9324,0.0775,0.0022,-0.0022,11.595,36.07141139495117,3.138641430333532,-3.138641430333532,0.0324,0.0029,-0.0029,4021.0,0.46405361327241834,0.038,-0.038,<a refstr=CROSSFIELD_ET_AL__2016 href=https://ui.adsabs.harvard.edu/abs/2016ApJS..226....7C/abstract target=ref>Crossfield et al. 2016</a>,2016-09-01,2016-07-18,False,False,True,False,False,False,False,True,,,,<a refstr=CROSSFIELD_ET_AL__2016 href=https://ui.adsabs.harvard.edu/abs/2016ApJS..226....7C/abstract target=ref>Crossfield et al. 2016</a>,2016-09-01,2016-07-18,True,0.05043839470388166,8.323490435607688,49.963025752101274,17.14734133761116
K2-129 b,1.04,0.1,-0.09,1.0185298710924302,,,8.239493,0.057,0.003,-0.004,8.852,34.37,4.51,-4.7,0.026595,0.001226,-0.000866,3459.09,0.3585111485477146,0.030968,-0.029677,<a refstr=DRESSING_ET_AL__2017 href=https://ui.adsabs.harvard.edu/abs/2017AJ....154..207D/abstract target=ref>Dressing et al. 2017</a>,2017-11-01,2017-10-05,False,False,True,False,False,False,False,True,,,,<a refstr=DRESSING_ET_AL__2017 href=https://ui.adsabs.harvard.edu/abs/2017AJ....154..207D/abstract target=ref>Dressing et al. 2017</a>,2017-11-01,2017-10-05,True,0.01648699189049165,5.020926300702731,58.95206088771099,11.069912094282119
K2-133 b,1.34,0.077,-0.076,2.458019400283863,,,3.07133,0.03194,0.00025,-0.00026,10.279,15.094784729928115,0.7393589175759012,-0.7401288326566773,0.027,0.0008,-0.0008,3655.0,0.45499890862320047,0.022,-0.022,<a refstr=WELLS_ET_AL__2019 href=https://ui.adsabs.harvard.edu/abs/2019MNRAS.487.1865W/abstract target=ref>Wells et al. 2019</a>,2019-08-01,2019-05-23,False,False,True,False,False,False,False,True,,,,<a refstr=WELLS_ET_AL__2019 href=https://ui.adsabs.harvard.edu/abs/2019MNRAS.487.1865W/abstract target=ref>Wells et al. 2019</a>,2019-08-01,2019-05-23,True,0.03310235420007519,32.44823967574202,250.77013420566678,15.150055039444899
K2-133 c,1.603,0.09,-0.088,4.133916741123448,,,4.86784,0.04341,0.00034,-0.00035,10.279,20.515485445403236,1.004887507301285,-1.00565402125769,0.0323,0.0009,-0.0009,3655.0,0.4549883961952021,0.022,-0.022,<a refstr=WELLS_ET_AL__2019 href=https://ui.adsabs.harvard.edu/abs/2019MNRAS.487.1865W/abstract target=ref>Wells et al. 2019</a>,2019-08-01,2019-05-23,False,False,True,False,False,False,False,True,,,,<a refstr=WELLS_ET_AL__2019 href=https://ui.adsabs.harvard.edu/abs/2019MNRAS.487.1865W/abstract target=ref>Wells et al. 2019</a>,2019-08-01,2019-05-23,True,0.03310082460477937,17.56634439980376,135.76196188868872,17.963380045394025
K2-137 b,0.89,0.09,-0.09,158.915,,,0.179715,0.0058,0.0006,-0.0006,10.882,2.82,0.14,-0.14,0.0184,0.0006,-0.0006,3492.0,0.44344677864274445,0.044,-0.044,<a refstr=SMITH_ET_AL__2018 href=https://ui.adsabs.harvard.edu/abs/2018MNRAS.474.5523S/abstract target=ref>Smith et al. 2018</a>,2018-03-01,2017-11-16,True,False,True,False,False,False,False,True,<a refstr=SMITH_ET_AL__2018 href=https://ui.adsabs.harvard.edu/abs/2018MNRAS.474.5523S/abstract target=ref>Smith et al. 2018</a>,2018-03-01,2017-11-16,<a refstr=SMITH_ET_AL__2018 href=https://ui.adsabs.harvard.edu/abs/2018MNRAS.474.5523S/abstract target=ref>Smith et al. 2018</a>,2018-03-01,2017-11-16,True,0.02619802759152308,774.629776658969,6888.632718442823,149.47253478687887
K2-147 b,1.47286006,0.11096891,-0.09863903,3.268712332571295,,,0.961939,0.01575,0.00026,-0.00027,9.997,5.86,0.32,-0.29,0.0234,0.0012,-0.0011,3690.0,0.5770519975786752,0.028,-0.028,<a refstr=THYGESEN_ET_AL__2023 href=https://ui.adsabs.harvard.edu/abs/2023AJ....165..155T/abstract target=ref>Thygesen et al. 2023</a>,2023-04-01,2024-11-20,False,False,True,False,False,False,False,True,,,,<a refstr=THYGESEN_ET_AL__2023 href=https://ui.adsabs.harvard.edu/abs/2023AJ....165..155T/abstract target=ref>Thygesen et al. 2023</a>,2023-04-01,2024-11-20,True,0.05531259175573742,223.66894861441082,1270.3146048294923,16.664088550631302
K2-148 b,1.33,0.19,-0.18,2.2974673049377614,,,4.38395,0.0454,0.0014,-0.0014,10.292,16.7,3.2,-4.5,0.0193,0.0021,-0.0019,4079.0,0.6317767693395379,0.063,-0.063,<a refstr=HIRANO_ET_AL__2018 href=https://ui.adsabs.harvard.edu/abs/2018AJ....155..127H/abstract target=ref>Hirano et al. 2018</a>,2018-03-01,2018-02-01,False,False,True,False,False,False,False,True,,,,<a refstr=HIRANO_ET_AL__2018 href=https://ui.adsabs.harvard.edu/abs/2018AJ....155..127H/abstract target=ref>Hirano et al. 2018</a>,2018-03-01,2018-02-01,True,0.09899899207147574,41.122294848610395,164.70200226654245,14.701877711230061
K2-148 c,1.73,0.24,-0.21,4.208572559920693,,,6.9226,0.0616,0.0019,-0.0019,10.292,27.3,3.6,-6.9,0.0251,0.0025,-0.0018,4079.0,0.631890319967583,0.063,-0.063,<a refstr=HIRANO_ET_AL__2018 href=https://ui.adsabs.harvard.edu/abs/2018AJ....155..127H/abstract target=ref>Hirano et al. 2018</a>,2018-03-01,2018-02-01,False,False,True,False,False,False,False,True,,,,<a refstr=HIRANO_ET_AL__2018 href=https://ui.adsabs.harvard.edu/abs/2018AJ....155..127H/abstract target=ref>Hirano et al. 2018</a>,2018-03-01,2018-02-01,True,0.09903458188259802,15.388099679760831,61.61874766006476,17.446901721884867
K2-148 d,1.64,0.24,-0.21,3.8049102180841574,,,9.7579,0.0774,0.0024,-0.0024,10.292,36.3,6.0,-9.6,0.0238,0.0026,-0.002,4079.0,0.6317368516817796,0.063,-0.063,<a refstr=HIRANO_ET_AL__2018 href=https://ui.adsabs.harvard.edu/abs/2018AJ....155..127H/abstract target=ref>Hirano et al. 2018</a>,2018-03-01,2018-02-01,False,False,True,False,False,False,False,True,,,,<a refstr=HIRANO_ET_AL__2018 href=https://ui.adsabs.harvard.edu/abs/2018AJ....155..127H/abstract target=ref>Hirano et al. 2018</a>,2018-03-01,2018-02-01,True,0.0989864823267943,8.703562150679565,34.861935919180624,17.038220695962778
K2-149 b,1.64,0.2,-0.18,3.849389467540132,,,11.332,0.083,0.0027,-0.0027,10.561,34.3,3.7,-7.9,0.0264,0.0018,-0.0012,3745.0,0.5695203435616043,0.057,-0.057,<a refstr=HIRANO_ET_AL__2018 href=https://ui.adsabs.harvard.edu/abs/2018AJ....155..127H/abstract target=ref>Hirano et al. 2018</a>,2018-03-01,2018-02-01,False,False,True,False,False,False,False,True,,,,<a refstr=HIRANO_ET_AL__2018 href=https://ui.adsabs.harvard.edu/abs/2018AJ....155..127H/abstract target=ref>Hirano et al. 2018</a>,2018-03-01,2018-02-01,True,0.05716292170414924,6.926510736676949,38.56966446654519,17.137519401561608
K2-239 b,1.1,0.1,-0.1,1.2333793728166906,,,5.24,0.0441,0.0008,-0.0008,9.971,24.6,1.9,-2.0,0.0259,0.0013,-0.0012,3420.0,0.389369780041176,0.01,-0.01,<a refstr=D_IACUTE_EZ_ALONSO_ET_AL__2018 href=https://ui.adsabs.harvard.edu/abs/2018MNRAS.480L...1D/abstract target=ref>D&iacute;ez Alonso et al. 2018</a>,2018-10-01,2018-06-21,False,False,True,False,False,False,False,True,,,,<a refstr=D_IACUTE_EZ_ALONSO_ET_AL__2018 href=https://ui.adsabs.harvard.edu/abs/2018MNRAS.480L...1D/abstract target=ref>D&iacute;ez Alonso et al. 2018</a>,2018-10-01,2018-06-21,True,0.018583073908518388,9.365472084634487,102.34323514188821,11.844751521395992
K2-239 c,1.0,0.1,-0.1,0.8933970571390358,,,7.775,0.0576,0.0009,-0.0009,9.971,34.0,3.3,-3.5,0.0241,0.0016,-0.0014,3420.0,0.38041030943291054,0.01,-0.01,<a refstr=D_IACUTE_EZ_ALONSO_ET_AL__2018 href=https://ui.adsabs.harvard.edu/abs/2018MNRAS.480L...1D/abstract target=ref>D&iacute;ez Alonso et al. 2018</a>,2018-10-01,2018-06-21,False,False,True,False,False,False,False,True,,,,<a refstr=D_IACUTE_EZ_ALONSO_ET_AL__2018 href=https://ui.adsabs.harvard.edu/abs/2018MNRAS.480L...1D/abstract target=ref>D&iacute;ez Alonso et al. 2018</a>,2018-10-01,2018-06-21,True,0.01773771313185052,4.902776026589454,55.09389509195019,10.572950901206351
K2-239 d,1.1,0.1,-0.1,1.2528977514867923,,,10.115,0.0685,0.0012,-0.0012,9.971,38.8,2.9,-3.3,0.0255,0.0012,-0.0012,3420.0,0.39547754129672386,0.01,-0.01,<a refstr=D_IACUTE_EZ_ALONSO_ET_AL__2018 href=https://ui.adsabs.harvard.edu/abs/2018MNRAS.480L...1D/abstract target=ref>D&iacute;ez Alonso et al. 2018</a>,2018-10-01,2018-06-21,False,False,True,False,False,False,False,True,,,,<a refstr=D_IACUTE_EZ_ALONSO_ET_AL__2018 href=https://ui.adsabs.harvard.edu/abs/2018MNRAS.480L...1D/abstract target=ref>D&iacute;ez Alonso et al. 2018</a>,2018-10-01,2018-06-21,True,0.019170644842096452,3.764752555224657,40.378892572141034,11.938105951971734
K2-257 b,0.83,0.06,-0.05,0.46870591294994246,,,1.60588,0.0216,0.0002,-0.0002,9.661,8.2,1.1,-1.8,0.0153,0.0011,-0.0008,3725.0,0.49734296860042543,0.01,-0.01,<a refstr=LIVINGSTON_ET_AL__2018 href=https://ui.adsabs.harvard.edu/abs/2018AJ....156...78L/abstract target=ref>Livingston et al. 2018</a>,2018-08-01,2022-03-28,False,False,True,False,False,False,False,True,,,,<a refstr=LIVINGSTON_ET_AL__2018 href=https://ui.adsabs.harvard.edu/abs/2018AJ....156...78L/abstract target=ref>Livingston et al. 2018</a>,2018-08-01,2022-03-28,True,0.04266833726551756,118.62408273859769,787.2441384535805,8.40591756486951
K2-133 e,1.73,0.14,-0.13,4.289950380719965,,,26.5841,0.1346,0.0011,-0.0011,10.279,63.61171022693563,3.1193547012074316,-3.1193547012074316,0.0348,0.0023,-0.0019,3655.0,0.455759972160527,0.022,-0.022,<a refstr=WELLS_ET_AL__2019 href=https://ui.adsabs.harvard.edu/abs/2019MNRAS.487.1865W/abstract target=ref>Wells et al. 2019</a>,2019-08-01,2019-05-23,False,False,True,False,False,False,False,True,,,,<a refstr=WELLS_ET_AL__2019 href=https://ui.adsabs.harvard.edu/abs/2019MNRAS.487.1865W/abstract target=ref>Wells et al. 2019</a>,2019-08-01,2019-05-23,True,0.03321318551901233,1.827135875670791,14.092385868226392,17.614772543210965
EPIC 206215704 b,1.0,0.1,-0.09,0.889708899099831,,,2.255436,,,,12.767,17.0,3.0,-4.0,0.0383,0.0036,-0.0024,3297.0,0.2393704558050429,0.01,-0.01,<a refstr=ADAMS_ET_AL__2021 href=https://ui.adsabs.harvard.edu/abs/2021PSJ.....2..152A/abstract target=ref>Adams et al. 2021</a>,2021-08-01,2022-03-28,False,False,True,True,False,False,False,True,,,,<a refstr=ADAMS_ET_AL__2021 href=https://ui.adsabs.harvard.edu/abs/2021PSJ.....2..152A/abstract target=ref>Adams et al. 2021</a>,2021-08-01,2022-03-28,True,0.006066043612986247,16.938439977295136,362.35152417697327,10.551104488276978
K2-315 b,0.95,0.058,-0.058,0.7436820560147575,,,3.1443189,,,,11.838,25.72,0.16,-0.17,0.0444,0.0024,-0.0024,3300.0,0.19615977555104697,0.006,-0.006,<a refstr=NIRAULA_ET_AL__2020 href=https://ui.adsabs.harvard.edu/abs/2020AJ....160..172N/abstract target=ref>Niraula et al. 2020</a>,2020-10-01,2020-08-13,False,False,True,True,False,False,False,True,,,,<a refstr=NIRAULA_ET_AL__2020 href=https://ui.adsabs.harvard.edu/abs/2020AJ....160..172N/abstract target=ref>Niraula et al. 2020</a>,2020-10-01,2020-08-13,True,0.004088502970777179,7.426929385402283,201.3124823599567,9.897050934920939
K2-316 b,1.33,0.1,-0.09,2.3597692873322798,,,1.133,0.0147,0.001,-0.0031,11.911,8.340297330757387,0.5711951514446775,-1.7600767764050829,0.032172273479417285,0.002432336013006738,-0.0021919150003226694,3436.0,0.378999999986135,0.003,-0.003,<a refstr=CASTRO_GONZ_AACUTE_LEZ_ET_AL__2020 href=https://ui.adsabs.harvard.edu/abs/2020MNRAS.499.5416C/abstract target=ref>Castro Gonz&aacute;lez et al. 2020</a>,2020-12-01,,False,False,True,False,False,False,False,True,,,,<a refstr=CASTRO_GONZ_AACUTE_LEZ_ET_AL__2020 href=https://ui.adsabs.harvard.edu/abs/2020MNRAS.499.5416C/abstract target=ref>Castro Gonz&aacute;lez et al. 2020</a>,2020-12-01,,True,0.017938234077442376,83.01279133118031,926.5678036526564,14.899884722775516
K2-318 b,1.66,0.13,-0.13,4.163669575464734,,,7.01,0.0911,0.014,-0.0185,11.152,35.48809670577335,5.5621483725903795,-7.289096657716191,0.02757009934733653,0.002320057369057045,-0.002320057369057045,3851.0,0.5519999999798062,0.017,-0.017,<a refstr=CASTRO_GONZ_AACUTE_LEZ_ET_AL__2020 href=https://ui.adsabs.harvard.edu/abs/2020MNRAS.499.5416C/abstract target=ref>Castro Gonz&aacute;lez et al. 2020</a>,2020-12-01,,False,False,True,False,False,False,False,True,,,,<a refstr=CASTRO_GONZ_AACUTE_LEZ_ET_AL__2020 href=https://ui.adsabs.harvard.edu/abs/2020MNRAS.499.5416C/abstract target=ref>Castro Gonz&aacute;lez et al. 2020</a>,2020-12-01,,True,0.06004279164436597,7.2347598926595085,39.11538386134986,17.71568873624189
EPIC 201170410.02,1.047,0.276,-0.257,1.050995988997884,,,6.7987,0.0349,0.0027,-0.0022,12.619,26.61213557766707,6.8292097066400475,-7.181994190746477,0.034,0.0007,-0.0006,3648.0,0.28231703573022937,0.074,-0.069,<a refstr=DEL_SER__AMP__FORS_2020 href=https://ui.adsabs.harvard.edu/abs/2020MNRAS.498.2778D/abstract target=ref>del Ser &amp; Fors 2020</a>,2020-08-01,2020-11-19,False,False,True,False,False,False,False,True,,,,<a refstr=DEL_SER__AMP__FORS_2020 href=https://ui.adsabs.harvard.edu/abs/2020MNRAS.498.2778D/abstract target=ref>del Ser &amp; Fors 2020</a>,2020-08-01,2020-11-19,True,0.01264684324765663,10.359894377637746,142.6152758370313,11.207303811665605
K2-400 b,1.163,0.051,-0.049,1.5201603304275144,,,3.865053,,,,10.405,19.12,0.79,-0.85,0.0279,0.001,-0.001,3578.0,0.3821596514651772,0.012,-0.012,<a refstr=CHRISTIANSEN_ET_AL__2022 href=https://ui.adsabs.harvard.edu/abs/2022arXiv220302087C/abstract target=ref>Christiansen et al. 2022</a>,2022-03-01,2022-03-16,False,False,True,True,False,False,False,True,,,,<a refstr=CHRISTIANSEN_ET_AL__2022 href=https://ui.adsabs.harvard.edu/abs/2022arXiv220302087C/abstract target=ref>Christiansen et al. 2022</a>,2022-03-01,2022-03-16,True,0.021445671813639614,18.572956122508536,186.24183386888774,12.788770588953092
K2-384 b,1.076,0.232,-0.06,1.1451556729859855,,,2.231527,,,,11.294,16.59,33.69,-3.33,0.0284,0.003,-0.012,3623.0,0.34734675986234026,0.011,-0.01,<a refstr=CHRISTIANSEN_ET_AL__2022 href=https://ui.adsabs.harvard.edu/abs/2022arXiv220302087C/abstract target=ref>Christiansen et al. 2022</a>,2022-03-01,2022-03-16,False,False,True,True,False,False,False,True,,,,<a refstr=CHRISTIANSEN_ET_AL__2022 href=https://ui.adsabs.harvard.edu/abs/2022arXiv220302087C/abstract target=ref>Christiansen et al. 2022</a>,2022-03-01,2022-03-16,True,0.0186246657127505,25.934389422393583,283.02378578663956,11.53984791981247
K2-415 b,1.015,0.051,-0.0051,7.5,,,4.0179694,0.027,0.00023,-0.00023,9.899,29.63,0.86,-0.91,0.0472,0.002,-0.0018,3173.0,0.19714844881765126,0.0058,-0.0058,<a refstr=HIRANO_ET_AL__2023 href=https://ui.adsabs.harvard.edu/abs/2023arXiv230200699H/abstract target=ref>Hirano et al. 2023</a>,2023-03-01,2023-03-28,True,False,True,False,False,False,False,True,<a refstr=HIRANO_ET_AL__2023 href=https://ui.adsabs.harvard.edu/abs/2023arXiv230200699H/abstract target=ref>Hirano et al. 2023</a>,2023-03-01,2023-03-28,<a refstr=HIRANO_ET_AL__2023 href=https://ui.adsabs.harvard.edu/abs/2023arXiv230200699H/abstract target=ref>Hirano et al. 2023</a>,2023-03-01,2023-03-28,True,0.003529845227940534,4.783132912824916,141.5986298718233,30.406859487924535
GJ 341 b,0.88,0.05,-0.05,4.0,,,7.57686,,,,5.587,24.5,2.0,-4.0,0.016,0.0008,-0.0008,3770.0,0.5042338651533229,0.0169,-0.0172,<a refstr=DITOMASSO_ET_AL__2025 href=https://ui.adsabs.harvard.edu/abs/2025ApJ...979..214D/abstract target=ref>DiTomasso et al. 2025</a>,2025-02-01,2025-02-25,True,False,True,True,False,False,False,True,<a refstr=DITOMASSO_ET_AL__2025 href=https://ui.adsabs.harvard.edu/abs/2025ApJ...979..214D/abstract target=ref>DiTomasso et al. 2025</a>,2025-02-01,2025-02-25,<a refstr=DITOMASSO_ET_AL__2025 href=https://ui.adsabs.harvard.edu/abs/2025ApJ...979..214D/abstract target=ref>DiTomasso et al. 2025</a>,2025-02-01,2025-02-25,True,0.04601697514647768,13.94211612817908,88.4255673985946,23.848584996804217
GJ 238 b,0.566,0.014,-0.014,0.12849423076541291,,,1.7446999,0.02123,0.00016,-0.00017,7.03,10.582134132790278,0.19155302802023885,-0.20254984617549868,0.01204,0.00023,-0.00023,3485.0,0.43098213179821915,0.0075,-0.0071,<a refstr=TEY_ET_AL__2024 href=https://ui.adsabs.harvard.edu/abs/2024AJ....167..283T/abstract target=ref>Tey et al. 2024</a>,2024-06-01,2024-08-07,False,False,True,False,False,False,False,True,,,,<a refstr=TEY_ET_AL__2024 href=https://ui.adsabs.harvard.edu/abs/2024AJ....167..283T/abstract target=ref>Tey et al. 2024</a>,2024-06-01,2024-08-07,True,0.024548123869595803,54.570768427104895,504.60213721610603,5.329758801561398
KOI-1843.03,0.61,0.12,-0.08,8.0,,,0.1768913,,,,11.056,1.9,0.3,-0.5,0.012427582131506234,0.0028077798165659046,-0.0027454724561447705,3584.0,0.44999999998353757,0.08,-0.05,<a refstr=RAPPAPORT_ET_AL__2013 href=https://ui.adsabs.harvard.edu/abs/2013ApJ...773L..15R/abstract target=ref>Rappaport et al. 2013</a>,2013-08-01,2025-03-08,True,False,True,True,False,False,False,True,<a refstr=RAPPAPORT_ET_AL__2013 href=https://ui.adsabs.harvard.edu/abs/2013ApJ...773L..15R/abstract target=ref>Rappaport et al. 2013</a>,2013-08-01,2025-03-08,<a refstr=RAPPAPORT_ET_AL__2013 href=https://ui.adsabs.harvard.edu/abs/2013ApJ...773L..15R/abstract target=ref>Rappaport et al. 2013</a>,2013-08-01,2025-03-08,True,0.029935442197389507,1893.478009837924,15543.50148695508,40.509234146150014
KOI-4777.01,0.51,0.03,-0.03,99.2,,,0.412,0.008,0.0003,-0.0003,12.449,4.28,0.09,-0.09,0.0116,0.0006,-0.0006,3515.0,0.40307095803792276,0.01,-0.01,<a refstr=CA_NTILDE_AS_ET_AL__2022 href=https://ui.adsabs.harvard.edu/abs/2022AJ....163....3C/abstract target=ref>Ca&ntilde;as et al. 2022</a>,2022-01-01,2022-01-10,True,False,True,False,False,False,False,True,<a refstr=CA_NTILDE_AS_ET_AL__2022 href=https://ui.adsabs.harvard.edu/abs/2022AJ....163....3C/abstract target=ref>Ca&ntilde;as et al. 2022</a>,2022-01-01,2022-01-10,<a refstr=CA_NTILDE_AS_ET_AL__2022 href=https://ui.adsabs.harvard.edu/abs/2022AJ....163....3C/abstract target=ref>Ca&ntilde;as et al. 2022</a>,2022-01-01,2022-01-10,True,0.02222045660538425,345.2305682342509,3388.889870592923,156.00722242316866
K2-72 b,1.08,0.11,-0.11,1.1662162249860817,,,5.577212,0.04,0.004,-0.005,10.962,24.16,3.28,-4.1,0.029949,0.001527,-0.00135,3360.47,0.3306060146889644,0.030366,-0.029936,<a refstr=DRESSING_ET_AL__2017 href=https://ui.adsabs.harvard.edu/abs/2017AJ....154..207D/abstract target=ref>Dressing et al. 2017</a>,2017-11-01,2017-10-26,False,False,True,False,False,False,False,True,,,,<a refstr=DRESSING_ET_AL__2017 href=https://ui.adsabs.harvard.edu/abs/2017AJ....154..207D/abstract target=ref>Dressing et al. 2017</a>,2017-11-01,2017-10-26,True,0.012488498838050489,9.051106904441157,125.5438814971013,11.623893400870408
K2-72 c,1.16,0.13,-0.13,1.4941148511500235,,,15.189034,0.078,0.007,-0.01,10.962,47.82,7.4,-8.4,0.032263,0.002186,-0.001989,3360.47,0.32962683601978876,0.030366,-0.029936,<a refstr=DRESSING_ET_AL__2017 href=https://ui.adsabs.harvard.edu/abs/2017AJ....154..207D/abstract target=ref>Dressing et al. 2017</a>,2017-11-01,2017-10-26,False,False,True,False,False,False,False,True,,,,<a refstr=DRESSING_ET_AL__2017 href=https://ui.adsabs.harvard.edu/abs/2017AJ....154..207D/abstract target=ref>Dressing et al. 2017</a>,2017-11-01,2017-10-26,True,0.012414632288894474,2.3103427316052967,32.16000402417396,12.695124178192835
K2-72 d,1.01,0.12,-0.12,0.9307258823503035,,,7.760178,0.05,0.004,-0.006,10.962,29.91,5.16,-5.1,0.027863,0.002268,-0.002023,3360.47,0.33232485166372877,0.030366,-0.029936,<a refstr=DRESSING_ET_AL__2017 href=https://ui.adsabs.harvard.edu/abs/2017AJ....154..207D/abstract target=ref>Dressing et al. 2017</a>,2017-11-01,2017-10-26,False,False,True,False,False,False,False,True,,,,<a refstr=DRESSING_ET_AL__2017 href=https://ui.adsabs.harvard.edu/abs/2017AJ....154..207D/abstract target=ref>Dressing et al. 2017</a>,2017-11-01,2017-10-26,True,0.012618693046296299,5.905582328531306,81.40556644896846,10.738018933747474
K2-72 e,1.29,0.14,-0.13,2.125804131445203,,,24.158868,0.106,0.009,-0.013,10.962,64.53,9.14,-10.88,0.035758,0.00201,-0.001775,3360.47,0.33073930616812336,0.030366,-0.029936,<a refstr=DRESSING_ET_AL__2017 href=https://ui.adsabs.harvard.edu/abs/2017AJ....154..207D/abstract target=ref>Dressing et al. 2017</a>,2017-11-01,2017-10-26,False,False,True,False,False,False,False,True,,,,<a refstr=DRESSING_ET_AL__2017 href=https://ui.adsabs.harvard.edu/abs/2017AJ....154..207D/abstract target=ref>Dressing et al. 2017</a>,2017-11-01,2017-10-26,True,0.012498570923685823,1.268738807828795,17.58960183713806,14.35954651799775
K2-83 b,1.71,0.1,-0.1,4.4122865933930715,,,2.747227,0.032,0.001,-0.001,10.765,12.59,0.63,-0.66,0.028647,0.000788,-0.000672,3875.75,0.5472506462121575,0.027739,-0.027632,<a refstr=DRESSING_ET_AL__2017 href=https://ui.adsabs.harvard.edu/abs/2017AJ....154..207D/abstract target=ref>Dressing et al. 2017</a>,2017-11-01,2017-10-26,False,False,True,False,False,False,False,True,,,,<a refstr=DRESSING_ET_AL__2017 href=https://ui.adsabs.harvard.edu/abs/2017AJ....154..207D/abstract target=ref>Dressing et al. 2017</a>,2017-11-01,2017-10-26,True,0.060545829739008655,58.97487462633936,317.2608512269639,17.968331786221086
K2-89 b,1.08,0.09,-0.08,1.1695924365745856,,,1.095979,0.017,0.001,-0.001,10.106,7.36,0.47,-0.47,0.019634,0.001244,-0.001016,3677.0,0.5042945672771618,0.015817,-0.015817,<a refstr=DRESSING_ET_AL__2017 href=https://ui.adsabs.harvard.edu/abs/2017AJ....154..207D/abstract target=ref>Dressing et al. 2017</a>,2017-11-01,2017-10-26,False,False,True,False,False,False,False,True,,,,<a refstr=DRESSING_ET_AL__2017 href=https://ui.adsabs.harvard.edu/abs/2017AJ....154..207D/abstract target=ref>Dressing et al. 2017</a>,2017-11-01,2017-10-26,True,0.0416516053633193,139.80231226412366,941.3157114590479,11.640706904362842
K2-91 b,1.22,0.12,-0.12,1.7627787233285621,,,1.419604,0.018,0.001,-0.001,10.571,11.19,1.11,-1.18,0.034799,0.001239,-0.001139,3488.9,0.3214122221312806,0.028824,-0.028709,<a refstr=DRESSING_ET_AL__2017 href=https://ui.adsabs.harvard.edu/abs/2017AJ....154..207D/abstract target=ref>Dressing et al. 2017</a>,2017-11-01,2017-10-26,False,False,True,False,False,False,False,True,,,,<a refstr=DRESSING_ET_AL__2017 href=https://ui.adsabs.harvard.edu/abs/2017AJ....154..207D/abstract target=ref>Dressing et al. 2017</a>,2017-11-01,2017-10-26,True,0.013714106192052284,49.021813972881965,642.819248544392,13.445994871885
K2-354 b,1.56,0.08,-0.08,3.9767499571323883,,,3.793306,,,,10.964,19.05,0.21,-0.21,0.0353,0.0017,-0.0017,3669.0,0.4051531442900766,0.01,-0.01,<a refstr=DE_LEON_ET_AL__2021 href=https://ui.adsabs.harvard.edu/abs/2021MNRAS.tmp.2120D/abstract target=ref>de Leon et al. 2021</a>,2021-08-01,2021-08-23,False,False,True,True,False,False,False,True,,,,<a refstr=DE_LEON_ET_AL__2021 href=https://ui.adsabs.harvard.edu/abs/2021MNRAS.tmp.2120D/abstract target=ref>de Leon et al. 2021</a>,2021-08-01,2021-08-23,True,0.026651270716267696,20.68694456625413,182.0814059880987,17.859767462782624
K2-104 b,1.79,0.1,-0.06,4.330856167558523,,,1.9741954,0.0242,0.0022,-0.0055,12.014,10.89,0.95,-2.5,0.034,0.0019,-0.0009,3712.0,0.48266236290077424,0.01,-0.01,<a refstr=CASTRO_GONZ_AACUTE_LEZ_ET_AL__2022 href=https://ui.adsabs.harvard.edu/abs/2022MNRAS.509.1075C/abstract target=ref>Castro-Gonz&aacute;lez et al. 2022</a>,2022-01-01,2021-09-20,False,False,True,False,False,False,False,True,,,,<a refstr=CASTRO_GONZ_AACUTE_LEZ_ET_AL__2022 href=https://ui.adsabs.harvard.edu/abs/2022MNRAS.509.1075C/abstract target=ref>Castro-Gonz&aacute;lez et al. 2022</a>,2022-01-01,2021-09-20,True,0.039628477364032424,66.32413190765752,460.11579578096456,17.399401966823564
K2-122 b,1.16,0.1,-0.05,1.484005965528556,,,2.2193023,0.0373,0.0038,-0.0095,9.275,13.61,1.35,-3.45,0.018,0.0015,-0.0006,4009.0,0.5908194783614692,0.01,-0.01,<a refstr=CASTRO_GONZ_AACUTE_LEZ_ET_AL__2022 href=https://ui.adsabs.harvard.edu/abs/2022MNRAS.509.1075C/abstract target=ref>Castro-Gonz&aacute;lez et al. 2022</a>,2022-01-01,2021-09-20,False,False,True,False,False,False,False,True,,,,<a refstr=CASTRO_GONZ_AACUTE_LEZ_ET_AL__2022 href=https://ui.adsabs.harvard.edu/abs/2022MNRAS.509.1075C/abstract target=ref>Castro-Gonz&aacute;lez et al. 2022</a>,2022-01-01,2021-09-20,True,0.08078718601966092,57.772802906066865,261.4074434007865,12.652104939918107
Kepler-1650 b,1.0,0.23,-0.18,0.907873392388729,,,1.538180949,0.0167,,,12.199,4.27,2.1,-2.1,0.033564,0.001855,-0.006549,3364.0,0.2731464800778556,0.062,-0.05,<a refstr=Q1_Q17_DR25_KOI_TABLE href=https://exoplanetarchive.ipac.caltech.edu/docs/Kepler_KOI_docs.html target=ref>Q1-Q17 DR25 KOI Table</a>,,2017-05-08,False,False,True,True,False,False,False,True,,,,<a refstr=Q1_Q17_DR25_KOI_TABLE href=https://exoplanetarchive.ipac.caltech.edu/docs/Kepler_KOI_docs.html target=ref>Q1-Q17 DR25 KOI Table</a>,,2017-05-08,True,0.008560592246421755,290.9803501489729,5062.457325071441,10.658267127053515
Kepler-120 c,1.53,0.09,-0.09,3.699508453679571,,,12.794585,0.088,,,12.307,35.43601067229998,,,0.026267545580960405,0.002069905906741665,-0.002069905906741665,4096.0,0.5339999999804647,0.028,-0.028,<a refstr=ROWE_ET_AL__2014 href=https://ui.adsabs.harvard.edu/abs/2014ApJ...784...45R/abstract target=ref> Rowe et al. 2014</a>,2014-03-01,2014-05-14,False,False,True,True,False,True,False,True,,,,<a refstr=ROWE_ET_AL__2014 href=https://ui.adsabs.harvard.edu/abs/2014ApJ...784...45R/abstract target=ref> Rowe et al. 2014</a>,2014-03-01,2014-05-14,True,0.07191358710137882,9.286361971415296,45.0566643368427,17.394031541424017
Kepler-1651 b,1.6,0.18,-0.21,3.6936496901403344,,,9.8786461,0.0692,,,9.804,41.282,0.949,-0.949,0.034764,0.00109,-0.000531,3609.0,0.42194861154450086,0.046,-0.056,<a refstr=Q1_Q17_DR25_KOI_TABLE href=https://exoplanetarchive.ipac.caltech.edu/docs/Kepler_KOI_docs.html target=ref>Q1-Q17 DR25 KOI Table</a>,,2017-05-08,False,False,True,True,False,False,False,True,,,,<a refstr=Q1_Q17_DR25_KOI_TABLE href=https://exoplanetarchive.ipac.caltech.edu/docs/Kepler_KOI_docs.html target=ref>Q1-Q17 DR25 KOI Table</a>,,2017-05-08,True,0.027061713932937208,4.124027313063329,35.96734275609995,16.99580804296553
Kepler-1009 b,1.75,0.09,-0.17,4.385900489989013,,,11.35010642,0.0796,,,12.347,39.21,2.5,-2.5,0.031169,0.001164,-0.00063,3597.0,0.514735949190959,0.026,-0.051,<a refstr=Q1_Q17_DR25_KOI_TABLE href=https://exoplanetarchive.ipac.caltech.edu/docs/Kepler_KOI_docs.html target=ref>Q1-Q17 DR25 KOI Table</a>,,2017-05-08,False,False,True,True,False,False,False,True,,,,<a refstr=Q1_Q17_DR25_KOI_TABLE href=https://exoplanetarchive.ipac.caltech.edu/docs/Kepler_KOI_docs.html target=ref>Q1-Q17 DR25 KOI Table</a>,,2017-05-08,True,0.039739225488127264,4.510903436256862,31.24150098868144,17.708603710824853
Kepler-1049 b,0.81,0.07,-0.07,0.42819365689017236,,,3.27344784,0.0349,,,11.18,13.24,6.0,-6.0,0.014934,0.000224,-0.000652,3758.0,0.49725389382883667,0.042,-0.042,<a refstr=Q1_Q17_DR25_KOI_TABLE href=https://exoplanetarchive.ipac.caltech.edu/docs/Kepler_KOI_docs.html target=ref>Q1-Q17 DR25 KOI Table</a>,,2017-05-08,False,False,True,True,False,False,False,True,,,,<a refstr=Q1_Q17_DR25_KOI_TABLE href=https://exoplanetarchive.ipac.caltech.edu/docs/Kepler_KOI_docs.html target=ref>Q1-Q17 DR25 KOI Table</a>,,2017-05-08,True,0.04418472279019,47.1353348372852,306.3256161752263,8.1330147880526
Kepler-1124 b,1.66,0.18,-0.2,3.9541274696418456,,,2.852348262,0.0305,,,12.826,30.7,10.3,-10.3,0.035061,0.00087,-0.001418,3731.0,0.4340633421514793,0.047,-0.052,<a refstr=Q1_Q17_DR25_KOI_TABLE href=https://exoplanetarchive.ipac.caltech.edu/docs/Kepler_KOI_docs.html target=ref>Q1-Q17 DR25 KOI Table</a>,,2017-05-08,False,False,True,True,False,False,False,True,,,,<a refstr=Q1_Q17_DR25_KOI_TABLE href=https://exoplanetarchive.ipac.caltech.edu/docs/Kepler_KOI_docs.html target=ref>Q1-Q17 DR25 KOI Table</a>,,2017-05-08,True,0.03271115376431638,8.517648400718777,66.29826929844505,17.26415177667314
Kepler-114 c,1.36,0.78,-0.78,1.28668,,,8.0413478,0.06482,0.00235,-0.00235,11.366,23.1,3.6,-3.6,0.02196,0.00039,-0.00039,3983.0,0.567774512840304,0.029,-0.029,<a refstr=OFIR_ET_AL__2025 href=https://ui.adsabs.harvard.edu/abs/2025AJ....169...90O/abstract target=ref>Ofir et al. 2025</a>,2025-02-01,2025-04-16,True,False,True,False,False,False,False,True,<a refstr=OFIR_ET_AL__2025 href=https://ui.adsabs.harvard.edu/abs/2025AJ....169...90O/abstract target=ref>Ofir et al. 2025</a>,2025-02-01,2025-04-16,<a refstr=MUIRHEAD_ET_AL__2012 href=https://ui.adsabs.harvard.edu/abs/2012ApJ...750L..37M/abstract target=ref>Muirhead et al. 2012</a>,2012-05-01,2016-02-25,True,0.07269116991963531,19.53946775321173,94.19410725950613,10.880272628012495
Kepler-1074 b,1.12,0.06,-0.07,1.3430144792744223,,,5.94565516,0.0536,,,12.073,20.87,4.2,-4.2,0.018129,0.000731,-0.000472,3974.0,0.5663872840318341,0.03,-0.034,<a refstr=Q1_Q17_DR25_KOI_TABLE href=https://exoplanetarchive.ipac.caltech.edu/docs/Kepler_KOI_docs.html target=ref>Q1-Q17 DR25 KOI Table</a>,,2017-05-08,False,False,True,True,False,False,False,True,,,,<a refstr=Q1_Q17_DR25_KOI_TABLE href=https://exoplanetarchive.ipac.caltech.edu/docs/Kepler_KOI_docs.html target=ref>Q1-Q17 DR25 KOI Table</a>,,2017-05-08,True,0.07168480138540123,23.722585285934613,115.32030036354554,12.249131379964618
Kepler-1075 b,1.26,0.09,-0.12,1.9642002752492265,,,1.52373073,0.0208,,,12.415,3.28,1.6,-1.6,0.022705,0.001526,-0.005353,3746.0,0.5087663270750831,0.033,-0.05,<a refstr=Q1_Q17_DR25_KOI_TABLE href=https://exoplanetarchive.ipac.caltech.edu/docs/Kepler_KOI_docs.html target=ref>Q1-Q17 DR25 KOI Table</a>,,2017-05-08,False,False,True,True,False,False,False,True,,,,<a refstr=Q1_Q17_DR25_KOI_TABLE href=https://exoplanetarchive.ipac.caltech.edu/docs/Kepler_KOI_docs.html target=ref>Q1-Q17 DR25 KOI Table</a>,,2017-05-08,True,0.04566636648940751,758.2612603958843,4831.266492318125,13.966306473499552
Kepler-1089 b,1.69,0.09,-0.08,4.45200607964971,,,5.132486123,0.0497,,,12.386,27.0,2.5,-2.5,0.026773,0.001,-0.000796,3879.0,0.5787073354832485,0.032,-0.027,<a refstr=Q1_Q17_DR25_KOI_TABLE href=https://exoplanetarchive.ipac.caltech.edu/docs/Kepler_KOI_docs.html target=ref>Q1-Q17 DR25 KOI Table</a>,,2017-05-08,False,False,True,True,False,False,False,True,,,,<a refstr=Q1_Q17_DR25_KOI_TABLE href=https://exoplanetarchive.ipac.caltech.edu/docs/Kepler_KOI_docs.html target=ref>Q1-Q17 DR25 KOI Table</a>,,2017-05-08,True,0.06793377358235093,12.86610388696744,64.59451029722996,18.155511073296978
Kepler-1152 b,0.86,0.07,-0.06,0.5295078257848778,,,1.646801683,0.0223,,,11.683,10.61,1.0,-1.0,0.01543,0.000668,-0.000465,3810.0,0.510977580901264,0.038,-0.038,<a refstr=Q1_Q17_DR25_KOI_TABLE href=https://exoplanetarchive.ipac.caltech.edu/docs/Kepler_KOI_docs.html target=ref>Q1-Q17 DR25 KOI Table</a>,,2017-05-08,False,False,True,True,False,False,False,True,,,,<a refstr=Q1_Q17_DR25_KOI_TABLE href=https://exoplanetarchive.ipac.caltech.edu/docs/Kepler_KOI_docs.html target=ref>Q1-Q17 DR25 KOI Table</a>,,2017-05-08,True,0.04929379343620243,77.5469280997324,471.94267963509685,8.777299599272835
Kepler-1203 b,0.99,0.04,-0.07,0.8630228178309475,,,0.588001053,0.0114,,,12.059,3.72,1.6,-1.6,0.015848,0.000228,-0.000577,3814.0,0.5727037842478427,0.023,-0.037,<a refstr=Q1_Q17_DR25_KOI_TABLE href=https://exoplanetarchive.ipac.caltech.edu/docs/Kepler_KOI_docs.html target=ref>Q1-Q17 DR25 KOI Table</a>,,2017-05-08,False,False,True,True,False,False,False,True,,,,<a refstr=Q1_Q17_DR25_KOI_TABLE href=https://exoplanetarchive.ipac.caltech.edu/docs/Kepler_KOI_docs.html target=ref>Q1-Q17 DR25 KOI Table</a>,,2017-05-08,True,0.06218297653967117,633.4791696272517,3353.740339648466,10.44401527973965
Kepler-1229 b,1.34,0.09,-0.14,2.3945915040395436,,,86.82974,0.3006,0.0069,-0.0091,12.374,134.6,5.2,-2.9,0.02708,0.00085,-0.00085,3577.0,0.45365474641161047,0.029,-0.041,<a refstr=TORRES_ET_AL__2017 href=https://ui.adsabs.harvard.edu/abs/2017AJ....154..264T/abstract target=ref>Torres et al. 2017</a>,2017-12-01,2017-11-17,False,False,True,False,False,False,False,True,,,,<a refstr=TORRES_ET_AL__2017 href=https://ui.adsabs.harvard.edu/abs/2017AJ....154..264T/abstract target=ref>Torres et al. 2017</a>,2017-12-01,2017-11-17,True,0.030186678202729262,0.3743528161184637,3.0576791331603563,14.95330790885312
Kepler-1652 b,1.6,0.18,-0.18,3.7353302949455545,,,38.09722,0.1654,0.0042,-0.0075,12.635,91.0,3.3,-3.5,0.0387,0.0016,-0.0018,3638.0,0.3790341481067967,0.036,-0.04,<a refstr=TORRES_ET_AL__2017 href=https://ui.adsabs.harvard.edu/abs/2017AJ....154..264T/abstract target=ref>Torres et al. 2017</a>,2017-12-01,2017-11-16,False,False,True,False,False,False,False,True,,,,<a refstr=TORRES_ET_AL__2017 href=https://ui.adsabs.harvard.edu/abs/2017AJ....154..264T/abstract target=ref>Torres et al. 2017</a>,2017-12-01,2017-11-16,True,0.02254738092122233,0.8763214818279693,8.527187189881042,17.09143274488119
Kepler-1308 b,0.79,0.11,-0.08,0.39639012009541885,,,2.10433534,0.025,,,11.023,7.58,3.8,-3.8,0.016787,0.000157,-0.002672,3605.0,0.43144289517443163,0.058,-0.048,<a refstr=Q1_Q17_DR25_KOI_TABLE href=https://exoplanetarchive.ipac.caltech.edu/docs/Kepler_KOI_docs.html target=ref>Q1-Q17 DR25 KOI Table</a>,,2017-05-08,False,False,True,True,False,False,False,True,,,,<a refstr=Q1_Q17_DR25_KOI_TABLE href=https://exoplanetarchive.ipac.caltech.edu/docs/Kepler_KOI_docs.html target=ref>Q1-Q17 DR25 KOI Table</a>,,2017-05-08,True,0.028168022939223825,121.78060538537741,1036.8700002191677,7.923586833218756
Kepler-1319 b,1.24,0.17,-0.2,1.8268694343339142,,,2.8867624,0.0296,,,10.726,10.36,5.1,-5.1,0.029146,0.001064,-0.006174,3483.0,0.3900426023156899,0.055,-0.061,<a refstr=Q1_Q17_DR25_KOI_TABLE href=https://exoplanetarchive.ipac.caltech.edu/docs/Kepler_KOI_docs.html target=ref>Q1-Q17 DR25 KOI Table</a>,,2017-05-08,False,False,True,True,False,False,False,True,,,,<a refstr=Q1_Q17_DR25_KOI_TABLE href=https://exoplanetarchive.ipac.caltech.edu/docs/Kepler_KOI_docs.html target=ref>Q1-Q17 DR25 KOI Table</a>,,2017-05-08,True,0.020059801667996657,56.80542987457016,592.916955338492,13.577408004792346
Kepler-1366 b,1.27,0.07,-0.06,2.065571096711028,,,2.164570593,0.0273,,,12.961,12.4,2.6,-2.6,0.02106,0.000754,-0.000967,3941.0,0.5528593704089788,0.03,-0.03,<a refstr=Q1_Q17_DR25_KOI_TABLE href=https://exoplanetarchive.ipac.caltech.edu/docs/Kepler_KOI_docs.html target=ref>Q1-Q17 DR25 KOI Table</a>,,2017-05-08,False,False,True,True,False,False,False,True,,,,<a refstr=Q1_Q17_DR25_KOI_TABLE href=https://exoplanetarchive.ipac.caltech.edu/docs/Kepler_KOI_docs.html target=ref>Q1-Q17 DR25 KOI Table</a>,,2017-05-08,True,0.06606078581594664,64.99468343859758,331.8269013451229,14.265669889404128
Kepler-125 c,0.74,0.05,-0.05,0.32020404281436987,,,5.774464,0.051,,,11.682,21.419218631245954,,,0.013250463786474053,0.0010473448280464226,-0.0010473448280464226,3810.0,0.5119999999812694,0.021,-0.021,<a refstr=ROWE_ET_AL__2014 href=https://ui.adsabs.harvard.edu/abs/2014ApJ...784...45R/abstract target=ref> Rowe et al. 2014</a>,2014-03-01,2014-05-14,False,False,True,True,False,True,False,True,,,,<a refstr=ROWE_ET_AL__2014 href=https://ui.adsabs.harvard.edu/abs/2014ApJ...784...45R/abstract target=ref> Rowe et al. 2014</a>,2014-03-01,2014-05-14,True,0.04949125547216747,19.02777988304048,115.52368567677907,7.358198546510731
Kepler-1321 d,1.78,0.11,-0.2,4.373713926804155,,,5.72084599,0.0501,,,13.884,16.24,2.9,-2.9,0.032418,0.00173,-0.001105,3640.0,0.5033882859538835,0.03,-0.056,<a refstr=Q1_Q17_DR25_KOI_TABLE href=https://exoplanetarchive.ipac.caltech.edu/docs/Kepler_KOI_docs.html target=ref>Q1-Q17 DR25 KOI Table</a>,,2017-05-08,False,False,True,True,False,False,False,True,,,,<a refstr=Q1_Q17_DR25_KOI_TABLE href=https://exoplanetarchive.ipac.caltech.edu/docs/Kepler_KOI_docs.html target=ref>Q1-Q17 DR25 KOI Table</a>,,2017-05-08,True,0.03985661312957251,27.575852567558304,190.6464460633117,17.534328645827053
Kepler-1439 b,1.59,0.2,-0.19,3.6487002041479215,,,8.07394097,0.0594,,,12.744,11.67,5.8,-5.8,0.03663,0.001603,-0.007953,3675.0,0.39795093221839195,0.049,-0.049,<a refstr=Q1_Q17_DR25_KOI_TABLE href=https://exoplanetarchive.ipac.caltech.edu/docs/Kepler_KOI_docs.html target=ref>Q1-Q17 DR25 KOI Table</a>,,2017-05-08,False,False,True,True,False,False,False,True,,,,<a refstr=Q1_Q17_DR25_KOI_TABLE href=https://exoplanetarchive.ipac.caltech.edu/docs/Kepler_KOI_docs.html target=ref>Q1-Q17 DR25 KOI Table</a>,,2017-05-08,True,0.02588076282187556,55.485962660800006,497.04634159483857,16.945113611012694
Kepler-1582 b,0.79,0.12,-0.12,0.3932340345354171,,,4.83809469,0.0316,,,12.435,34.95,6.1,-6.1,0.036066,0.002674,-0.002052,3187.0,0.2008160561551928,0.03,-0.03,<a refstr=Q1_Q17_DR25_KOI_TABLE href=https://exoplanetarchive.ipac.caltech.edu/docs/Kepler_KOI_docs.html target=ref>Q1-Q17 DR25 KOI Table</a>,,2017-05-08,False,False,True,True,False,False,False,True,,,,<a refstr=Q1_Q17_DR25_KOI_TABLE href=https://exoplanetarchive.ipac.caltech.edu/docs/Kepler_KOI_docs.html target=ref>Q1-Q17 DR25 KOI Table</a>,,2017-05-08,True,0.003727466659417141,3.498882493881049,100.24924184977925,7.891979719703927
Kepler-1649 b,1.017,0.051,-0.051,0.9467586167513007,,,8.689099,,,,12.589,44.77,0.93,-0.93,0.0402,0.0018,-0.0018,3240.0,0.23193389455492056,0.0049,-0.0049,<a refstr=VANDERBURG_ET_AL__2020 href=https://ui.adsabs.harvard.edu/abs/2020ApJ...893L..27V/abstract target=ref>Vanderburg et al. 2020</a>,2020-04-01,2020-04-23,False,False,True,True,False,False,False,True,,,,<a refstr=VANDERBURG_ET_AL__2020 href=https://ui.adsabs.harvard.edu/abs/2020ApJ...893L..27V/abstract target=ref>Vanderburg et al. 2020</a>,2020-04-01,2020-04-23,True,0.005311254698611019,2.2777251425212914,52.7695072408967,10.792774754471221
Kepler-1350 c,1.4,0.14,-0.17,2.6433182320449253,,,1.766789509,0.0222,,,13.122,10.402,0.15,-0.15,0.028909,0.000972,-0.00096,3698.0,0.44398090007493857,0.043,-0.053,<a refstr=Q1_Q17_DR25_KOI_TABLE href=https://exoplanetarchive.ipac.caltech.edu/docs/Kepler_KOI_docs.html target=ref>Q1-Q17 DR25 KOI Table</a>,,2017-05-08,False,False,True,True,False,False,False,True,,,,<a refstr=Q1_Q17_DR25_KOI_TABLE href=https://exoplanetarchive.ipac.caltech.edu/docs/Kepler_KOI_docs.html target=ref>Q1-Q17 DR25 KOI Table</a>,,2017-05-08,True,0.033028195622142154,71.60269885963444,554.1131836747322,15.370382120151753
Kepler-1646 b,0.95,0.16,-0.12,0.7279225088623471,,,4.48559215,0.0295,,,12.029,39.8,10.9,-10.9,0.04497,0.001836,-0.003309,3236.0,0.19367342749536323,0.034,-0.025,<a refstr=Q1_Q17_DR25_KOI_TABLE href=https://exoplanetarchive.ipac.caltech.edu/docs/Kepler_KOI_docs.html target=ref>Q1-Q17 DR25 KOI Table</a>,,2017-05-08,False,False,True,True,False,False,False,True,,,,<a refstr=Q1_Q17_DR25_KOI_TABLE href=https://exoplanetarchive.ipac.caltech.edu/docs/Kepler_KOI_docs.html target=ref>Q1-Q17 DR25 KOI Table</a>,,2017-05-08,True,0.003685214531476987,2.8678958221804063,82.73432086856069,9.79162400663987
Kepler-1649 c,1.06,0.15,-0.1,1.0947906310468514,,,19.53527,,,,12.589,76.8,1.6,-1.6,0.042,0.0055,-0.0038,3240.0,0.2313800420184079,0.0049,-0.0049,<a refstr=VANDERBURG_ET_AL__2020 href=https://ui.adsabs.harvard.edu/abs/2020ApJ...893L..27V/abstract target=ref>Vanderburg et al. 2020</a>,2020-04-01,2020-04-23,False,False,True,True,False,False,False,True,,,,<a refstr=VANDERBURG_ET_AL__2020 href=https://ui.adsabs.harvard.edu/abs/2020ApJ...893L..27V/abstract target=ref>Vanderburg et al. 2020</a>,2020-04-01,2020-04-23,True,0.005285918689868425,0.7740215716578953,17.9837715672049,11.368065313437041
Kepler-155 b,1.73,0.28,-0.27,4.173127287513892,,,5.9311924,0.0526,0.0022,-0.0031,11.805,20.69,0.21,-0.49,0.03065,0.0002,-0.00023,4057.0,0.5174697236928658,0.045,-0.135,<a refstr=TORRES_ET_AL__2017 href=https://ui.adsabs.harvard.edu/abs/2017AJ....154..264T/abstract target=ref>Torres et al. 2017</a>,2017-12-01,2017-11-17,False,False,True,False,False,False,False,True,,,,<a refstr=TORRES_ET_AL__2017 href=https://ui.adsabs.harvard.edu/abs/2017AJ....154..264T/abstract target=ref>Torres et al. 2017</a>,2017-12-01,2017-11-17,True,0.06499479333516936,26.217695382044866,135.1659723256608,17.37327607150039
Kepler-1735 b,0.9,0.06,-0.07,0.6206982237967852,,,7.71790675,0.0621,,,12.247,32.37,3.5,-3.5,0.016108,0.000997,-0.000822,3975.0,0.5122361318351024,0.037,-0.037,<a refstr=Q1_Q17_DR25_KOI_TABLE href=https://exoplanetarchive.ipac.caltech.edu/docs/Kepler_KOI_docs.html target=ref>Q1-Q17 DR25 KOI Table</a>,,2017-05-08,False,False,True,True,False,False,False,True,,,,<a refstr=Q1_Q17_DR25_KOI_TABLE href=https://exoplanetarchive.ipac.caltech.edu/docs/Kepler_KOI_docs.html target=ref>Q1-Q17 DR25 KOI Table</a>,,2017-05-08,True,0.05869182267912408,9.87094192692281,54.101840387578356,9.289513136848118
Kepler-1749 b,1.36,0.07,-0.09,2.571916613289803,,,14.53410833,0.0956,,,11.809,22.7,11.1,-11.1,0.022589,0.004076,-0.002141,3957.0,0.5519645979004415,0.027,-0.039,<a refstr=Q1_Q17_DR25_KOI_TABLE href=https://exoplanetarchive.ipac.caltech.edu/docs/Kepler_KOI_docs.html target=ref>Q1-Q17 DR25 KOI Table</a>,,2017-05-08,False,False,True,True,False,False,False,True,,,,<a refstr=Q1_Q17_DR25_KOI_TABLE href=https://exoplanetarchive.ipac.caltech.edu/docs/Kepler_KOI_docs.html target=ref>Q1-Q17 DR25 KOI Table</a>,,2017-05-08,True,0.06692298361035022,19.71096788611989,99.8533807705085,15.382713247893598
Kepler-1741 b,1.01,0.11,-0.13,0.9100365034236604,,,2.757584622,0.0296,,,12.611,23.14,9.0,-9.0,0.021901,0.000626,-0.001319,3683.0,0.4227919885807257,0.045,-0.055,<a refstr=Q1_Q17_DR25_KOI_TABLE href=https://exoplanetarchive.ipac.caltech.edu/docs/Kepler_KOI_docs.html target=ref>Q1-Q17 DR25 KOI Table</a>,,2017-05-08,False,False,True,True,False,False,False,True,,,,<a refstr=Q1_Q17_DR25_KOI_TABLE href=https://exoplanetarchive.ipac.caltech.edu/docs/Kepler_KOI_docs.html target=ref>Q1-Q17 DR25 KOI Table</a>,,2017-05-08,True,0.02946788866939462,14.235595195717691,117.96854355690233,10.617998907250627
Kepler-303 b,0.89,0.05,-0.05,0.5973863897376969,,,1.937055,0.024,,,11.596,10.64076646617143,,,0.016823547891391743,0.001282700114714609,-0.001282700114714609,3944.0,0.4849999999822571,0.025,-0.025,<a refstr=ROWE_ET_AL__2014 href=https://ui.adsabs.harvard.edu/abs/2014ApJ...784...45R/abstract target=ref> Rowe et al. 2014</a>,2014-03-01,2014-05-14,False,False,True,True,False,True,False,True,,,,<a refstr=ROWE_ET_AL__2014 href=https://ui.adsabs.harvard.edu/abs/2014ApJ...784...45R/abstract target=ref> Rowe et al. 2014</a>,2014-03-01,2014-05-14,True,0.050994078546094744,88.53138637122483,527.9410307937167,9.164454413196154
Kepler-225 b,1.2,0.07,-0.07,1.6969462593623765,,,6.738975,0.056,,,13.253,25.08708482823056,,,0.022919721144171335,0.0016430241359339688,-0.0016430241359339688,3682.0,0.47999999998244003,0.02,-0.02,<a refstr=ROWE_ET_AL__2014 href=https://ui.adsabs.harvard.edu/abs/2014ApJ...784...45R/abstract target=ref> Rowe et al. 2014</a>,2014-03-01,2014-05-14,False,False,True,True,False,True,False,True,,,,<a refstr=ROWE_ET_AL__2014 href=https://ui.adsabs.harvard.edu/abs/2014ApJ...784...45R/abstract target=ref> Rowe et al. 2014</a>,2014-03-01,2014-05-14,True,0.03794078023456561,12.098463085886921,86.152215263937,13.302013309838983
Kepler-249 b,1.09,0.05,-0.05,1.2134736316680255,,,3.306539,0.035,,,11.966,15.614368150350971,,,0.020732361864852084,0.001226333499661398,-0.001226333499661398,3568.0,0.4819999999823668,0.018,-0.018,<a refstr=ROWE_ET_AL__2014 href=https://ui.adsabs.harvard.edu/abs/2014ApJ...784...45R/abstract target=ref> Rowe et al. 2014</a>,2014-03-01,2014-05-14,False,False,True,True,False,True,False,True,,,,<a refstr=ROWE_ET_AL__2014 href=https://ui.adsabs.harvard.edu/abs/2014ApJ...784...45R/abstract target=ref> Rowe et al. 2014</a>,2014-03-01,2014-05-14,True,0.03373510805676557,27.53886372182339,210.42471787077335,11.802550831374482
Kepler-32 e,1.43,0.18,-0.19,4.08181,,,2.8960052,,,,12.757,13.5,1.5,-1.5,0.02262,0.00053,-0.00053,3787.0,0.5795791553486469,0.016,-0.016,<a refstr=OFIR_ET_AL__2025 href=https://ui.adsabs.harvard.edu/abs/2025AJ....169...90O/abstract target=ref>Ofir et al. 2025</a>,2025-02-01,2025-04-16,True,False,True,True,False,False,False,True,<a refstr=OFIR_ET_AL__2025 href=https://ui.adsabs.harvard.edu/abs/2025AJ....169...90O/abstract target=ref>Ofir et al. 2025</a>,2025-02-01,2025-04-16,<a refstr=DRESSING__AMP__CHARBONNEAU_2013 href=https://ui.adsabs.harvard.edu/abs/2013ApJ...767...95D/abstract target=ref>Dressing &amp; Charbonneau 2013</a>,2013-04-01,2016-03-10,True,0.06190067459946982,46.7529637972777,248.1943655193584,18.898717386143744
Kepler-186 b,1.07,0.12,-0.12,1.1440308794316423,,,3.8867907,0.0343,0.0046,-0.0046,11.605,15.626277414194456,2.7120942995496584,-2.7120942995496584,0.02075,0.00055,-0.00045,3788.0,0.4727537662335645,0.052,-0.052,<a refstr=QUINTANA_ET_AL__2014 href=https://ui.adsabs.harvard.edu/abs/2014Sci...344..277Q/abstract target=ref> Quintana et al. 2014 </a>,2014-04-01,2014-05-14,False,False,True,False,False,False,False,True,,,,<a refstr=QUINTANA_ET_AL__2014 href=https://ui.adsabs.harvard.edu/abs/2014Sci...344..277Q/abstract target=ref> Quintana et al. 2014 </a>,2014-04-01,2014-05-14,True,0.041228593799378134,34.93206702877405,236.64927123490625,11.566472811132384
Kepler-249 d,1.57,0.14,-0.14,3.6693906800337586,,,15.368459,0.097,,,11.966,43.27410601668697,,,0.029862209291575934,0.0028869583511069467,-0.0028869583511069467,3568.0,0.48199999998236687,0.018,-0.018,<a refstr=ROWE_ET_AL__2014 href=https://ui.adsabs.harvard.edu/abs/2014ApJ...784...45R/abstract target=ref> Rowe et al. 2014</a>,2014-03-01,2014-05-14,False,False,True,True,False,True,False,True,,,,<a refstr=ROWE_ET_AL__2014 href=https://ui.adsabs.harvard.edu/abs/2014ApJ...784...45R/abstract target=ref> Rowe et al. 2014</a>,2014-03-01,2014-05-14,True,0.03373510805676559,3.5854084450243042,27.396139801434526,17.10098425846435
Kepler-296 b,1.61,0.29,-0.27,3.647042611097878,,,10.864384,0.079,0.013,-0.013,12.6,35.5,1.4,-1.7,0.0308,0.0018,-0.0021,3740.0,0.4792305329969598,0.066,-0.087,<a refstr=BARCLAY_ET_AL__2015 href=https://ui.adsabs.harvard.edu/abs/2015ApJ...809....7B/abstract target=ref>Barclay et al. 2015</a>,2015-08-01,2015-09-03,False,False,True,False,False,False,False,True,,,,<a refstr=BARCLAY_ET_AL__2015 href=https://ui.adsabs.harvard.edu/abs/2015ApJ...809....7B/abstract target=ref>Barclay et al. 2015</a>,2015-08-01,2015-09-03,True,0.040259095711254064,6.431690927538629,44.19842126934613,16.83571004273391
Kepler-1761 b,1.75,0.14,-0.09,4.373302403077746,,,4.04355245,0.0413,,,11.791,4.9,2.4,-2.4,0.030112,0.005941,-0.011802,3871.0,0.5328043570780088,0.042,-0.027,<a refstr=Q1_Q17_DR25_KOI_TABLE href=https://exoplanetarchive.ipac.caltech.edu/docs/Kepler_KOI_docs.html target=ref>Q1-Q17 DR25 KOI Table</a>,,2017-05-08,False,False,True,True,False,False,False,True,,,,<a refstr=Q1_Q17_DR25_KOI_TABLE href=https://exoplanetarchive.ipac.caltech.edu/docs/Kepler_KOI_docs.html target=ref>Q1-Q17 DR25 KOI Table</a>,,2017-05-08,True,0.057110618948364805,387.43244643586564,2158.5686671722196,17.6831522711317
Kepler-327 b,1.11,0.05,-0.05,1.281822682347411,,,2.549575,0.029,,,11.956,12.674659582207077,,,0.020683650788642427,0.001149130407535601,-0.001149130407535601,3799.0,0.49199999998200106,0.016,-0.016,<a refstr=ROWE_ET_AL__2014 href=https://ui.adsabs.harvard.edu/abs/2014ApJ...784...45R/abstract target=ref> Rowe et al. 2014</a>,2014-03-01,2014-05-14,False,False,True,True,False,True,False,True,,,,<a refstr=ROWE_ET_AL__2014 href=https://ui.adsabs.harvard.edu/abs/2014ApJ...784...45R/abstract target=ref> Rowe et al. 2014</a>,2014-03-01,2014-05-14,True,0.0451747778992771,53.71555041924151,344.47873261260713,12.0206082397831
Kepler-1805 b,1.15,0.07,-0.07,1.4590084487257151,,,8.84784273,0.0699,,,11.811,33.45,3.7,-3.7,0.019043,0.000876,-0.000888,3867.0,0.5536455246512164,0.033,-0.033,<a refstr=Q1_Q17_DR25_KOI_TABLE href=https://exoplanetarchive.ipac.caltech.edu/docs/Kepler_KOI_docs.html target=ref>Q1-Q17 DR25 KOI Table</a>,,2017-05-08,False,False,True,True,False,False,False,True,,,,<a refstr=Q1_Q17_DR25_KOI_TABLE href=https://exoplanetarchive.ipac.caltech.edu/docs/Kepler_KOI_docs.html target=ref>Q1-Q17 DR25 KOI Table</a>,,2017-05-08,True,0.06141138923000179,8.279419879006465,44.16218519080082,12.599518248011389
Kepler-1798 b,1.7,0.08,-0.1,4.409795344474629,,,16.85592593,0.1082,,,12.776,57.21,6.0,-6.0,0.026549,0.001281,-0.000973,3967.0,0.5870432173515516,0.026,-0.035,<a refstr=Q1_Q17_DR25_KOI_TABLE href=https://exoplanetarchive.ipac.caltech.edu/docs/Kepler_KOI_docs.html target=ref>Q1-Q17 DR25 KOI Table</a>,,2017-05-08,False,False,True,True,False,False,False,True,,,,<a refstr=Q1_Q17_DR25_KOI_TABLE href=https://exoplanetarchive.ipac.caltech.edu/docs/Kepler_KOI_docs.html target=ref>Q1-Q17 DR25 KOI Table</a>,,2017-05-08,True,0.07646762425209763,3.134731659095175,14.659319540374344,18.016014108573653
Kepler-303 c,1.14,0.09,-0.09,1.4124700449614878,,,7.061149,0.057,,,11.596,25.271820357157146,,,0.02154926359122088,0.002031778746734905,-0.002031778746734905,3944.0,0.4849999999822572,0.025,-0.025,<a refstr=ROWE_ET_AL__2014 href=https://ui.adsabs.harvard.edu/abs/2014ApJ...784...45R/abstract target=ref> Rowe et al. 2014</a>,2014-03-01,2014-05-14,False,False,True,True,False,True,False,True,,,,<a refstr=ROWE_ET_AL__2014 href=https://ui.adsabs.harvard.edu/abs/2014ApJ...784...45R/abstract target=ref> Rowe et al. 2014</a>,2014-03-01,2014-05-14,True,0.050994078546094744,15.695315035341793,93.59619382492481,12.451198422769153
Kepler-1826 b,1.37,0.09,-0.13,2.5858011501431495,,,1.615357809,0.0213,,,12.674,4.75,2.3,-2.3,0.025766,7.5e-05,-0.004779,3821.0,0.48746437889258737,0.034,-0.047,<a refstr=Q1_Q17_DR25_KOI_TABLE href=https://exoplanetarchive.ipac.caltech.edu/docs/Kepler_KOI_docs.html target=ref>Q1-Q17 DR25 KOI Table</a>,,2017-05-08,False,False,True,True,False,False,False,True,,,,<a refstr=Q1_Q17_DR25_KOI_TABLE href=https://exoplanetarchive.ipac.caltech.edu/docs/Kepler_KOI_docs.html target=ref>Q1-Q17 DR25 KOI Table</a>,,2017-05-08,True,0.045381888865998844,391.39601105647637,2503.149879902694,15.367783557287336
Kepler-1855 b,0.67,0.11,-0.1,0.23303835565972922,,,0.727331746,0.0115,,,12.032,6.74,1.6,-1.6,0.017336,0.001111,-0.000534,3460.0,0.35431963927164317,0.057,-0.057,<a refstr=Q1_Q17_DR25_KOI_TABLE href=https://exoplanetarchive.ipac.caltech.edu/docs/Kepler_KOI_docs.html target=ref>Q1-Q17 DR25 KOI Table</a>,,2017-05-08,False,False,True,True,False,False,False,True,,,,<a refstr=Q1_Q17_DR25_KOI_TABLE href=https://exoplanetarchive.ipac.caltech.edu/docs/Kepler_KOI_docs.html target=ref>Q1-Q17 DR25 KOI Table</a>,,2017-05-08,True,0.01612068499424845,130.70134771587894,1555.428208146941,6.5970573403396875
Kepler-186 e,1.27,0.15,-0.14,2.0224356470205853,,,22.407704,0.11,0.015,-0.015,11.605,50.11342610966153,8.785207796790647,-8.785207796790647,0.02465,0.00065,-0.00055,3788.0,0.47234151484028775,0.052,-0.052,<a refstr=QUINTANA_ET_AL__2014 href=https://ui.adsabs.harvard.edu/abs/2014Sci...344..277Q/abstract target=ref> Quintana et al. 2014 </a>,2014-04-01,2014-05-14,False,False,True,False,False,False,False,True,,,,<a refstr=QUINTANA_ET_AL__2014 href=https://ui.adsabs.harvard.edu/abs/2014Sci...344..277Q/abstract target=ref> Quintana et al. 2014 </a>,2014-04-01,2014-05-14,True,0.04115672071967093,3.396465085841517,23.033646443070502,14.115928564655318
Kepler-231 b,1.73,0.12,-0.12,91.0363,,,10.065243,0.074,,,12.589,46.0,23.0,-23.0,0.0312,0.0031,-0.0031,3767.0,0.5083476612559724,0.017,-0.017,<a refstr=OFIR_ET_AL__2025 href=https://ui.adsabs.harvard.edu/abs/2025AJ....169...90O/abstract target=ref>Ofir et al. 2025</a>,2025-02-01,2025-04-16,True,False,True,True,False,False,False,True,<a refstr=OFIR_ET_AL__2025 href=https://ui.adsabs.harvard.edu/abs/2025AJ....169...90O/abstract target=ref>Ofir et al. 2025</a>,2025-02-01,2025-04-16,<a refstr=ROWE_ET_AL__2014 href=https://ui.adsabs.harvard.edu/abs/2014ApJ...784...45R/abstract target=ref> Rowe et al. 2014</a>,2014-03-01,2014-05-14,True,0.04662220254957978,3.94241447893598,24.80884861642926,81.14433477603265
Kepler-235 c,1.201,0.067,-0.067,1.6999638915104702,,,7.825046,0.06141,0.00074,-0.00099,13.116,24.96,0.22,-0.41,0.02239,0.00069,-0.00069,3996.0,0.49176570063676217,0.02,-0.026,<a refstr=TORRES_ET_AL__2017 href=https://ui.adsabs.harvard.edu/abs/2017AJ....154..264T/abstract target=ref>Torres et al. 2017</a>,2017-12-01,2017-11-17,False,False,True,False,False,False,False,True,,,,<a refstr=TORRES_ET_AL__2017 href=https://ui.adsabs.harvard.edu/abs/2017AJ....154..264T/abstract target=ref>Torres et al. 2017</a>,2017-12-01,2017-11-17,True,0.05524678800870209,16.955407030578503,96.36603710289323,13.30829138922426
Kepler-236 b,1.57,0.12,-0.12,3.786595270658397,,,8.295611,0.065,,,12.312,27.406059056050186,,,0.028222715448116862,0.0023997524031286067,-0.0023997524031286067,3750.0,0.5099999999813425,0.019,-0.019,<a refstr=ROWE_ET_AL__2014 href=https://ui.adsabs.harvard.edu/abs/2014ApJ...784...45R/abstract target=ref> Rowe et al. 2014</a>,2014-03-01,2014-05-14,False,False,True,True,False,True,False,True,,,,<a refstr=ROWE_ET_AL__2014 href=https://ui.adsabs.harvard.edu/abs/2014ApJ...784...45R/abstract target=ref> Rowe et al. 2014</a>,2014-03-01,2014-05-14,True,0.04608441399276215,10.907553608552362,69.11859707087076,17.371950152264414
Kepler-327 d,1.73,0.1,-0.1,4.414126641821704,,,13.969457,0.09,,,11.956,39.335150427539205,,,0.03223668095887513,0.002138050927865802,-0.002138050927865802,3799.0,0.49199999998200106,0.016,-0.016,<a refstr=ROWE_ET_AL__2014 href=https://ui.adsabs.harvard.edu/abs/2014ApJ...784...45R/abstract target=ref> Rowe et al. 2014</a>,2014-03-01,2014-05-14,False,False,True,True,False,True,False,True,,,,<a refstr=ROWE_ET_AL__2014 href=https://ui.adsabs.harvard.edu/abs/2014ApJ...784...45R/abstract target=ref> Rowe et al. 2014</a>,2014-03-01,2014-05-14,True,0.0451747778992771,5.577133074392853,35.766248657679334,17.86789120963992
Kepler-327 c,1.18,0.11,-0.11,20.3,27.1,-17.7,5.212,0.047,,,11.956,20.54168966771492,,,0.01999650347513654,0.001121442734373067,-0.001121442734373067,3799.0,0.5409999999802085,0.016,-0.016,<a refstr=HADDEN_ET_AL__2014 href=https://ui.adsabs.harvard.edu/abs/2014ApJ...787...80H/abstract target=ref> Hadden et al. 2014 </a>,2014-05-01,2014-05-28,True,False,False,True,False,True,False,True,<a refstr=HADDEN_ET_AL__2014 href=https://ui.adsabs.harvard.edu/abs/2014ApJ...787...80H/abstract target=ref> Hadden et al. 2014 </a>,2014-05-01,2014-05-28,<a refstr=ROWE_ET_AL__2014 href=https://ui.adsabs.harvard.edu/abs/2014ApJ...784...45R/abstract target=ref> Rowe et al. 2014</a>,2014-03-01,2014-05-14,True,0.05462108851517915,20.450329516786827,117.02646855815927,46.396046171021375
Kepler-32 f,0.81,0.05,-0.05,969.228,,,0.74295791,0.013,0.0002,-0.0002,12.757,8.6,3.8,-3.8,0.0271,0.0045,-0.0045,3793.0,0.27402175831881354,0.016,-0.016,<a refstr=OFIR_ET_AL__2025 href=https://ui.adsabs.harvard.edu/abs/2025AJ....169...90O/abstract target=ref>Ofir et al. 2025</a>,2025-02-01,2025-04-16,True,False,True,False,False,False,False,True,<a refstr=OFIR_ET_AL__2025 href=https://ui.adsabs.harvard.edu/abs/2025AJ....169...90O/abstract target=ref>Ofir et al. 2025</a>,2025-02-01,2025-04-16,<a refstr=SWIFT_ET_AL__2013 href=https://ui.adsabs.harvard.edu/abs/2013ApJ...764..105S/abstract target=ref> Swift et al. 2013 </a>,2013-02-01,2014-05-14,True,0.01392483682237967,115.93910193978517,1506.4539595648766,386.94070909063737
Kepler-2000 c,1.57,0.06,-0.1,3.873853276455957,,,20.6180348,0.1228,,,12.29,48.85,6.9,-6.9,0.024893,0.00144,-0.000914,3757.0,0.5782181688833422,0.022,-0.036,<a refstr=Q1_Q17_DR25_KOI_TABLE href=https://exoplanetarchive.ipac.caltech.edu/docs/Kepler_KOI_docs.html target=ref>Q1-Q17 DR25 KOI Table</a>,,2017-05-08,False,False,True,True,False,False,False,True,,,,<a refstr=Q1_Q17_DR25_KOI_TABLE href=https://exoplanetarchive.ipac.caltech.edu/docs/Kepler_KOI_docs.html target=ref>Q1-Q17 DR25 KOI Table</a>,,2017-05-08,True,0.0596811103741524,3.458845057922543,18.768474345122993,17.570969069896442
Kepler-1902 b,1.05,0.06,-0.07,1.0595273954175854,,,3.82223397,0.0385,,,12.677,10.9,5.3,-5.3,0.018736,0.0057,-0.001585,3729.0,0.5137853800277434,0.029,-0.037,<a refstr=Q1_Q17_DR25_KOI_TABLE href=https://exoplanetarchive.ipac.caltech.edu/docs/Kepler_KOI_docs.html target=ref>Q1-Q17 DR25 KOI Table</a>,,2017-05-08,False,False,True,True,False,False,False,True,,,,<a refstr=Q1_Q17_DR25_KOI_TABLE href=https://exoplanetarchive.ipac.caltech.edu/docs/Kepler_KOI_docs.html target=ref>Q1-Q17 DR25 KOI Table</a>,,2017-05-08,True,0.04573215469947029,67.42360991036081,429.2190637574196,11.236612449694988
Kepler-186 f,1.17,0.08,-0.08,1.5438369621085017,,,129.9441,0.432,0.171,-0.053,11.605,178.0,65.0,-21.0,0.0205,0.0012,-0.0013,3755.0,0.5232404631746232,0.023,-0.021,<a refstr=TORRES_ET_AL__2015 href=https://ui.adsabs.harvard.edu/abs/2015ApJ...800...99T/abstract target=ref>Torres et al. 2015</a>,2015-02-01,2015-01-14,False,False,True,False,False,False,False,True,,,,<a refstr=TORRES_ET_AL__2015 href=https://ui.adsabs.harvard.edu/abs/2015ApJ...800...99T/abstract target=ref>Torres et al. 2015</a>,2015-02-01,2015-01-14,True,0.04876756309578698,0.2599532338244193,1.5922695566953748,12.849367281677683
Kepler-1948 b,0.72,0.05,-0.04,0.29032374394436994,,,15.5714121,0.1022,,,10.871,49.9,14.2,-14.2,0.011886,0.00075,-0.000729,3872.0,0.5553491241191202,0.033,-0.033,<a refstr=Q1_Q17_DR25_KOI_TABLE href=https://exoplanetarchive.ipac.caltech.edu/docs/Kepler_KOI_docs.html target=ref>Q1-Q17 DR25 KOI Table</a>,,2017-05-08,False,False,True,True,False,False,False,True,,,,<a refstr=Q1_Q17_DR25_KOI_TABLE href=https://exoplanetarchive.ipac.caltech.edu/docs/Kepler_KOI_docs.html target=ref>Q1-Q17 DR25 KOI Table</a>,,2017-05-08,True,0.06211009926753139,3.739691411809545,19.812461378909152,7.10311729519813
Kepler-1904 b,1.33,0.08,-0.07,2.3928824531923674,,,4.5770016,0.0436,,,12.752,35.8,13.4,-13.4,0.024527,0.001348,-0.001164,3805.0,0.49713750757341224,0.028,-0.028,<a refstr=Q1_Q17_DR25_KOI_TABLE href=https://exoplanetarchive.ipac.caltech.edu/docs/Kepler_KOI_docs.html target=ref>Q1-Q17 DR25 KOI Table</a>,,2017-05-08,False,False,True,True,False,False,False,True,,,,<a refstr=Q1_Q17_DR25_KOI_TABLE href=https://exoplanetarchive.ipac.caltech.edu/docs/Kepler_KOI_docs.html target=ref>Q1-Q17 DR25 KOI Table</a>,,2017-05-08,True,0.04641521345089898,6.775604609982639,42.75154788422445,15.004060915690832
Kepler-296 e,1.53,0.27,-0.25,3.2467893655491626,,,34.14211,0.169,0.029,-0.028,12.6,76.2,3.0,-3.7,0.0291,0.0018,-0.0015,3740.0,0.4820230013649384,0.066,-0.087,<a refstr=BARCLAY_ET_AL__2015 href=https://ui.adsabs.harvard.edu/abs/2015ApJ...809....7B/abstract target=ref>Barclay et al. 2015</a>,2015-08-01,2015-09-03,False,False,True,False,False,False,False,True,,,,<a refstr=BARCLAY_ET_AL__2015 href=https://ui.adsabs.harvard.edu/abs/2015ApJ...809....7B/abstract target=ref>Barclay et al. 2015</a>,2015-08-01,2015-09-03,True,0.04072964082401606,1.395956643215216,9.526329120454482,16.295035038543464
Kepler-249 c,1.51,0.09,-0.09,3.5718098363274526,,,7.113702,0.058,,,11.966,25.87523864915304,,,0.02872097836323545,0.0020201038215374566,-0.0020201038215374566,3568.0,0.48199999998236687,0.018,-0.018,<a refstr=ROWE_ET_AL__2014 href=https://ui.adsabs.harvard.edu/abs/2014ApJ...784...45R/abstract target=ref> Rowe et al. 2014</a>,2014-03-01,2014-05-14,False,False,True,True,False,True,False,True,,,,<a refstr=ROWE_ET_AL__2014 href=https://ui.adsabs.harvard.edu/abs/2014ApJ...784...45R/abstract target=ref> Rowe et al. 2014</a>,2014-03-01,2014-05-14,True,0.03373510805676559,10.028272312495146,76.62612348147961,17.20400846081617
Kepler-186 c,1.25,0.14,-0.14,1.904095845168748,,,7.267302,0.0451,0.007,-0.007,11.605,20.546504704961226,3.910732377219954,-3.910732377219954,0.02424,0.00056,-0.00047,3788.0,0.47276652523376356,0.052,-0.052,<a refstr=QUINTANA_ET_AL__2014 href=https://ui.adsabs.harvard.edu/abs/2014Sci...344..277Q/abstract target=ref> Quintana et al. 2014 </a>,2014-04-01,2014-05-14,False,False,True,False,False,False,False,True,,,,<a refstr=QUINTANA_ET_AL__2014 href=https://ui.adsabs.harvard.edu/abs/2014Sci...344..277Q/abstract target=ref> Quintana et al. 2014 </a>,2014-04-01,2014-05-14,True,0.041230819240072915,20.20502728043735,136.87567145812326,13.805856432459533
Kepler-186 d,1.4,0.16,-0.16,2.7002565221858887,,,13.342996,0.0781,0.01,-0.01,11.605,35.58053253785969,6.010036198277586,-6.010036198277586,0.02715,0.00079,-0.00056,3788.0,0.4727456294757421,0.052,-0.052,<a refstr=QUINTANA_ET_AL__2014 href=https://ui.adsabs.harvard.edu/abs/2014Sci...344..277Q/abstract target=ref> Quintana et al. 2014 </a>,2014-04-01,2014-05-14,False,False,True,False,False,False,False,True,,,,<a refstr=QUINTANA_ET_AL__2014 href=https://ui.adsabs.harvard.edu/abs/2014Sci...344..277Q/abstract target=ref> Quintana et al. 2014 </a>,2014-04-01,2014-05-14,True,0.04122717460731606,6.737681185958177,45.64574645448995,15.535042677600591
Kepler-42 b,0.92,0.14,-0.14,0.705944,,,1.21377042,0.01153,0.00055,-0.00055,11.465,10.8,5.2,-5.2,0.048,0.0033,-0.0033,3203.0,0.17571786209888526,0.005,-0.005,<a refstr=OFIR_ET_AL__2025 href=https://ui.adsabs.harvard.edu/abs/2025AJ....169...90O/abstract target=ref>Ofir et al. 2025</a>,2025-02-01,2025-04-16,True,False,True,False,False,False,False,True,<a refstr=OFIR_ET_AL__2025 href=https://ui.adsabs.harvard.edu/abs/2025AJ....169...90O/abstract target=ref>Ofir et al. 2025</a>,2025-02-01,2025-04-16,<a refstr=MUIRHEAD_ET_AL__2012 href=https://ui.adsabs.harvard.edu/abs/2012ApJ...750L..37M/abstract target=ref>Muirhead et al. 2012</a>,2012-05-01,2016-02-25,True,0.0029117106998304007,37.383133991658006,1242.1864110178847,9.798625709127695
Kepler-445 d,1.25,0.19,-0.19,1.8885014537887306,,,8.15275,,,,12.61,42.95,0.58,-0.58,0.0533,0.0029,-0.0029,3157.0,0.21500676494683732,0.03,-0.03,<a refstr=MUIRHEAD_ET_AL__2015 href=https://ui.adsabs.harvard.edu/abs/2015ApJ...801...18M/abstract target=ref>Muirhead et al. 2015</a>,2015-03-01,2025-05-19,False,False,True,True,False,False,False,True,,,,<a refstr=MUIRHEAD_ET_AL__2015 href=https://ui.adsabs.harvard.edu/abs/2015ApJ...801...18M/abstract target=ref>Muirhead et al. 2015</a>,2015-03-01,2025-05-19,True,0.004114255167888444,2.2308350273556075,60.24107606809303,13.749205777645937
Kepler-777 b,1.38,0.09,-0.08,2.702738257387444,,,5.72812616,0.0519,,,13.046,21.55,2.7,-2.7,0.023129,0.000892,-0.000879,3968.0,0.5470053210739649,0.033,-0.033,<a refstr=Q1_Q17_DR25_KOI_TABLE href=https://exoplanetarchive.ipac.caltech.edu/docs/Kepler_KOI_docs.html target=ref>Q1-Q17 DR25 KOI Table</a>,,2017-05-08,False,False,True,True,False,False,False,True,,,,<a refstr=Q1_Q17_DR25_KOI_TABLE href=https://exoplanetarchive.ipac.caltech.edu/docs/Kepler_KOI_docs.html target=ref>Q1-Q17 DR25 KOI Table</a>,,2017-05-08,True,0.06645970393962172,22.115031822164614,112.50000124690682,15.654399327097785
Kepler-779 b,0.74,0.09,-0.11,0.3213667746398015,,,7.09712124,0.0533,,,12.608,26.17,2.5,-2.5,0.017457,0.000782,-0.000649,3569.0,0.3886256205777926,0.047,-0.057,<a refstr=Q1_Q17_DR25_KOI_TABLE href=https://exoplanetarchive.ipac.caltech.edu/docs/Kepler_KOI_docs.html target=ref>Q1-Q17 DR25 KOI Table</a>,,2017-05-08,False,False,True,True,False,False,False,True,,,,<a refstr=Q1_Q17_DR25_KOI_TABLE href=https://exoplanetarchive.ipac.caltech.edu/docs/Kepler_KOI_docs.html target=ref>Q1-Q17 DR25 KOI Table</a>,,2017-05-08,True,0.021955215045107987,9.814636291185915,97.04017992233304,7.371546065161652
Kepler-844 b,1.5,0.08,-0.13,3.323246491627994,,,2.613020421,0.0298,,,13.058,5.28,2.6,-2.6,0.02652,1.5e-05,-0.00398,3883.0,0.5185457272247254,0.029,-0.045,<a refstr=Q1_Q17_DR25_KOI_TABLE href=https://exoplanetarchive.ipac.caltech.edu/docs/Kepler_KOI_docs.html target=ref>Q1-Q17 DR25 KOI Table</a>,,2017-05-08,False,False,True,True,False,False,False,True,,,,<a refstr=Q1_Q17_DR25_KOI_TABLE href=https://exoplanetarchive.ipac.caltech.edu/docs/Kepler_KOI_docs.html target=ref>Q1-Q17 DR25 KOI Table</a>,,2017-05-08,True,0.054768686893090814,337.82919692948286,1930.09099117205,16.64982237099482
Kepler-834 b,1.26,0.23,-0.31,1.9081919404244303,,,13.32389352,0.0862,,,13.484,32.33,2.0,-2.0,0.025595,0.000936,-0.000546,3751.0,0.45132015847781837,0.082,-0.11,<a refstr=Q1_Q17_DR25_KOI_TABLE href=https://exoplanetarchive.ipac.caltech.edu/docs/Kepler_KOI_docs.html target=ref>Q1-Q17 DR25 KOI Table</a>,,2017-05-08,False,False,True,True,False,False,False,True,,,,<a refstr=Q1_Q17_DR25_KOI_TABLE href=https://exoplanetarchive.ipac.caltech.edu/docs/Kepler_KOI_docs.html target=ref>Q1-Q17 DR25 KOI Table</a>,,2017-05-08,True,0.036128203529057885,7.846433729495984,57.539288980035906,13.76574475820092
Kepler-833 b,1.67,0.13,-0.18,3.9952636746790304,,,18.75470238,0.1139,,,12.885,48.55,1.4,-1.4,0.028262,0.00117,-0.000661,3976.0,0.5417300164088298,0.042,-0.058,<a refstr=Q1_Q17_DR25_KOI_TABLE href=https://exoplanetarchive.ipac.caltech.edu/docs/Kepler_KOI_docs.html target=ref>Q1-Q17 DR25 KOI Table</a>,,2017-05-08,False,False,True,True,False,False,False,True,,,,<a refstr=Q1_Q17_DR25_KOI_TABLE href=https://exoplanetarchive.ipac.caltech.edu/docs/Kepler_KOI_docs.html target=ref>Q1-Q17 DR25 KOI Table</a>,,2017-05-08,True,0.06571128331588516,4.392406222409049,22.496685074473245,17.301686734868728
Kepler-801 b,1.48,0.16,-0.23,3.027235257351384,,,11.41926141,0.0795,,,12.763,21.83,2.6,-2.6,0.027481,0.000611,-0.000493,3823.0,0.4937402174903771,0.054,-0.074,<a refstr=Q1_Q17_DR25_KOI_TABLE href=https://exoplanetarchive.ipac.caltech.edu/docs/Kepler_KOI_docs.html target=ref>Q1-Q17 DR25 KOI Table</a>,,2017-05-08,False,False,True,True,False,False,False,True,,,,<a refstr=Q1_Q17_DR25_KOI_TABLE href=https://exoplanetarchive.ipac.caltech.edu/docs/Kepler_KOI_docs.html target=ref>Q1-Q17 DR25 KOI Table</a>,,2017-05-08,True,0.04665549982396825,18.569712687876073,116.80554940550934,15.998018157744768
Kepler-504 b,1.57,0.21,-0.24,3.5591771718402816,,,9.549277089,0.0646,,,11.155,47.77,2.3,-2.3,0.038907,0.000597,-0.000362,3547.0,0.36994846372151635,0.05,-0.056,<a refstr=Q1_Q17_DR25_KOI_TABLE href=https://exoplanetarchive.ipac.caltech.edu/docs/Kepler_KOI_docs.html target=ref>Q1-Q17 DR25 KOI Table</a>,,2017-05-08,False,False,True,True,False,False,False,True,,,,<a refstr=Q1_Q17_DR25_KOI_TABLE href=https://exoplanetarchive.ipac.caltech.edu/docs/Kepler_KOI_docs.html target=ref>Q1-Q17 DR25 KOI Table</a>,,2017-05-08,True,0.019409567426985158,2.8736226294161447,30.59286998906574,16.84220441291018
Kepler-732 c,1.24,0.1,-0.15,1.8534864416150203,,,0.893040969,0.0143,,,11.721,6.394,0.193,-0.193,0.024717,0.0006,-0.000274,3582.0,0.4599337171619977,0.04,-0.055,<a refstr=Q1_Q17_DR25_KOI_TABLE href=https://exoplanetarchive.ipac.caltech.edu/docs/Kepler_KOI_docs.html target=ref>Q1-Q17 DR25 KOI Table</a>,,2017-05-08,False,False,True,True,False,False,False,True,,,,<a refstr=Q1_Q17_DR25_KOI_TABLE href=https://exoplanetarchive.ipac.caltech.edu/docs/Kepler_KOI_docs.html target=ref>Q1-Q17 DR25 KOI Table</a>,,2017-05-08,True,0.031201930777160963,166.82169358756934,1335.806783175748,13.675959966052341
Kepler-974 b,1.57,0.09,-0.12,3.780126035030859,,,4.194496867,0.0419,,,11.056,10.07,4.9,-4.9,0.027522,0.000575,-0.004017,3706.0,0.5229846987142299,0.032,-0.039,<a refstr=Q1_Q17_DR25_KOI_TABLE href=https://exoplanetarchive.ipac.caltech.edu/docs/Kepler_KOI_docs.html target=ref>Q1-Q17 DR25 KOI Table</a>,,2017-05-08,False,False,True,True,False,False,False,True,,,,<a refstr=Q1_Q17_DR25_KOI_TABLE href=https://exoplanetarchive.ipac.caltech.edu/docs/Kepler_KOI_docs.html target=ref>Q1-Q17 DR25 KOI Table</a>,,2017-05-08,True,0.04622620825468499,77.06517740858175,487.44455067219224,17.35710419272271
Kepler-369 c,1.41,0.06,-0.06,2.9581702972133175,,,14.871572,0.094,,,12.395,42.91512236312416,,,0.02744527117900771,0.0014245892995174254,-0.0014245892995174254,3591.0,0.47099999998276926,0.014,-0.014,<a refstr=ROWE_ET_AL__2014 href=https://ui.adsabs.harvard.edu/abs/2014ApJ...784...45R/abstract target=ref> Rowe et al. 2014</a>,2014-03-01,2014-05-14,False,False,True,True,False,True,False,True,,,,<a refstr=ROWE_ET_AL__2014 href=https://ui.adsabs.harvard.edu/abs/2014ApJ...784...45R/abstract target=ref> Rowe et al. 2014</a>,2014-03-01,2014-05-14,True,0.03305156901719822,3.7405578338180496,28.9348426682529,16.202274522021032
Kepler-353 c,1.38,0.07,-0.07,2.7352001166790005,,,8.410894,0.065,,,12.808,27.732321663860315,,,0.025102551729330506,0.0015021311999911147,-0.0015021311999911147,3903.0,0.5039999999815621,0.016,-0.016,<a refstr=ROWE_ET_AL__2014 href=https://ui.adsabs.harvard.edu/abs/2014ApJ...784...45R/abstract target=ref> Rowe et al. 2014</a>,2014-03-01,2014-05-14,False,False,True,True,False,True,False,True,,,,<a refstr=ROWE_ET_AL__2014 href=https://ui.adsabs.harvard.edu/abs/2014ApJ...784...45R/abstract target=ref> Rowe et al. 2014</a>,2014-03-01,2014-05-14,True,0.052813375323044615,12.500207177966494,72.99125929619817,15.748129107665308
Kepler-395 c,1.336,0.072,-0.072,2.44793833091951,,,34.98956,0.1743,0.0023,-0.0023,12.948,67.77,0.68,-1.84,0.02259,0.0006,-0.00106,3931.0,0.5422000433376308,0.021,-0.022,<a refstr=TORRES_ET_AL__2017 href=https://ui.adsabs.harvard.edu/abs/2017AJ....154..264T/abstract target=ref>Torres et al. 2017</a>,2017-12-01,2017-11-17,False,False,True,False,False,False,False,True,,,,<a refstr=TORRES_ET_AL__2017 href=https://ui.adsabs.harvard.edu/abs/2017AJ....154..264T/abstract target=ref>Torres et al. 2017</a>,2017-12-01,2017-11-17,True,0.06289554975101651,2.153935368901245,11.325586912214614,15.141571928144883
Kepler-446 b,1.5,0.25,-0.25,3.110597278376777,,,1.565409,,,,12.827,14.2,0.94,-0.94,0.0574,0.0026,-0.0026,3359.0,0.2395789666550473,0.04,-0.04,<a refstr=MUIRHEAD_ET_AL__2015 href=https://ui.adsabs.harvard.edu/abs/2015ApJ...801...18M/abstract target=ref>Muirhead et al. 2015</a>,2015-03-01,2015-01-14,False,False,True,True,False,False,False,True,,,,<a refstr=MUIRHEAD_ET_AL__2015 href=https://ui.adsabs.harvard.edu/abs/2015ApJ...801...18M/abstract target=ref>Muirhead et al. 2015</a>,2015-03-01,2015-01-14,True,0.006546754214692327,26.15524486823641,534.4944111089959,16.108318978284995
Kepler-353 b,0.89,0.06,-0.06,0.593092559345189,,,5.795278,0.051,,,12.808,21.75920622856732,,,0.016189326839930546,0.0012063700677038699,-0.0012063700677038699,3903.0,0.5039999999815621,0.016,-0.016,<a refstr=ROWE_ET_AL__2014 href=https://ui.adsabs.harvard.edu/abs/2014ApJ...784...45R/abstract target=ref> Rowe et al. 2014</a>,2014-03-01,2014-05-14,False,False,True,True,False,True,False,True,,,,<a refstr=ROWE_ET_AL__2014 href=https://ui.adsabs.harvard.edu/abs/2014ApJ...784...45R/abstract target=ref> Rowe et al. 2014</a>,2014-03-01,2014-05-14,True,0.052813375323044615,20.305027038411563,118.5651943584919,9.131459371064386
Kepler-369 b,1.13,0.06,-0.06,1.3740776369710241,,,2.732756,0.03,,,12.395,13.696315647805582,,,0.02199514640587143,0.0013384265690513095,-0.0013384265690513095,3591.0,0.47099999998276926,0.014,-0.014,<a refstr=ROWE_ET_AL__2014 href=https://ui.adsabs.harvard.edu/abs/2014ApJ...784...45R/abstract target=ref> Rowe et al. 2014</a>,2014-03-01,2014-05-14,False,False,True,True,False,True,False,True,,,,<a refstr=ROWE_ET_AL__2014 href=https://ui.adsabs.harvard.edu/abs/2014ApJ...784...45R/abstract target=ref> Rowe et al. 2014</a>,2014-03-01,2014-05-14,True,0.03305156901719822,36.723965577351436,284.0758553518696,12.33503456168593
Kepler-395 b,1.186,0.061,-0.087,1.6254274098129293,,,7.054259,0.05993,0.00079,-0.00078,12.948,23.3,0.23,-0.63,0.0198,0.00093,-0.00092,3931.0,0.549147258100864,0.021,-0.022,<a refstr=TORRES_ET_AL__2017 href=https://ui.adsabs.harvard.edu/abs/2017AJ....154..264T/abstract target=ref>Torres et al. 2017</a>,2017-12-01,2017-11-17,False,False,True,False,False,False,False,True,,,,<a refstr=TORRES_ET_AL__2017 href=https://ui.adsabs.harvard.edu/abs/2017AJ....154..264T/abstract target=ref>Torres et al. 2017</a>,2017-12-01,2017-11-17,True,0.06451763817579702,18.221989704435774,94.36017128516617,13.095298478365146
Kepler-445 b,1.58,0.23,-0.23,3.5290702606844744,,,2.984151,,,,12.61,21.94,0.3,-0.3,0.0676,0.0018,-0.0018,3157.0,0.2142790497424019,0.03,-0.03,<a refstr=MUIRHEAD_ET_AL__2015 href=https://ui.adsabs.harvard.edu/abs/2015ApJ...801...18M/abstract target=ref>Muirhead et al. 2015</a>,2015-03-01,2025-05-19,False,False,True,True,False,False,False,True,,,,<a refstr=MUIRHEAD_ET_AL__2015 href=https://ui.adsabs.harvard.edu/abs/2015ApJ...801...18M/abstract target=ref>Muirhead et al. 2015</a>,2015-03-01,2025-05-19,True,0.00408645195656265,8.549102906930349,231.79961289244628,16.71766297176686
Kepler-446 d,1.35,0.22,-0.22,2.319143079581915,,,5.148921,,,,12.827,31.6,2.08,-2.08,0.0519,0.0022,-0.0022,3359.0,0.2384710870404575,0.04,-0.04,<a refstr=MUIRHEAD_ET_AL__2015 href=https://ui.adsabs.harvard.edu/abs/2015ApJ...801...18M/abstract target=ref>Muirhead et al. 2015</a>,2015-03-01,2015-01-14,False,False,True,True,False,False,False,True,,,,<a refstr=MUIRHEAD_ET_AL__2015 href=https://ui.adsabs.harvard.edu/abs/2015ApJ...801...18M/abstract target=ref>Muirhead et al. 2015</a>,2015-03-01,2015-01-14,True,0.006486346194246292,5.281549005799541,108.53285792433311,14.661244758680471
Kepler-577 b,1.7,0.21,-0.33,4.024948871339804,,,25.69581456,0.1348,,,12.861,37.9,16.8,-16.8,0.032548,0.003146,-0.001672,3787.0,0.4788438729711916,0.061,-0.092,<a refstr=Q1_Q17_DR25_KOI_TABLE href=https://exoplanetarchive.ipac.caltech.edu/docs/Kepler_KOI_docs.html target=ref>Q1-Q17 DR25 KOI Table</a>,,2017-05-08,False,False,True,True,False,False,False,True,,,,<a refstr=Q1_Q17_DR25_KOI_TABLE href=https://exoplanetarchive.ipac.caltech.edu/docs/Kepler_KOI_docs.html target=ref>Q1-Q17 DR25 KOI Table</a>,,2017-05-08,True,0.04225301816599824,5.931960688141871,39.59894562519919,17.211934310287763
Kepler-446 c,1.11,0.18,-0.18,1.287148664407891,,,3.036179,,,,12.827,22.4,1.36,-1.36,0.0424,0.0018,-0.0018,3359.0,0.2400084006518818,0.04,-0.04,<a refstr=MUIRHEAD_ET_AL__2015 href=https://ui.adsabs.harvard.edu/abs/2015ApJ...801...18M/abstract target=ref>Muirhead et al. 2015</a>,2015-03-01,2015-01-14,False,False,True,True,False,False,False,True,,,,<a refstr=MUIRHEAD_ET_AL__2015 href=https://ui.adsabs.harvard.edu/abs/2015ApJ...801...18M/abstract target=ref>Muirhead et al. 2015</a>,2015-03-01,2015-01-14,True,0.006570244744916158,10.51088882180961,214.33372600767558,12.045555207891315
Kepler-621 b,1.77,0.23,-0.27,4.310553854472866,,,2.628117322,0.031,,,12.407,9.12,3.9,-3.9,0.029172,0.004684,-0.001284,3939.0,0.5562581437501599,0.071,-0.087,<a refstr=Q1_Q17_DR25_KOI_TABLE href=https://exoplanetarchive.ipac.caltech.edu/docs/Kepler_KOI_docs.html target=ref>Q1-Q17 DR25 KOI Table</a>,,2017-05-08,False,False,True,True,False,False,False,True,,,,<a refstr=Q1_Q17_DR25_KOI_TABLE href=https://exoplanetarchive.ipac.caltech.edu/docs/Kepler_KOI_docs.html target=ref>Q1-Q17 DR25 KOI Table</a>,,2017-05-08,True,0.06673986655741279,119.90842823719323,608.441053860251,17.456366890401917
Kepler-438 b,1.12,0.16,-0.17,1.3019351163025144,,,35.23319,0.166,0.051,-0.042,11.199,73.0,26.0,-15.0,0.02,0.002,-0.0018,3748.0,0.5134017536106561,0.038,-0.061,<a refstr=TORRES_ET_AL__2015 href=https://ui.adsabs.harvard.edu/abs/2015ApJ...800...99T/abstract target=ref>Torres et al. 2015</a>,2015-02-01,2015-01-06,False,False,True,False,False,False,False,True,,,,<a refstr=TORRES_ET_AL__2015 href=https://ui.adsabs.harvard.edu/abs/2015ApJ...800...99T/abstract target=ref>Torres et al. 2015</a>,2015-02-01,2015-01-06,True,0.046601690439991385,1.5340802271246272,9.656218178477015,12.060341789707937
Kepler-560 b,1.47,0.16,-0.22,2.9771512254503216,,,18.477644,0.0899,0.0031,-0.0062,11.455,69.1,7.9,-2.3,0.04902,0.00059,-0.00092,3430.0,0.27492443966298896,0.04,-0.031,<a refstr=TORRES_ET_AL__2017 href=https://ui.adsabs.harvard.edu/abs/2017AJ....154..264T/abstract target=ref>Torres et al. 2017</a>,2017-12-01,2017-11-17,False,False,True,False,False,False,False,True,,,,<a refstr=TORRES_ET_AL__2017 href=https://ui.adsabs.harvard.edu/abs/2017AJ....154..264T/abstract target=ref>Torres et al. 2017</a>,2017-12-01,2017-11-17,True,0.009373285030961643,1.2009248986957903,19.78703650223046,15.91899832142914
Kepler-658 b,1.39,0.08,-0.12,2.7219002799071106,,,1.287076693,0.0188,,,12.627,6.766,0.412,-0.412,0.024255,0.000778,-0.000257,3736.0,0.5253912577074034,0.03,-0.045,<a refstr=Q1_Q17_DR25_KOI_TABLE href=https://exoplanetarchive.ipac.caltech.edu/docs/Kepler_KOI_docs.html target=ref>Q1-Q17 DR25 KOI Table</a>,,2017-05-08,False,False,True,True,False,False,False,True,,,,<a refstr=Q1_Q17_DR25_KOI_TABLE href=https://exoplanetarchive.ipac.caltech.edu/docs/Kepler_KOI_docs.html target=ref>Q1-Q17 DR25 KOI Table</a>,,2017-05-08,True,0.04818166465593436,176.30269335815623,1087.751940322055,15.653182966731373
Kepler-617 b,1.23,0.1,-0.14,1.8270196564757621,,,1.682695938,0.0219,,,11.573,9.507,0.119,-0.119,0.0239,0.000701,-0.000301,3669.0,0.47182020094224963,0.041,-0.051,<a refstr=Q1_Q17_DR25_KOI_TABLE href=https://exoplanetarchive.ipac.caltech.edu/docs/Kepler_KOI_docs.html target=ref>Q1-Q17 DR25 KOI Table</a>,,2017-05-08,False,False,True,True,False,False,False,True,,,,<a refstr=Q1_Q17_DR25_KOI_TABLE href=https://exoplanetarchive.ipac.caltech.edu/docs/Kepler_KOI_docs.html target=ref>Q1-Q17 DR25 KOI Table</a>,,2017-05-08,True,0.0361436955842207,83.06141454085089,608.9474124747632,13.633049476950806
LHS 3844 b,1.303,0.022,-0.022,2.2873754745242465,,,0.46292913,0.00622,0.00017,-0.00017,9.145001,7.109,0.029,-0.029,0.0635,0.0009,-0.0009,3036.0,0.18812218362055252,0.006,-0.006,<a refstr=VANDERSPEK_ET_AL__2019 href=https://ui.adsabs.harvard.edu/abs/2019ApJ...871L..24V/abstract target=ref>Vanderspek et al. 2019</a>,2019-02-01,2019-01-24,False,False,True,False,False,False,False,True,,,,<a refstr=VANDERSPEK_ET_AL__2019 href=https://ui.adsabs.harvard.edu/abs/2019ApJ...871L..24V/abstract target=ref>Vanderspek et al. 2019</a>,2019-02-01,2019-01-24,True,0.002693864440341262,69.64428821553821,2424.7114405996936,14.820760147746956
LP 791-18 b,1.212,0.059,-0.058,1.7538137546099124,,,0.9479981,0.00978,0.00012,-0.00012,10.644,11.55502462888987,0.46649129018425267,-0.46649129018425267,0.061,0.0018,-0.0018,2960.0,0.18215542311947164,0.007,-0.007,<a refstr=PETERSON_ET_AL_2023 href=https://ui.adsabs.harvard.edu/abs/2023Natur.617..701P/abstract target=ref>Peterson et al. 2023</a>,2023-05-01,2023-05-14,False,False,True,False,False,False,False,True,,,,<a refstr=PETERSON_ET_AL_2023 href=https://ui.adsabs.harvard.edu/abs/2023Natur.617..701P/abstract target=ref>Peterson et al. 2023</a>,2023-05-01,2023-05-14,True,0.002282126435090084,23.818837248880126,916.0448468159448,13.455950555622527
TOI-700 b,0.914,0.053,-0.049,0.6556369417034646,,,9.977219,0.0677,0.0011,-0.0011,8.634,34.57880508051324,1.3540860797017216,-1.5050921867075269,0.01993,0.00082,-0.00083,3459.0,0.42044405669856966,0.017,-0.015,<a refstr=GILBERT_ET_AL__2023 href=https://ui.adsabs.harvard.edu/abs/2023arXiv230103617G/abstract target=ref>Gilbert et al. 2023</a>,2023-01-01,2023-01-18,False,False,True,False,False,False,False,True,,,,<a refstr=GILBERT_ET_AL__2023 href=https://ui.adsabs.harvard.edu/abs/2023arXiv230103617G/abstract target=ref>Gilbert et al. 2023</a>,2023-01-01,2023-01-18,True,0.022672913436226277,4.959955141340099,48.10313160917149,9.473982249178171
TOI-700 d,1.073,0.059,-0.054,1.1476571959977162,,,37.42396,0.1633,0.0027,-0.0027,8.634,83.40795966983475,3.2761715214520994,-3.639418124870235,0.02339,0.00077,-0.0008,3459.0,0.4205705136690236,0.017,-0.015,<a refstr=GILBERT_ET_AL__2023 href=https://ui.adsabs.harvard.edu/abs/2023arXiv230103617G/abstract target=ref>Gilbert et al. 2023</a>,2023-01-01,2023-01-18,False,False,True,False,False,False,False,True,,,,<a refstr=GILBERT_ET_AL__2023 href=https://ui.adsabs.harvard.edu/abs/2023arXiv230103617G/abstract target=ref>Gilbert et al. 2023</a>,2023-01-01,2023-01-18,True,0.022686554152868146,0.8524770904950918,8.264595355973674,11.568583556897215
TOI-540 b,0.903,0.052,-0.052,0.6270507220104408,,,1.2391491,0.01223,0.00036,-0.00036,8.9,13.9,0.72,-0.72,0.0436,0.0012,-0.0012,3216.0,0.18987622194889514,0.0079,-0.0079,<a refstr=MENT_ET_AL__2021 href=https://ui.adsabs.harvard.edu/abs/2021AJ....161...23M/abstract target=ref>Ment et al. 2021</a>,2021-01-01,2020-10-08,False,False,True,False,False,False,False,True,,,,<a refstr=MENT_ET_AL__2021 href=https://ui.adsabs.harvard.edu/abs/2021AJ....161...23M/abstract target=ref>Ment et al. 2021</a>,2021-01-01,2020-10-08,True,0.003455365320629951,22.936651898115677,687.7548178371555,9.32140585498253
TOI-237 b,1.44,0.12,-0.12,2.9884004413944787,,,5.436098,0.0341,0.001,-0.001,10.896,34.7,2.9,-2.9,0.062,0.002,-0.002,3212.0,0.2129316028799956,0.006,-0.006,<a refstr=WAALKES_ET_AL__2021 href=https://ui.adsabs.harvard.edu/abs/2021AJ....161...13W/abstract target=ref>Waalkes et al. 2021</a>,2021-01-01,2020-12-17,False,False,True,False,False,False,False,True,,,,<a refstr=WAALKES_ET_AL__2021 href=https://ui.adsabs.harvard.edu/abs/2021AJ....161...13W/abstract target=ref>Waalkes et al. 2021</a>,2021-01-01,2020-12-17,True,0.0043238541826758755,3.6621713484344904,95.98779976749715,16.11432455932347
TOI-1749 b,1.39,0.21,-0.19,57.0,,,2.38839,0.0291,0.0005,-0.0005,10.27,11.377155872750793,0.6506332965000977,-0.6506332965000977,0.0232,0.0032,-0.0029,3985.0,0.5492829722281496,0.03,-0.03,<a refstr=FUKUI_ET_AL__2021 href=https://ui.adsabs.harvard.edu/abs/2021AJ....162..167F/abstract target=ref>Fukui et al. 2021</a>,2021-10-01,2021-07-26,True,False,True,False,False,False,False,True,<a refstr=FUKUI_ET_AL__2021 href=https://ui.adsabs.harvard.edu/abs/2021AJ....162..167F/abstract target=ref>Fukui et al. 2021</a>,2021-10-01,2021-07-26,<a refstr=FUKUI_ET_AL__2021 href=https://ui.adsabs.harvard.edu/abs/2021AJ....162..167F/abstract target=ref>Fukui et al. 2021</a>,2021-10-01,2021-07-26,True,0.06817014557950268,80.712602373953,404.37548359989415,71.63148989833303
TOI-2285 b,1.74,0.08,-0.08,19.5,,,27.26955,0.1363,0.001,-0.001,9.034,63.0,1.9,-1.7,0.0344,0.0013,-0.0013,3491.0,0.463724590574409,0.013,-0.013,<a refstr=FUKUI_ET_AL__2022 href=https://ui.adsabs.harvard.edu/abs/2022PASJ...74L...1F/abstract target=ref>Fukui et al. 2022</a>,2022-02-01,2021-10-25,True,False,True,False,False,False,False,True,<a refstr=FUKUI_ET_AL__2022 href=https://ui.adsabs.harvard.edu/abs/2022PASJ...74L...1F/abstract target=ref>Fukui et al. 2022</a>,2022-02-01,2021-10-25,<a refstr=FUKUI_ET_AL__2022 href=https://ui.adsabs.harvard.edu/abs/2022PASJ...74L...1F/abstract target=ref>Fukui et al. 2022</a>,2022-02-01,2021-10-25,True,0.028615958313050718,1.5502929070633706,13.07521332957518,37.446966155834566
LHS 1678 b,0.696,0.044,-0.044,0.35,,,0.8602322,0.01251,0.00059,-0.00056,8.264,8.16,0.29,-0.3,0.0192,0.001,-0.001,3490.0,0.33233595657832643,0.01,-0.01,<a refstr=SILVERSTEIN_ET_AL__2022 href=https://ui.adsabs.harvard.edu/abs/2022AJ....163..151S/abstract target=ref>Silverstein et al. 2022</a>,2022-04-01,2021-11-02,True,False,True,False,False,False,False,True,<a refstr=SILVERSTEIN_ET_AL__2022 href=https://ui.adsabs.harvard.edu/abs/2022AJ....163..151S/abstract target=ref>Silverstein et al. 2022</a>,2022-04-01,2021-11-02,<a refstr=SILVERSTEIN_ET_AL__2022 href=https://ui.adsabs.harvard.edu/abs/2022AJ....163..151S/abstract target=ref>Silverstein et al. 2022</a>,2022-04-01,2021-11-02,True,0.014680640961983587,92.30322050148834,1161.9029211110599,7.932377226349765
LHS 1678 c,0.982,0.064,-0.063,1.4,,,3.694247,0.0331,0.0016,-0.0015,8.264,21.56,0.76,-0.79,0.0272,0.0015,-0.0016,3490.0,0.33098773768754214,0.01,-0.01,<a refstr=SILVERSTEIN_ET_AL__2022 href=https://ui.adsabs.harvard.edu/abs/2022AJ....163..151S/abstract target=ref>Silverstein et al. 2022</a>,2022-04-01,2021-11-02,True,False,True,False,False,False,False,True,<a refstr=SILVERSTEIN_ET_AL__2022 href=https://ui.adsabs.harvard.edu/abs/2022AJ....163..151S/abstract target=ref>Silverstein et al. 2022</a>,2022-04-01,2021-11-02,<a refstr=SILVERSTEIN_ET_AL__2022 href=https://ui.adsabs.harvard.edu/abs/2022AJ....163..151S/abstract target=ref>Silverstein et al. 2022</a>,2022-04-01,2021-11-02,True,0.014561769864331742,13.222076284984357,167.2519387108284,13.356178992007203
TOI-206 b,1.3,0.05,-0.05,2.256679958386124,,,0.7363104,0.0112,0.0001,-0.0001,10.06,6.881028981457525,0.20597690110418249,-0.20597690110418249,0.03405215712848313,0.0016315271109618229,-0.0016315271109618229,3383.0,0.3499999999871958,0.01,-0.01,<a refstr=GIACALONE_ET_AL__2022 href=https://ui.adsabs.harvard.edu/abs/2022AJ....163...99G/abstract target=ref>Giacalone et al. 2022</a>,2022-02-01,2022-02-15,False,False,True,False,False,False,False,True,,,,<a refstr=GIACALONE_ET_AL__2022 href=https://ui.adsabs.harvard.edu/abs/2022AJ....163...99G/abstract target=ref>Giacalone et al. 2022</a>,2022-02-01,2022-02-15,True,0.014375823304052572,114.60318323584441,1460.8884151841942,14.737956368441166
TOI-833 b,1.27,0.07,-0.07,2.0699518012080533,,,1.0418777,0.0171,0.0003,-0.0003,8.146,6.128416436610608,0.23084680902733273,-0.23084680902733273,0.019405363902065063,0.0012499701499243253,-0.0012499701499243253,3920.0,0.5999999999780501,0.02,-0.02,<a refstr=GIACALONE_ET_AL__2022 href=https://ui.adsabs.harvard.edu/abs/2022AJ....163...99G/abstract target=ref>Giacalone et al. 2022</a>,2022-02-01,2022-02-15,False,False,True,False,False,False,False,True,,,,<a refstr=GIACALONE_ET_AL__2022 href=https://ui.adsabs.harvard.edu/abs/2022AJ....163...99G/abstract target=ref>Giacalone et al. 2022</a>,2022-02-01,2022-02-15,True,0.07616148706640902,260.46129431955484,1220.9614312416031,14.280789336263831
TOI-1442 b,1.17,0.06,-0.06,1.5523525039808788,,,0.4090677,0.0071,0.0002,-0.0002,10.089,4.924930016970607,0.2109156166763075,-0.2109156166763075,0.03460138546926511,0.0020962933225744627,-0.0020962933225744627,3330.0,0.3099999999886592,0.01,-0.01,<a refstr=GIACALONE_ET_AL__2022 href=https://ui.adsabs.harvard.edu/abs/2022AJ....163...99G/abstract target=ref>Giacalone et al. 2022</a>,2022-02-01,2022-02-15,False,False,True,False,False,False,False,True,,,,<a refstr=GIACALONE_ET_AL__2022 href=https://ui.adsabs.harvard.edu/abs/2022AJ....163...99G/abstract target=ref>Giacalone et al. 2022</a>,2022-02-01,2022-02-15,True,0.010587391385058702,210.02561765191993,3216.6135700361733,12.884756010509712
TOI-1693 b,1.41,0.1,-0.1,2.8678105522660635,,,1.7666957,0.0226,0.0004,-0.0004,8.331,10.564623300335601,0.29615796747403356,-0.29615796747403356,0.028101571141983982,0.0020845452757271366,-0.0020845452757271366,3499.0,0.4599999999831717,0.01,-0.01,<a refstr=GIACALONE_ET_AL__2022 href=https://ui.adsabs.harvard.edu/abs/2022AJ....163...99G/abstract target=ref>Giacalone et al. 2022</a>,2022-02-01,2022-02-15,False,False,True,False,False,False,False,True,,,,<a refstr=GIACALONE_ET_AL__2022 href=https://ui.adsabs.harvard.edu/abs/2022AJ....163...99G/abstract target=ref>Giacalone et al. 2022</a>,2022-02-01,2022-02-15,True,0.02841712120115165,55.636935553353176,471.2107107979504,15.952899510793953
TOI-2411 b,1.68,0.11,-0.11,4.31870018258547,,,0.7826942,0.0144,0.0001,-0.0001,8.532,4.553622120082185,0.13761263116404274,-0.13761263116404274,0.02265007736600461,0.0016257933683581742,-0.0016257933683581742,4099.0,0.6799999999751235,0.02,-0.02,<a refstr=GIACALONE_ET_AL__2022 href=https://ui.adsabs.harvard.edu/abs/2022AJ....163...99G/abstract target=ref>Giacalone et al. 2022</a>,2022-02-01,2022-02-15,False,False,True,False,False,False,False,True,,,,<a refstr=GIACALONE_ET_AL__2022 href=https://ui.adsabs.harvard.edu/abs/2022AJ....163...99G/abstract target=ref>Giacalone et al. 2022</a>,2022-02-01,2022-02-15,True,0.11695482541052339,564.0182553003465,2044.0065060863478,17.934771311438396
TOI-2445 b,1.25,0.08,-0.08,1.9441547807162993,,,0.3711281,0.0064,0.0001,-0.0001,10.779,5.097058504783351,0.20489178179586653,-0.20489178179586653,0.042443928044761735,0.003138481557596033,-0.003138481557596033,3333.0,0.2699999999901225,0.01,-0.01,<a refstr=GIACALONE_ET_AL__2022 href=https://ui.adsabs.harvard.edu/abs/2022AJ....163...99G/abstract target=ref>Giacalone et al. 2022</a>,2022-02-01,2022-02-15,False,False,True,False,False,False,False,True,,,,<a refstr=GIACALONE_ET_AL__2022 href=https://ui.adsabs.harvard.edu/abs/2022AJ....163...99G/abstract target=ref>Giacalone et al. 2022</a>,2022-02-01,2022-02-15,True,0.008060415495553785,196.7874876988158,3549.6294896715185,13.950326396849139
TOI-700 e,0.953,0.089,-0.075,0.7545819050454686,,,27.80978,0.134,0.0022,-0.0022,8.634,68.44253885950923,2.6850120115266694,-2.9834164866875508,0.0208,0.0017,-0.0014,3459.0,0.42004796633838876,0.017,-0.015,<a refstr=GILBERT_ET_AL__2023 href=https://ui.adsabs.harvard.edu/abs/2023arXiv230103617G/abstract target=ref>Gilbert et al. 2023</a>,2023-01-01,2023-01-18,False,False,True,False,False,False,False,True,,,,<a refstr=GILBERT_ET_AL__2023 href=https://ui.adsabs.harvard.edu/abs/2023arXiv230103617G/abstract target=ref>Gilbert et al. 2023</a>,2023-01-01,2023-01-18,True,0.022630214332087027,1.2660343506211102,12.292275604696384,9.953611817267253
TOI-715 b,1.55,0.064,-0.064,3.97410708516471,,,19.288004,0.083,0.0027,-0.0027,10.917,74.36528716939773,4.435943135874779,-4.435943135874779,0.0618,0.0017,-0.0017,3075.0,0.2299389499816565,0.012,-0.012,<a refstr=DRANSFIELD_ET_AL__2023 href=https://ui.adsabs.harvard.edu/abs/2023arXiv230506206D/abstract target=ref>Dransfield et al. 2023</a>,2023-05-01,2023-05-26,False,False,True,False,False,False,False,True,,,,<a refstr=DRANSFIELD_ET_AL__2023 href=https://ui.adsabs.harvard.edu/abs/2023arXiv230506206D/abstract target=ref>Dransfield et al. 2023</a>,2023-05-01,2023-05-26,True,0.004235397875188565,0.669785012729304,17.774561554932962,17.911332258957152
LHS 475 b,0.975,0.058,-0.058,0.8183182647583951,,,2.029101,0.02037,0.00037,-0.00037,7.686,15.32,0.75,-0.75,0.03171,0.00061,-0.00061,3289.0,0.28188871794070686,0.013,-0.013,<a refstr=MENT_ET_AL__2024 href=https://ui.adsabs.harvard.edu/abs/2024AJ....167..197M/abstract target=ref>Ment et al. 2024</a>,2024-05-01,2024-04-21,False,False,True,False,False,False,False,True,,,,<a refstr=MENT_ET_AL__2024 href=https://ui.adsabs.harvard.edu/abs/2024AJ....167..197M/abstract target=ref>Ment et al. 2024</a>,2024-05-01,2024-04-21,True,0.008331045935303209,20.655391313148904,365.26975185701434,10.24785026468099
TOI-1080 b,1.2,0.058,-0.058,10.7,,,3.9652482,0.0272,0.0015,-0.0016,10.17,29.3,1.4,-1.6,0.0548,0.0012,-0.0012,3065.0,0.20075668154744108,0.0075,-0.0075,<a refstr=G_OACUTE_MEZ_MAQUEO_CHEW__DRANSFIELD_ET_AL_2026 href=https://ui.adsabs.harvard.edu/abs/2026arXiv260300385G/abstract target=ref>G&oacute;mez Maqueo Chew & Dransfield et al. 2026</a>,2026-03-01,2026-03-19,True,False,True,False,False,False,False,True,<a refstr=G_OACUTE_MEZ_MAQUEO_CHEW__DRANSFIELD_ET_AL_2026 href=https://ui.adsabs.harvard.edu/abs/2026arXiv260300385G/abstract target=ref>G&oacute;mez Maqueo Chew & Dransfield et al. 2026</a>,2026-03-01,2026-03-19,<a refstr=G_OACUTE_MEZ_MAQUEO_CHEW__DRANSFIELD_ET_AL_2026 href=https://ui.adsabs.harvard.edu/abs/2026arXiv260300385G/abstract target=ref>G&oacute;mez Maqueo Chew & Dransfield et al. 2026</a>,2026-03-01,2026-03-19,True,0.0031867689597880554,4.258749919859585,134.05153500775006,33.40221156534671
TOI-1467 b,1.6759955,0.08820672,-0.08449646,9.0,,,5.97199,0.0495,0.0009,-0.0009,8.568,23.316739771505166,0.574817049228126,-0.6104739917138565,0.03366157,0.00165318,-0.00160072,3776.0,0.4564653341775885,0.0086,-0.0076,<a refstr=POLANSKI_ET_AL__2024 href=https://ui.adsabs.harvard.edu/abs/2024ApJS..272...32P/abstract target=ref>Polanski et al. 2024</a>,2024-06-01,2024-07-23,True,False,True,False,False,False,False,True,<a refstr=POLANSKI_ET_AL__2024 href=https://ui.adsabs.harvard.edu/abs/2024ApJS..272...32P/abstract target=ref>Polanski et al. 2024</a>,2024-06-01,2024-07-23,<a refstr=POLANSKI_ET_AL__2024 href=https://ui.adsabs.harvard.edu/abs/2024ApJS..272...32P/abstract target=ref>Polanski et al. 2024</a>,2024-06-01,2024-07-23,True,0.037951783590425066,15.491296085292994,110.29312452548136,25.921419900796558
TOI-1680 b,1.466,0.063,-0.049,3.355179823212468,,,4.8026345,0.03144,0.00025,-0.00026,10.821,32.04,0.74,-0.93,0.0638,0.0015,-0.0015,3225.0,0.21066025828292145,0.0061,-0.0048,<a refstr=GHACHOUI_ET_AL__2023 href=https://ui.adsabs.harvard.edu/abs/2023arXiv230705368G/abstract target=ref>Ghachoui et al. 2023</a>,2023-07-01,2023-07-21,False,False,True,False,False,False,False,True,,,,<a refstr=GHACHOUI_ET_AL__2023 href=https://ui.adsabs.harvard.edu/abs/2023arXiv230705368G/abstract target=ref>Ghachoui et al. 2023</a>,2023-07-01,2023-07-21,True,0.004301032723921712,4.365453079816497,114.78514221759781,16.9225136163948
TOI-1846 b,1.792,0.065,-0.068,4.1467836394062445,,,3.9306737,0.03646,0.00072,-0.00074,9.596,19.75,0.56,-0.51,0.04137,0.00072,-0.00072,3568.0,0.39712004146823776,0.011,-0.012,<a refstr=SOUBKIOU_ET_AL__2025 href=https://ui.adsabs.harvard.edu/abs/2025MNRAS.tmp..978S/abstract target=ref>Soubkiou et al. 2025</a>,2025-06-01,2025-07-17,False,False,True,False,False,False,False,True,,,,<a refstr=SOUBKIOU_ET_AL__2025 href=https://ui.adsabs.harvard.edu/abs/2025MNRAS.tmp..978S/abstract target=ref>Soubkiou et al. 2025</a>,2025-06-01,2025-07-17,True,0.022899797369534815,17.21316162318585,165.9440414815771,17.016124019240056
TOI-2095 b,1.25,0.07,-0.07,4.1,,,17.66484,0.101,0.005,-0.005,8.988,49.22,0.53,-0.53,0.026,0.001,-0.001,3759.0,0.44076386814101653,0.02,-0.02,<a refstr=MURGAS_ET_AL__2023 href=https://ui.adsabs.harvard.edu/abs/2023arXiv230409220M/abstract target=ref>Murgas et al. 2023</a>,2023-04-01,2023-08-22,True,False,True,False,False,False,False,True,<a refstr=MURGAS_ET_AL__2023 href=https://ui.adsabs.harvard.edu/abs/2023arXiv230409220M/abstract target=ref>Murgas et al. 2023</a>,2023-04-01,2023-08-22,<a refstr=MURGAS_ET_AL__2023 href=https://ui.adsabs.harvard.edu/abs/2023arXiv230409220M/abstract target=ref>Murgas et al. 2023</a>,2023-04-01,2023-08-22,True,0.03475280957816878,3.4142989760416302,25.62757985123857,20.258667591478275
TOI-2095 c,1.33,0.08,-0.08,7.4,,,28.17232,0.137,0.006,-0.006,8.988,67.19,0.72,-0.72,0.0277,0.0011,-0.0011,3759.0,0.44019103423296324,0.02,-0.02,<a refstr=MURGAS_ET_AL__2023 href=https://ui.adsabs.harvard.edu/abs/2023arXiv230409220M/abstract target=ref>Murgas et al. 2023</a>,2023-04-01,2023-08-22,True,False,True,False,False,False,False,True,<a refstr=MURGAS_ET_AL__2023 href=https://ui.adsabs.harvard.edu/abs/2023arXiv230409220M/abstract target=ref>Murgas et al. 2023</a>,2023-04-01,2023-08-22,<a refstr=MURGAS_ET_AL__2023 href=https://ui.adsabs.harvard.edu/abs/2023arXiv230409220M/abstract target=ref>Murgas et al. 2023</a>,2023-04-01,2023-08-22,True,0.03466253606517958,1.8322109923784973,13.773974787466788,26.38541905294663
TOI-2096 b,1.243,0.077,-0.072,1.906332376360378,,,3.1190633,0.025,0.001,-0.001,11.021,22.875761241547625,1.408492528715219,-1.408492528715219,0.0485,0.0018,-0.0017,3300.0,0.23496258458690922,0.011,-0.011,<a refstr=POZUELOS_ET_AL__2023 href=https://ui.adsabs.harvard.edu/abs/2023arXiv230308174P/abstract target=ref>Pozuelos et al. 2023</a>,2023-03-01,2023-03-28,False,False,True,False,False,False,False,True,,,,<a refstr=POZUELOS_ET_AL__2023 href=https://ui.adsabs.harvard.edu/abs/2023arXiv230308174P/abstract target=ref>Pozuelos et al. 2023</a>,2023-03-01,2023-03-28,True,0.005865996876379171,9.388584362189492,204.92503436984947,13.852804468765614
TOI-2266 b,1.54,0.09,-0.09,3.726789575801547,,,2.326318,0.02,0.002,-0.002,11.017,18.43,0.7,-1.5,0.058,0.001,-0.001,3200.0,0.24342324524643172,0.01,-0.01,<a refstr=PARVIAINEN_ET_AL__2024 href=https://ui.adsabs.harvard.edu/abs/2024arXiv240111879P/abstract target=ref>Parviainen et al. 2024</a>,2024-01-01,2024-02-05,False,False,True,False,False,False,False,True,,,,<a refstr=PARVIAINEN_ET_AL__2024 href=https://ui.adsabs.harvard.edu/abs/2024arXiv240111879P/abstract target=ref>Parviainen et al. 2024</a>,2024-01-01,2024-02-05,True,0.005566890201910458,12.789239093570002,288.05612433953394,17.401273470842625
TOI-2267 c,1.14,0.13,-0.13,1.411668573137879,,,3.4950412,0.0263,0.004,-0.0036,9.459,27.254678044026043,5.090837150469307,-4.759402901551455,0.0504,0.0013,-0.0012,3030.0,0.20736890558253537,0.0225,-0.0225,<a refstr=ZUNIGA_FERNANDEZ_ET_AL_2025 href=https://ui.adsabs.harvard.edu/abs/2025A&A...702A..85Z/abstract target=ref>Z&uacute;&ntilde;iga-Fern&aacute;ndez et al. 2025</a>,2025-10-01,2026-03-05,False,False,True,False,False,False,False,True,,,,<a refstr=ZUNIGA_FERNANDEZ_ET_AL_2025 href=https://ui.adsabs.harvard.edu/abs/2025A&A...702A..85Z/abstract target=ref>Z&uacute;&ntilde;iga-Fern&aacute;ndez et al. 2025</a>,2025-10-01,2026-03-05,True,0.003247479599853243,4.700930878320619,146.30393479722585,12.447665356432957
TOI-2267 b,1.0,0.11,-0.11,0.8748786688272971,,,2.28909,0.0205,0.0025,-0.0025,9.459,21.24414068070471,3.466766143129179,-3.466766143129179,0.0441,0.0013,-0.0011,3030.0,0.2078886271504114,0.0225,-0.0225,<a refstr=ZUNIGA_FERNANDEZ_ET_AL_2025 href=https://ui.adsabs.harvard.edu/abs/2025A&A...702A..85Z/abstract target=ref>Z&uacute;&ntilde;iga-Fern&aacute;ndez et al. 2025</a>,2025-10-01,2026-03-05,False,False,True,False,False,False,False,True,,,,<a refstr=ZUNIGA_FERNANDEZ_ET_AL_2025 href=https://ui.adsabs.harvard.edu/abs/2025A&A...702A..85Z/abstract target=ref>Z&uacute;&ntilde;iga-Fern&aacute;ndez et al. 2025</a>,2025-10-01,2026-03-05,True,0.003263778091698663,7.73726800529587,240.07960428862688,10.462798718589466
LP 890-9 b,1.32,0.053,-0.027,13.2,,,2.7299025,0.01875,0.0001,-0.0001,11.344,26.32,0.39,-0.82,0.07777386095194387,0.005313103846383873,-0.004583482787627291,2850.0,0.15559999999430763,0.0086,-0.0086,<a refstr=DELREZ_ET_AL__2022 href=https://ui.adsabs.harvard.edu/abs/2022arXiv220902831D/abstract target=ref>Delrez et al. 2022</a>,2022-09-01,2022-09-14,True,False,True,False,False,False,False,True,<a refstr=DELREZ_ET_AL__2022 href=https://ui.adsabs.harvard.edu/abs/2022arXiv220902831D/abstract target=ref>Delrez et al. 2022</a>,2022-09-01,2022-09-14,<a refstr=DELREZ_ET_AL__2022 href=https://ui.adsabs.harvard.edu/abs/2022arXiv220902831D/abstract target=ref>Delrez et al. 2022</a>,2022-09-01,2022-09-14,True,0.0014311569753484204,3.9455098673038536,200.76627946709257,35.37316799453435
TOI-4529 b,1.77,0.09,-0.08,4.9,,,5.879577,,,,7.954,21.5,1.2,-2.9,0.0338,0.0009,-0.0008,3697.0,0.4800935671443688,0.019,-0.019,<a refstr=POULTOURTZIDIS_ET_AL_2026 href=https://ui.adsabs.harvard.edu/abs/2026arXiv260107414P/abstract target=ref>Poultourtzidis et al. 2026</a>,2026-01-01,2026-02-05,True,False,True,True,False,False,False,True,<a refstr=POULTOURTZIDIS_ET_AL_2026 href=https://ui.adsabs.harvard.edu/abs/2026arXiv260107414P/abstract target=ref>Poultourtzidis et al. 2026</a>,2026-01-01,2026-02-05,<a refstr=POULTOURTZIDIS_ET_AL_2026 href=https://ui.adsabs.harvard.edu/abs/2026arXiv260107414P/abstract target=ref>Poultourtzidis et al. 2026</a>,2026-01-01,2026-02-05,True,0.03857786795578272,16.742347282597063,118.0357089377004,18.61167085467798
TOI-4559 b,1.415,0.126,-0.112,2.849435756051896,,,3.965991,0.0359,0.0008,-0.0008,8.619,19.71,2.61,-4.82,0.035,0.003,-0.002,3558.0,0.37064463334646847,0.017,-0.015,<a refstr=MISTRY_ET_AL__2023 href=https://ui.adsabs.harvard.edu/abs/2023arXiv231100688M/abstract target=ref>Mistry et al. 2023</a>,2023-11-01,2024-04-15,False,False,True,False,False,False,False,True,,,,<a refstr=MISTRY_ET_AL__2023 href=https://ui.adsabs.harvard.edu/abs/2023arXiv231100688M/abstract target=ref>Mistry et al. 2023</a>,2023-11-01,2024-04-15,True,0.019725492429990634,17.090154548753937,180.18941605078177,15.873590471040345
TOI-5388.01,0.99,0.07,-0.06,2.2,,,2.5946748,,,,8.319,20.5,1.9,-4.6,0.0305,0.0017,-0.001,3440.0,0.2975806417298299,0.015,-0.015,<a refstr=POULTOURTZIDIS_ET_AL_2026 href=https://ui.adsabs.harvard.edu/abs/2026arXiv260107414P/abstract target=ref>Poultourtzidis et al. 2026</a>,2026-01-01,2026-02-05,True,False,True,True,False,False,False,True,<a refstr=POULTOURTZIDIS_ET_AL_2026 href=https://ui.adsabs.harvard.edu/abs/2026arXiv260107414P/abstract target=ref>Poultourtzidis et al. 2026</a>,2026-01-01,2026-02-05,<a refstr=POULTOURTZIDIS_ET_AL_2026 href=https://ui.adsabs.harvard.edu/abs/2026arXiv260107414P/abstract target=ref>Poultourtzidis et al. 2026</a>,2026-01-01,2026-02-05,True,0.011110453052319273,13.804526407428792,205.3914924777632,16.675071307324124
TOI-5489 b,1.4,0.05,-0.05,2.921757257888393,,,3.15222,,,,9.463,16.26,0.48,-0.48,0.0308,0.001,-0.001,3547.0,0.416722202606052,0.01,-0.01,<a refstr=GOMEZ_BARRIENTOS_ET_AL__2025 href=https://ui.adsabs.harvard.edu/abs/2025arXiv251211971G/abstract target=ref>Gomez Barrientos et al. 2025</a>,2025-12-01,2026-01-08,False,False,True,True,False,False,False,True,,,,<a refstr=GOMEZ_BARRIENTOS_ET_AL__2025 href=https://ui.adsabs.harvard.edu/abs/2025arXiv251211971G/abstract target=ref>Gomez Barrientos et al. 2025</a>,2025-12-01,2026-01-08,True,0.024627860221709288,24.80270998017451,228.89859505200505,16.15965202303547
LHS 1678 d,0.981,0.07,-0.072,0.8340188874702307,,,4.9652229,0.04,0.0018,-0.0017,8.264,26.01,0.94,-0.91,0.0273,0.0017,-0.0018,3490.0,0.3294395083019712,0.01,-0.01,<a refstr=SILVERSTEIN_ET_AL__2024 href=https://ui.adsabs.harvard.edu/abs/2024arXiv240300110S/abstract target=ref>Silverstein et al. 2024</a>,2024-02-01,2024-03-25,False,False,True,False,False,False,False,True,,,,<a refstr=SILVERSTEIN_ET_AL__2024 href=https://ui.adsabs.harvard.edu/abs/2024arXiv240300110S/abstract target=ref>Silverstein et al. 2024</a>,2024-02-01,2024-03-25,True,0.014425860105404734,9.084822932864675,115.5663607605422,10.314006384863681
TOI-5713 b,1.77,0.17,-0.14,4.347149538034728,,,10.441989,0.06008,0.00046,-0.00046,10.217,43.2,1.1,-1.0,0.0541,0.005,-0.0041,3225.0,0.2999475521160751,0.0073,-0.0072,<a refstr=GHACHOUI_ET_AL__2024 href=https://ui.adsabs.harvard.edu/abs/2024A&A...690A.263G/abstract target=ref>Ghachoui et al. 2024</a>,2024-10-01,2024-11-04,False,False,True,False,False,False,False,True,,,,<a refstr=GHACHOUI_ET_AL__2024 href=https://ui.adsabs.harvard.edu/abs/2024A&A...690A.263G/abstract target=ref>Ghachoui et al. 2024</a>,2024-10-01,2024-11-04,True,0.008719632194110089,2.401302350362949,41.31882342244433,17.53031069760952
TOI-5716 b,0.96,0.05,-0.05,0.7751827723796758,,,6.7663,,,,10.801,39.0,1.17,-1.21,0.039,0.0014,-0.0014,3436.0,0.22567110048820044,0.01,-0.01,<a refstr=GOMEZ_BARRIENTOS_ET_AL__2025 href=https://ui.adsabs.harvard.edu/abs/2025arXiv251211971G/abstract target=ref>Gomez Barrientos et al. 2025</a>,2025-12-01,2026-01-08,False,False,True,True,False,False,False,True,,,,<a refstr=GOMEZ_BARRIENTOS_ET_AL__2025 href=https://ui.adsabs.harvard.edu/abs/2025arXiv251211971G/abstract target=ref>Gomez Barrientos et al. 2025</a>,2025-12-01,2026-01-08,True,0.006359942078697074,3.796460365605462,78.94179076942838,10.051720322182002
TOI-5720 b,1.09,0.07,-0.07,4.3,,,1.4344555,0.018288,0.000279,-0.000279,9.288,10.97,0.29,-0.29,0.02796,0.00158,-0.00158,3325.0,0.35740337691320195,0.018,-0.018,<a refstr=BARKAOUI_ET_AL__2024 href=https://ui.adsabs.harvard.edu/abs/2024arXiv240506350B/abstract target=ref>Barkaoui et al. 2024</a>,2024-05-01,2024-05-29,True,False,True,False,False,False,False,True,<a refstr=BARKAOUI_ET_AL__2024 href=https://ui.adsabs.harvard.edu/abs/2024arXiv240506350B/abstract target=ref>Barkaoui et al. 2024</a>,2024-05-01,2024-05-29,<a refstr=BARKAOUI_ET_AL__2024 href=https://ui.adsabs.harvard.edu/abs/2024arXiv240506350B/abstract target=ref>Barkaoui et al. 2024</a>,2024-05-01,2024-05-29,True,0.013988545122705419,42.07739133530648,545.2369481385211,22.217487037952004
TOI-5728 b,1.31,0.05,-0.05,2.3223383763676937,,,11.49761,,,,10.17,39.9,0.78,-0.98,0.0319,0.0009,-0.0009,3419.0,0.37648695545788147,0.01,-0.01,<a refstr=GOMEZ_BARRIENTOS_ET_AL__2025 href=https://ui.adsabs.harvard.edu/abs/2025arXiv251211971G/abstract target=ref>Gomez Barrientos et al. 2025</a>,2025-12-01,2026-01-08,False,False,True,True,False,False,False,True,,,,<a refstr=GOMEZ_BARRIENTOS_ET_AL__2025 href=https://ui.adsabs.harvard.edu/abs/2025arXiv251211971G/abstract target=ref>Gomez Barrientos et al. 2025</a>,2025-12-01,2026-01-08,True,0.017353413533234482,3.5558716408652553,40.486956010121396,14.893647069219174
TOI-5736 b,1.56,0.07,-0.07,4.012395011392441,,,0.64899,,,,10.004,4.53,0.13,-0.13,0.0247,0.0007,-0.0007,3949.0,0.5790245341473564,0.02,-0.02,<a refstr=GOMEZ_BARRIENTOS_ET_AL__2025 href=https://ui.adsabs.harvard.edu/abs/2025arXiv251211971G/abstract target=ref>Gomez Barrientos et al. 2025</a>,2025-12-01,2026-01-08,False,False,True,True,False,False,False,True,,,,<a refstr=GOMEZ_BARRIENTOS_ET_AL__2025 href=https://ui.adsabs.harvard.edu/abs/2025arXiv251211971G/abstract target=ref>Gomez Barrientos et al. 2025</a>,2025-12-01,2026-01-08,True,0.07305183221015928,490.9616780137521,2359.7659316641902,17.93963069253926
LP 890-9 c,1.367,0.055,-0.039,25.3,,,8.457463,0.03984,0.00022,-0.00022,11.344,55.94,0.82,-1.74,0.0805430817585661,0.005506194116257687,-0.005009691622843093,2850.0,0.15559999999430768,0.0086,-0.0086,<a refstr=DELREZ_ET_AL__2022 href=https://ui.adsabs.harvard.edu/abs/2022arXiv220902831D/abstract target=ref>Delrez et al. 2022</a>,2022-09-01,2022-09-14,True,False,True,False,False,False,False,True,<a refstr=DELREZ_ET_AL__2022 href=https://ui.adsabs.harvard.edu/abs/2022arXiv220902831D/abstract target=ref>Delrez et al. 2022</a>,2022-09-01,2022-09-14,<a refstr=DELREZ_ET_AL__2022 href=https://ui.adsabs.harvard.edu/abs/2022arXiv220902831D/abstract target=ref>Delrez et al. 2022</a>,2022-09-01,2022-09-14,True,0.0014311569753484212,0.8734337708157077,44.444458238653844,48.12269709929434
TOI-5799 b,1.733,0.096,-0.09,4.395085386003152,,,4.164507,0.0348,0.001,-0.0011,8.952,23.31,0.85,-0.82,0.04951,0.00092,-0.00094,3452.0,0.32090387187554714,0.014,-0.014,<a refstr=YALCINKAYA_ET_AL_2025 href=https://ui.adsabs.harvard.edu/abs/2025A&A...702A.209Y/abstract target=ref>Yal&ccedil;inkaya et al. 2025</a>,2025-10-01,2025-10-02,False,False,True,False,False,False,False,True,,,,<a refstr=YALCINKAYA_ET_AL_2025 href=https://ui.adsabs.harvard.edu/abs/2025A&A...702A.209Y/abstract target=ref>Yal&ccedil;inkaya et al. 2025</a>,2025-10-01,2025-10-02,True,0.013101520741464725,10.826649190628222,145.91536961726206,17.81387225762296
TOI-6000 b,0.94,0.05,-0.05,0.7236308951398136,,,0.448959,,,,10.866,4.66,0.13,-0.14,0.0228,0.0011,-0.0012,3419.0,0.37797434867952434,0.01,-0.01,<a refstr=GOMEZ_BARRIENTOS_ET_AL__2025 href=https://ui.adsabs.harvard.edu/abs/2025arXiv250802782G/abstract target=ref>Gomez Barrientos et al. 2025</a>,2025-08-01,2025-08-14,False,False,True,True,False,False,False,True,,,,<a refstr=GOMEZ_BARRIENTOS_ET_AL__2025 href=https://ui.adsabs.harvard.edu/abs/2025arXiv250802782G/abstract target=ref>Gomez Barrientos et al. 2025</a>,2025-08-01,2025-08-14,True,0.01749080122196628,260.6873957419503,2954.1613440801425,9.814509057601295
TOI-6002 b,1.65,0.22,-0.19,3.939035385669014,,,10.904821,0.05722,0.00044,-0.00044,10.175,50.6,1.4,-1.3,0.0622,0.008,-0.007,3229.0,0.2431996134180014,0.0063,-0.0065,<a refstr=GHACHOUI_ET_AL__2024 href=https://ui.adsabs.harvard.edu/abs/2024A&A...690A.263G/abstract target=ref>Ghachoui et al. 2024</a>,2024-10-01,2024-11-04,False,False,True,False,False,False,False,True,,,,<a refstr=GHACHOUI_ET_AL__2024 href=https://ui.adsabs.harvard.edu/abs/2024A&A...690A.263G/abstract target=ref>Ghachoui et al. 2024</a>,2024-10-01,2024-11-04,True,0.005760850260238024,1.759003121226633,38.812771720229286,17.283310237676304
TOI-6008 b,1.03,0.05,-0.05,4.0,,,0.8574347,0.010777,0.000162,-0.000162,9.541,9.44,0.21,-0.21,0.03867,0.00109,-0.00109,3075.0,0.244192529378152,0.013,-0.013,<a refstr=BARKAOUI_ET_AL__2024 href=https://ui.adsabs.harvard.edu/abs/2024arXiv240506350B/abstract target=ref>Barkaoui et al. 2024</a>,2024-05-01,2024-05-28,True,False,True,False,False,False,False,True,<a refstr=BARKAOUI_ET_AL__2024 href=https://ui.adsabs.harvard.edu/abs/2024arXiv240506350B/abstract target=ref>Barkaoui et al. 2024</a>,2024-05-01,2024-05-28,<a refstr=BARKAOUI_ET_AL__2024 href=https://ui.adsabs.harvard.edu/abs/2024arXiv240506350B/abstract target=ref>Barkaoui et al. 2024</a>,2024-05-01,2024-05-28,True,0.00477676497198388,41.565399167429405,1026.2463640474464,22.043743043476425
TOI-6086 b,1.18,0.07,-0.07,1.5905370374632555,,,1.3888725,0.01541,0.00024,-0.00024,9.989,12.75,0.26,-0.26,0.04173,0.0022,-0.0022,3200.0,0.2592405554673642,0.013,-0.013,<a refstr=BARKAOUI_ET_AL__2024 href=https://ui.adsabs.harvard.edu/abs/2024arXiv240506350B/abstract target=ref>Barkaoui et al. 2024</a>,2024-05-01,2024-05-28,False,False,True,False,False,False,False,True,,,,<a refstr=BARKAOUI_ET_AL__2024 href=https://ui.adsabs.harvard.edu/abs/2024arXiv240506350B/abstract target=ref>Barkaoui et al. 2024</a>,2024-05-01,2024-05-28,True,0.006313852707680276,26.72237212022174,558.0824168315196,12.986880558146327
TOI-6716 b,0.982,0.067,-0.067,0.8388393967774576,,,4.7185898,0.0319,0.0031,-0.0031,9.196,29.9,2.2,-2.2,0.03898,0.00081,-0.00075,3110.0,0.23096117150079903,0.015,-0.015,<a refstr=SCOTT_ET_AL_2026 href=https://ui.adsabs.harvard.edu/abs/2026MNRAS.tmp...63S/abstract target=ref>Scott et al. 2026</a>,2026-01-01,2026-02-05,False,False,True,False,False,False,False,True,,,,<a refstr=SCOTT_ET_AL_2026 href=https://ui.adsabs.harvard.edu/abs/2026MNRAS.tmp...63S/abstract target=ref>Scott et al. 2026</a>,2026-01-01,2026-02-05,True,0.004471035826703726,4.335055312383704,111.36526458305268,10.338502149610045
SPECULOOS-3 b,0.977,0.022,-0.022,0.8267925681294848,,,0.71912603,0.00733,5.5e-05,-5.5e-05,10.541,12.81,0.2,-0.2,0.07273,0.0008,-0.0008,2800.0,0.12315450326982648,0.0022,-0.0022,<a refstr=GILLON_ET_AL__2024 href=https://ui.adsabs.harvard.edu/abs/2024NatAs.tmp...96G/abstract target=ref>Gillon et al. 2024</a>,2024-05-01,2024-05-21,False,False,True,False,False,False,False,True,,,,<a refstr=GILLON_ET_AL__2024 href=https://ui.adsabs.harvard.edu/abs/2024NatAs.tmp...96G/abstract target=ref>Gillon et al. 2024</a>,2024-05-01,2024-05-21,True,0.0008352593876426012,15.517770678306604,1090.7783522922573,10.290227037392501
TOI-4527.01,0.9086617,0.953413,-0.953413,2.1010954348358553,,,0.3994445,0.008332353,,,7.02,3.688909,,,0.01712864,,,3702.0,0.4863497108381466,,,<a refstr=HORD_ET_AL__2024 href=https://ui.adsabs.harvard.edu/abs/2024AJ....167..233H/abstract target=ref>Hord et al. 2024</a>,2024-05-01,2024-06-11,False,False,True,True,True,True,True,True,,,,<a refstr=HORD_ET_AL__2024 href=https://ui.adsabs.harvard.edu/abs/2024AJ....167..233H/abstract target=ref>Hord et al. 2024</a>,2024-05-01,2024-06-11,True,0.03980445005257826,571.8014304329006,3956.273077544433,17.009663994651394
TOI-5489 c,1.28,0.07,-0.07,2.1184457832603676,,,4.92126,,,,9.463,21.83,0.66,-0.66,0.0281,0.0014,-0.0014,3547.0,0.4176120009034315,0.01,-0.01,<a refstr=GOMEZ_BARRIENTOS_ET_AL__2025 href=https://ui.adsabs.harvard.edu/abs/2025arXiv251211971G/abstract target=ref>Gomez Barrientos et al. 2025</a>,2025-12-01,2026-01-08,False,False,True,True,False,False,False,True,,,,<a refstr=GOMEZ_BARRIENTOS_ET_AL__2025 href=https://ui.adsabs.harvard.edu/abs/2025arXiv251211971G/abstract target=ref>Gomez Barrientos et al. 2025</a>,2025-12-01,2026-01-08,True,0.02473314486218295,13.760453471101057,126.66748319283693,14.390558479221617
TOI-5799 c,1.76,0.11,-0.1,4.403225765934382,,,14.010449,0.0782,0.0023,-0.0025,8.952,52.3,1.9,-1.8,0.0501,0.0017,-0.0017,3452.0,0.3220655426129009,0.014,-0.014,<a refstr=YALCINKAYA_ET_AL_2025 href=https://ui.adsabs.harvard.edu/abs/2025A&A...702A.209Y/abstract target=ref>Yal&ccedil;inkaya et al. 2025</a>,2025-10-01,2025-10-02,False,False,True,False,False,False,False,True,,,,<a refstr=YALCINKAYA_ET_AL_2025 href=https://ui.adsabs.harvard.edu/abs/2025A&A...702A.209Y/abstract target=ref>Yal&ccedil;inkaya et al. 2025</a>,2025-10-01,2025-10-02,True,0.013196547334401443,2.150677215318269,28.86018044983897,17.69306607990681
Kepler-994 b,1.28,0.08,-0.08,2.1208137739849864,,,1.151166776,0.0177,,,11.453,8.257,0.208,-0.208,0.021882,0.000408,-0.000208,3951.0,0.5362808347219826,0.034,-0.034,<a refstr=Q1_Q17_DR25_KOI_TABLE href=https://exoplanetarchive.ipac.caltech.edu/docs/Kepler_KOI_docs.html target=ref>Q1-Q17 DR25 KOI Table</a>,,2017-05-08,False,False,True,True,False,False,False,True,,,,<a refstr=Q1_Q17_DR25_KOI_TABLE href=https://exoplanetarchive.ipac.caltech.edu/docs/Kepler_KOI_docs.html target=ref>Q1-Q17 DR25 KOI Table</a>,,2017-05-08,True,0.06279156658885729,148.07406984788798,779.3601973059052,14.398599088965872
