x,y
0.1,7.989714200950384e-08
0.10999549977498875,1.1695826407638945e-07
0.11999099954997751,1.6562501436336213e-07
0.12998649932496625,2.2809944894791713e-07
0.139981999099955,3.0677503210839425e-07
0.14997749887494377,4.0423663632397713e-07
0.1599729986499325,5.232605422746934e-07
0.16996849842492126,6.668144388414155e-07
0.17996399819991,8.380574231058592e-07
0.18995949797489875,1.0403400003505855e-06
0.1999549977498875,1.2772040840589986e-06
0.20995049752487627,1.5523829959153472e-06
0.219945997299865,1.8698014658047232e-06
0.22994149707485376,2.233575631813065e-06
0.23993699684984252,2.6480130402271532e-06
0.24993249662483125,3.117612645534612e-06
0.25992799639982,3.6470648104239127e-06
0.26992349617480876,4.241251305784368e-06
0.2799189959497975,4.905245310706135e-06
0.2899144957247862,5.644311412480213e-06
0.29990999549977504,6.46390560659846e-06
0.30990549527476374,7.369675296753546e-06
0.3199009950497525,8.367459294839023e-06
0.32989649482474126,9.463287820949265e-06
0.33989199459972996,1.0663382503379483e-05
0.3498874943747188,1.1974156378625768e-05
0.3598829941497075,1.3402213891385003e-05
0.3698784939246963,1.495435089455497e-05
0.379873993699685,1.663755464923424e-05
0.3898694934746737,1.8459003824722268e-05
0.3998649932496625,2.0426068498519367e-05
0.4098604930246512,2.2546310156326624e-05
0.41985599279964003,2.4827481692046064e-05
0.42985149257462874,2.7277527407780446e-05
0.43984699234961755,2.9904583013833507e-05
0.44984249212460625,3.271697562870968e-05
0.45983799189959496,3.5723223779114356e-05
0.46983349167458377,3.8932037399953766e-05
0.4798289914495725,4.235231783433487e-05
0.4898244912245613,4.599315783356564e-05
0.49981999099955,4.986384155715472e-05
0.5098154907745388,5.397384457281177e-05
0.5198109905495275,5.8332833856447124e-05
0.5298064903245162,6.295066779217208e-05
0.539801990099505,6.783739617229879e-05
0.5497974898744937,7.30032601973401e-05
0.5597929896494825,7.845869247600994e-05
0.5697884894244712,8.421431702522281e-05
0.57978398919946,9.028094927009424e-05
0.5897794889744488,9.666959604394064e-05
0.5997749887494375,0.00010339145558827903
0.6097704885244263,0.0001104579175528276
0.619765988299415,0.00011788056299550505
0.6297614880744037,0.0001256711643824311
0.6397569878493925,0.00013384168558792646
0.6497524876243812,0.00014240428189451235
0.65974798739937,0.0001513712999929111
0.6697434871743587,0.00016075527798204567
0.6797389869493474,0.00017056894536904006
0.6897344867243362,0.00018082522306921917
0.6997299864993249,0.00019153722340610837
0.7097254862743138,0.00020271825011143436
0.7197209860493025,0.0002143817983251241
0.7297164858242913,0.00022654155459530617
0.73971198559928,0.00023921139687830919
0.7497074853742687,0.0002524053945386631
0.7597029851492575,0.0002661378083490988
0.7696984849242462,0.0002804230904905475
0.779693984699235,0.0002952758845521418
0.7896894844742237,0.00031071102553121465
0.7996849842492125,0.0003267435398333004
0.8096804840242012,0.00034338864527213366
0.8196759837991899,0.0003606617510696503
0.8296714835741787,0.00037857845785598714
0.8396669833491675,0.0003971545576694811
0.8496624831241563,0.00041640603395667105
0.859657982899145,0.00043634906157229554
0.8696534826741337,0.0004570000067792948
0.8796489824491225,0.00047837542724880986
0.8896444822241112,0.000500492072060182
0.8996399819991,0.0005233668817009539
0.9096354817740887,0.0005470169880668688
0.9196309815490775,0.0005714597144618711
0.9296264813240662,0.0005967125755981054
0.9396219810990549,0.0006227932775959179
0.9496174808740437,0.0006497197179838555
0.9596129806490324,0.0006775099856986652
0.9696084804240213,0.0007061823610852961
0.97960398019901,0.0007357553158968967
0.9895994799739988,0.0007662475132948178
0.9995949797489875,0.0007976778078486096
1.0095904795239763,0.0008300652455360247
1.019585979298965,0.000863429063743015
1.0295814790739537,0.0008977886912637342
1.0395769788489426,0.0009331637483005375
1.0495724786239313,0.0009695740464639786
1.05956797839892,0.0010070395887728139
1.0695634781739087,0.0010455805696540004
1.0795589779488974,0.0010852173749426961
1.0895544777238864,0.0011259705818822603
1.099549977498875,0.0011678609591242502
1.1095454772738638,0.0012109094667284274
1.1195409770488527,0.0012551372561627537
1.1295364768238414,0.001300565670303389
1.13953197659883,0.0013472162434346974
1.1495274763738188,0.001395110701249242
1.1595229761488075,0.0014442709608477877
1.1695184759237964,0.0014947191307393005
1.1795139756987851,0.0015464775108409445
1.1895094754737738,0.0015995685924780879
1.1995049752487625,0.0016540150583842985
1.2095004750237512,0.0017098397827013448
1.2194959747987402,0.001767065830979197
1.2294914745737289,0.0018257164601760243
1.2394869743487176,0.0018858151186581982
1.2494824741237063,0.001947385446200291
1.259477973898695,0.002010451273985076
1.269473473673684,0.002075036624603527
1.2794689734486726,0.002141165712054817
1.2894644732236613,0.0022088629417463222
1.29945997299865,0.0022781529104936196
1.309455472773639,0.0023490604065204874
1.3194509725486276,0.0024216104094588998
1.3294464723236163,0.002495828090349038
1.339441972098605,0.002571738811639282
1.3494374718735938,0.0026493681271862113
1.3594329716485827,0.002728741782254609
1.3694284714235714,0.0028098857135174546
1.37942397119856,0.0028928260490559323
1.3894194709735488,0.002977589108359426
1.3994149707485375,0.0030642014023255205
1.4094104705235264,0.003152689633260003
1.4194059702985151,0.003243080694876857
1.4294014700735038,0.0033354016722982704
1.4393969698484925,0.003429679842054632
1.4493924696234812,0.0035259426720845297
1.4593879693984702,0.0036242178217347574
1.4693834691734589,0.003724533141760299
1.4793789689484476,0.0038269166743243503
1.4893744687234363,0.003931396652998303
1.4993699684984252,0.004038001502761752
1.509365468273414,0.004146759840002487
1.5193609680484026,0.004257700472516504
1.5293564678233913,0.004370852399508
1.53935196759838,0.004486244811589372
1.549347467373369,0.004603907090781219
1.5593429671483576,0.0047238688105123335
1.5693384669233463,0.004846159735619719
1.579333966698335,0.004970809822348573
1.5893294664733237,0.005097849218352299
1.5993249662483127,0.005227308262692499
1.6093204660233014,0.00535921748583897
1.61931596579829,0.005493607609669719
1.6293114655732788,0.005630509547470951
1.6393069653482675,0.0057699544039370694
1.6493024651232564,0.005911973475170684
1.659297964898245,0.006056598248682594
1.6692934646732338,0.0062038604033918116
1.6792889644482225,0.006353791809625543
1.6892844642232114,0.0065064245291192035
1.6992799639982001,0.006661790815016394
1.7092754637731888,0.00681992311186893
1.7192709635481775,0.006980854055636823
1.7292664633231662,0.007144616473688286
1.7392619630981552,0.007311243384799736
1.7492574628731439,0.007480767999155778
1.7592529626481326,0.007653223718349233
1.7692484624231213,0.007828644135381117
1.77924396219811,0.008007063034660646
1.789239461973099,0.00818851439200524
1.7992349617480876,0.008373032374640512
1.8092304615230763,0.008560651341200284
1.819225961298065,0.008751405841726576
1.8292214610730537,0.008945330617669611
1.8392169608480426,0.009142460601887814
1.8492124606230314,0.009342830918647797
1.85920796039802,0.00954647688362439
1.8692034601730088,0.009753434003900618
1.8791989599479977,0.009963737977967709
1.8891944597229864,0.01017742469572508
1.899189959497975,0.010394530238480365
1.9091854592729638,0.01061509087894939
1.9191809590479525,0.010839143081256181
1.9291764588229414,0.011066723500932976
1.9391719585979301,0.011297868984920195
1.9491674583729188,0.011532616571566474
1.9591629581479075,0.011771003490628644
1.9691584579228962,0.012013067163271737
1.9791539576978852,0.012258845202068994
1.9891494574728739,0.012508375411001837
1.9991449572478626,0.012761695785459909
2.009140457022851,0.013018844512241038
2.01913595679784,0.013279859969551281
2.029131456572829,0.013544780727004862
2.0391269563478174,0.01381364554562421
2.0491224561228063,0.014086493377839987
2.059117955897795,0.014363363367491007
2.0691134556727837,0.01464429484982434
2.0791089554477726,0.014929327351495212
2.089104455222761,0.015218500590567056
2.09909995499775,0.015511854476511544
2.109095454772739,0.0158094291102085
2.1190909545477274,0.016111264783945964
2.1290864543227164,0.016417401981420204
2.1390819540977053,0.016727881377735652
2.1490774538726938,0.01704274383940495
2.1590729536476827,0.01736203042434897
2.169068453422671,0.01768578238189673
2.17906395319766,0.01801404115278552
2.189059452972649,0.01834684836916076
2.1990549527476375,0.018684245854576103
2.2090504525226264,0.019026275623993425
2.219045952297615,0.01937297988378275
2.229041452072604,0.019724401031722367
2.2390369518475928,0.020080581656998713
2.2490324516225813,0.020441564540206427
2.25902795139757,0.0208073926533484
2.2690234511725587,0.02117810915983566
2.2790189509475476,0.021553757414487496
2.2890144507225365,0.021934380963531352
2.299009950497525,0.02232002354460287
2.309005450272514,0.022710729086745953
2.3190009500475024,0.02310654171041262
2.3289964498224913,0.02350750572746317
2.3389919495974802,0.023913665641166055
2.3489874493724687,0.024325066146197918
2.3589829491474577,0.024741752128643664
2.368978448922446,0.025163768665996317
2.378973948697435,0.025591161027157187
2.388969448472424,0.026023974672435723
2.3989649482474125,0.02646225525354957
2.4089604480224014,0.026906048613624646
2.41895594779739,0.027355400787194974
2.428951447572379,0.027810358000202862
2.4389469473473677,0.02827096666999878
2.448942447122356,0.028737273405341365
2.458937946897345,0.029209325006397537
2.4689334466723336,0.02968716846474233
2.4789289464473225,0.030170850963359058
2.4889244462223115,0.030660419876639186
2.4989199459973,0.03115592277038236
2.508915445772289,0.03165740740179651
2.518910945547278,0.03216492171949768
2.5289064453222663,0.03267851386351015
2.538901945097255,0.03319823216526643
2.5488974448722437,0.03372412514760715
2.5588929446472326,0.03425624152478125
2.5688884444222215,0.034794630202445796
2.57888394419721,0.03533934027766604
2.588879443972199,0.03589042103891551
2.5988749437471874,0.03644792196607585
2.6088704435221763,0.037011892730437
2.6188659432971653,0.03758238319469701
2.6288614430721537,0.03815944341296216
2.6388569428471427,0.03874312363074698
2.648852442622131,0.03933347428497411
2.65884794239712,0.03993054600397449
2.668843442172109,0.04053438960748718
2.6788389419470975,0.04114505610665947
2.6888344417220864,0.04176259670404689
2.698829941497075,0.04238706279361308
2.708825441272064,0.04301850596073
2.7188209410470527,0.04365697798217771
2.7288164408220412,0.04430253082614447
2.73881194059703,0.044955216652226855
2.7488074403720186,0.04561508781142949
2.7588029401470076,0.046282196846165344
2.7687984399219965,0.04695659649025548
2.778793939696985,0.04763833966892917
2.788789439471974,0.04832747949882398
2.7987849392469624,0.04902406928798555
2.8087804390219513,0.04972816253586784
2.81877593879694,0.05043981293333294
2.8287714385719287,0.051159074362651116
2.8387669383469176,0.05188600089750092
2.8487624381219065,0.05262064680296905
2.858757937896895,0.053363066535550376
2.868753437671884,0.05411331474314807
2.8787489374468724,0.05487144626507336
2.8887444372218614,0.05563751613204586
2.8987399369968503,0.056411579566193214
2.9087354367718388,0.057193691981051314
2.9187309365468277,0.05798390898156434
2.928726436321816,0.05878228636408453
2.938721936096805,0.05958888011637249
2.948717435871794,0.060403746417596875
2.9587129356467825,0.06122694163833458
2.9687084354217714,0.062058522340570785
2.97870393519676,0.06289854527769875
2.988699434971749,0.06374706739452005
2.9986949347467378,0.06460414582724437
3.0086904345217262,0.0654698379034896
3.018685934296715,0.06634420114228196
3.0286814340717036,0.06722729325405566
3.0386769338466926,0.0681191721406533
3.0486724336216815,0.06901989589532559
3.05866793339667,0.06992952280273139
3.068663433171659,0.07084811133893792
3.0786589329466474,0.07177572017142043
3.0886544327216363,0.07271240815906252
3.0986499324966252,0.07365823435215589
3.1086454322716137,0.0746132579924004
3.1186409320466026,0.07557753851290429
3.128636431821591,0.0765511355381838
3.13863193159658,0.07753410888416354
3.148627431371569,0.0785265185581762
3.1586229311465575,0.07952842475896268
3.1686184309215464,0.08053988787667218
3.178613930696535,0.08156096849286198
3.188609430471524,0.08259172738049769
3.1986049302465127,0.083632225503953
3.208600430021501,0.08468252401900979
3.21859592979649,0.08574268427285829
3.228591429571479,0.08681276780409682
3.2385869293464675,0.08789283634273184
3.2485824291214564,0.08898295181017822
3.258577928896445,0.09008317631925877
3.268573428671434,0.09119357217420476
3.278568928446423,0.09231420187065548
3.2885644282214113,0.0934451280956584
3.2985599279964,0.09458641372766939
3.3085554277713887,0.0957381218365523
3.3185509275463776,0.09690031568357933
3.3285464273213665,0.09807305872143084
3.338541927096355,0.09925641459419529
3.348537426871344,0.10045044713736954
3.3585329266463324,0.10165522037785844
3.3685284264213213,0.10287079853397524
3.3785239261963103,0.10409724601544125
3.3885194259712987,0.10533462742338597
3.3985149257462877,0.10658300755034722
3.408510425521276,0.10784245138027089
3.418505925296265,0.10911302408851126
3.428501425071254,0.11039479104183057
3.4384969248462425,0.11168781779839938
3.4484924246212314,0.11299217010779652
3.45848792439622,0.11430791391100886
3.468483424171209,0.11563511534043168
3.4784789239461977,0.11697384071986823
3.488474423721186,0.11832415656453009
3.498469923496175,0.11968612958103707
3.5084654232711636,0.12105982666741705
3.5184609230461525,0.12244531491310631
3.5284564228211415,0.12384266159894915
3.53845192259613,0.12525193419719807
3.548447422371119,0.126673200371514
3.5584429221461074,0.1281065279769657
3.5684384219210963,0.12955198506003054
3.578433921696085,0.13100963985859376
3.5884294214710737,0.13247956080194895
3.5984249212460626,0.13396181651079794
3.6084204210210515,0.13545647579725067
3.61841592079604,0.1369636076648252
3.628411420571029,0.13848328130844811
3.6384069203460174,0.1400155661144538
3.6484024201210064,0.14156053166058516
3.6583979198959953,0.1431182477159931
3.6683934196709838,0.14468878424123677
3.6783889194459727,0.14627221138828364
3.688384419220961,0.14786859950050918
3.69837991899595,0.1494780191126973
3.708375418770939,0.15110054095103992
3.7183709185459275,0.15273623593313712
3.7283664183209164,0.15438517516799743
3.738361918095905,0.15604742995603732
3.748357417870894,0.15772307178908168
3.7583529176458828,0.15941217235036345
3.7683484174208712,0.16111480351452373
3.77834391719586,0.16283103734761203
3.7883394169708486,0.16456094610708585
3.7983349167458376,0.16630460224181107
3.8083304165208265,0.1680620783920616
3.818325916295815,0.1698334473895196
3.828321416070804,0.17161878225727556
3.8383169158457924,0.17341815620982798
3.8483124156207813,0.17523164265308375
3.8583079153957702,0.1770593151843578
3.8683034151707587,0.17890124759237325
3.8782989149457476,0.18075751385726163
3.888294414720736,0.18262818815056245
3.898289914495725,0.18451334483522355
3.908285414270714,0.18641305846560094
3.9182809140457024,0.1883274037874587
3.9282764138206914,0.19025645573796943
3.93827191359568,0.1922002894457135
3.9482674133706688,0.19415898023067987
3.9582629131456577,0.19613260360426554
3.968258412920646,0.19812123526927558
3.978253912695635,0.20012495111992354
3.988249412470624,0.20214382724183097
3.9982449122456125,0.2041779399120276
4.008240412020601,0.20622736559895158
4.01823591179559,0.20829218096244892
4.028231411570578,0.21037246285377417
4.038226911345568,0.2124682883155901
4.048222411120556,0.21457973458196708
4.058217910895545,0.21670687907838443
4.068213410670533,0.2188497994217293
4.078208910445523,0.22100857342029726
4.088204410220511,0.2231832790737916
4.0981999099954995,0.22537399457332427
4.108195409770488,0.2275807983014153
4.118190909545477,0.22980376883199313
4.128186409320466,0.23204298493039374
4.138181909095454,0.234298525553362
4.148177408870444,0.23657046984905086
4.158172908645432,0.23885889715702097
4.168168408420421,0.2411638870082417
4.17816390819541,0.2434855191250908
4.1881594079703985,0.24582387342135334
4.198154907745387,0.24817903000222344
4.2081504075203755,0.2505510691643031
4.218145907295365,0.2529400713956027
4.228141407070353,0.2553461173755403
4.238136906845342,0.25776928797494275
4.248132406620331,0.260209664256045
4.25812790639532,0.2626673274724897
4.268123406170308,0.2651423590693284
4.2781189059452975,0.26763484068302057
4.288114405720286,0.2701448541414335
4.2981099054952745,0.2726724814638432
4.308105405270263,0.27521780486093367
4.318100905045252,0.2777809067347975
4.328096404820241,0.2803618696789345
4.338091904595229,0.28296077647825363
4.348087404370219,0.2855777101090719
4.358082904145207,0.288212753739114
4.368078403920196,0.2908659907275133
4.378073903695185,0.29353750462481143
4.3880694034701735,0.29622737917295766
4.398064903245162,0.29893569830530997
4.4080604030201505,0.3016625461466345
4.41805590279514,0.3044080070131056
4.428051402570128,0.30717216541230535
4.438046902345117,0.3099551060432246
4.448042402120106,0.3127569137962624
4.458037901895095,0.3155776737532253
4.468033401670083,0.3184174711873289
4.4780289014450725,0.32127639156319676
4.488024401220061,0.32415452053686
4.4980199009950494,0.3270519439557589
4.508015400770039,0.3299687478587416
4.518010900545027,0.3329050184760639
4.528006400320016,0.3358608422293905
4.538001900095004,0.33883630573179396
4.547997399869994,0.3418314957877556
4.557992899644982,0.3448464993931638
4.567988399419971,0.34788140373531606
4.57798389919496,0.35093629619291816
4.587979398969948,0.35401126433608315
4.597974898744937,0.3571063959263333
4.607970398519926,0.3602217789165988
4.617965898294915,0.36335750145121737
4.627961398069903,0.36651365186593576
4.637956897844892,0.36969031868790864
4.647952397619881,0.3728875906356992
4.65794789739487,0.37610555661927786
4.667943397169858,0.37934430574002415
4.677938896944847,0.3826039272907259
4.687934396719836,0.3858845107555781
4.697929896494824,0.38918614581018507
4.707925396269814,0.392508922321559
4.717920896044802,0.3958529303481196
4.727916395819791,0.39921826013969564
4.737911895594779,0.4026050021375238
4.747907395369769,0.4060132469742493
4.757902895144757,0.4094430854739245
4.7678983949197455,0.412894608652011
4.777893894694735,0.4163679077153786
4.787889394469723,0.4198630740623044
4.797884894244712,0.4233801992824745
4.807880394019701,0.42691937515698336
4.81787589379469,0.4304806936583326
4.827871393569678,0.434064246950433
4.837866893344667,0.43767012738860317
4.847862393119656,0.4412984275195704
4.8578578928946445,0.4449492400814691
4.867853392669633,0.4486226580038428
4.877848892444622,0.45231877440764345
4.887844392219611,0.45603768260523
4.897839891994599,0.4597794761003705
4.907835391769589,0.4635442485882416
4.917830891544577,0.46733209395542685
4.927826391319566,0.47114310627991907
4.937821891094555,0.4749773798311192
4.9478173908695435,0.4788350090698355
4.957812890644532,0.48271608864828547
4.9678083904195205,0.4866207134100942
4.97780389019451,0.4905489783902957
4.987799389969498,0.49450097881533095
4.997794889744487,0.49847681010305017
5.007790389519476,0.5024765678627117
5.017785889294465,0.5065003478949813
5.027781389069453,0.5105482461919336
5.0377768888444425,0.5146203589370518
5.047772388619431,0.5187167825052261
5.0577678883944195,0.5228376134627558
5.067763388169408,0.5269829485673484
5.077758887944397,0.5311528847681196
5.087754387719386,0.5353475192055924
5.097749887494374,0.5395669492116991
5.107745387269364,0.5438112723097802
5.117740887044352,0.5480805862145831
5.127736386819341,0.5523749888322648
5.13773188659433,0.5566945782603904
5.1477273863693185,0.5610394527879319
5.157722886144307,0.5654097108952709
5.167718385919295,0.5698054512541969
5.177713885694285,0.5742267727279073
5.187709385469273,0.5786737743710074
5.197704885244262,0.5831465554295114
5.207700385019251,0.5876452153408419
5.21769588479424,0.5921698537338281
5.227691384569228,0.5967205704287093
5.2376868843442175,0.6012974654371323
5.247682384119206,0.6059006389621514
5.257677883894194,0.6105301913982301
5.267673383669184,0.61518622333124
5.277668883444172,0.6198688355384598
5.287664383219161,0.6245781289885778
5.297659882994149,0.6293142048416897
5.307655382769139,0.6340771644493002
5.317650882544127,0.6388671093543207
5.327646382319116,0.643684141291072
5.337641882094105,0.6485283621852835
5.347637381869093,0.6533998741540912
5.357632881644082,0.6582987795060407
5.367628381419071,0.6632251807410854
5.37762388119406,0.6681791805505863
5.387619380969048,0.6731608818173135
5.397614880744037,0.6781703876154448
5.407610380519026,0.683207801210567
5.417605880294015,0.6882732260596732
5.427601380069003,0.6933667658111666
5.437596879843992,0.6984885243048585
5.447592379618981,0.7036386055719666
5.457587879393969,0.7088171138351187
5.467583379168959,0.7140241535083505
5.477578878943947,0.7192598291971046
5.487574378718936,0.7245242456982331
5.497569878493924,0.7298175079999963
5.507565378268914,0.7351397212820624
5.517560878043902,0.7404909909155071
5.5275563778188905,0.7458714224628151
5.53755187759388,0.7512811216778797
5.547547377368868,0.756720194506001
5.557542877143857,0.7621887470838887
5.567538376918846,0.7676868857396604
5.577533876693835,0.7732147169928407
5.587529376468823,0.7787723475543639
5.597524876243813,0.7843598843265723
5.607520376018801,0.7899774344032153
5.6175158757937895,0.7956251050694515
5.627511375568778,0.8013030038018476
5.637506875343767,0.8070112382683787
5.647502375118756,0.8127499163284269
5.657497874893744,0.8185191460327836
5.667493374668734,0.8243190356236489
5.677488874443722,0.8301496935346293
5.687484374218711,0.8360112283907409
5.6974798739937,0.8419037490084085
5.7074753737686885,0.8478273643954627
5.717470873543677,0.8537821837511448
5.7274663733186655,0.8597683164661031
5.737461873093655,0.8657858721223951
5.747457372868643,0.8718349604934845
5.757452872643632,0.877915691544245
5.767448372418621,0.8840281754309585
5.77744387219361,0.8901725225013135
5.787439371968598,0.8963488432944083
5.7974348717435875,0.9025572485407497
5.807430371518576,0.9087978491622504
5.8174258712935645,0.9150707562722331
5.827421371068553,0.9213760811754288
5.837416870843542,0.9277139353679767
5.847412370618531,0.9340844305374226
5.857407870393519,0.9404876785627222
5.867403370168509,0.9469237915142396
5.877398869943497,0.9533928816537448
5.887394369718486,0.9598950614344185
5.897389869493475,0.9664304435008494
5.9073853692684635,0.9729991406890318
5.917380869043452,0.9796012660263714
5.92737636881844,0.9862369327316806
5.93737186859343,0.9929062542151804
5.947367368368418,0.999609344078499
5.957362868143407,1.0063463161146737
5.967358367918396,1.013117284308151
5.977353867693385,1.019922362834783
5.987349367468373,1.026761666061832
5.9973448672433625,1.0336353085479688
6.007340367018351,1.0405434050432703
6.017335866793339,1.0474860704892233
6.027331366568329,1.0544634200187228
6.037326866343317,1.061475568956071
6.047322366118306,1.0685226328169792
6.057317865893294,1.0756047273085665
6.067313365668284,1.0827219683293607
6.077308865443272,1.0898744719692965
6.087304365218261,1.0970623545097182
6.09729986499325,1.1042857324233784
6.107295364768238,1.111544722374436
6.117290864543227,1.11883944121846
6.127286364318216,1.1261700060024276
6.137281864093205,1.1335365339647223
6.147277363868193,1.1409391425351376
6.157272863643182,1.1483779493348751
6.167268363418171,1.1558530721765445
6.17726386319316,1.1633646290641624
6.187259362968148,1.1709127381931548
6.197254862743137,1.1784975179503565
6.207250362518126,1.1861190869140084
6.217245862293114,1.1937775638537618
6.227241362068104,1.2014730677306757
6.237236861843092,1.2092057176972157
6.247232361618081,1.216975633097257
6.257227861393069,1.2247829334660836
6.267223361168059,1.232627738530387
6.277218860943047,1.2405101682082653
6.2872143607180355,1.2484303426092276
6.297209860493025,1.2563883820341901
6.307205360268013,1.2643844069754757
6.317200860043002,1.2724185381168176
6.327196359817991,1.280490896333357
6.33719185959298,1.2886016026916416
6.347187359367968,1.2967507784496286
6.3571828591429576,1.3049385450566844
6.367178358917946,1.3131650241535806
6.3771738586929345,1.3214303375724996
6.387169358467923,1.3297346073370313
6.397164858242912,1.3380779556621745
6.407160358017901,1.3464605049543337
6.417155857792889,1.3548823778113244
6.427151357567879,1.3633436970223698
6.437146857342867,1.371844585568099
6.447142357117856,1.380385166620552
6.457137856892845,1.3889655635431766
6.4671333566678335,1.3975858998908268
6.477128856442822,1.406246299409767
6.4871243562178105,1.414946886037669
6.4971198559928,1.4236877839036135
6.507115355767788,1.4324691173280875
6.517110855542777,1.4412910108229875
6.527106355317766,1.4501535890916197
6.537101855092755,1.4590569770286947
6.547097354867743,1.4680012997203347
6.5570928546427325,1.4769866824440698
6.567088354417721,1.4860132506688353
6.5770838541927095,1.4950811300549782
6.587079353967698,1.504190446454252
6.597074853742687,1.5133413259098194
6.607070353517676,1.5225338946562494
6.617065853292664,1.531768279119521
6.627061353067654,1.5410446059170217
6.637056852842642,1.550363001857545
6.647052352617631,1.559723593941294
6.65704785239262,1.5691265093598814
6.6670433521676085,1.5785718754963245
6.677038851942597,1.5880598199250522
6.687034351717586,1.597590470411901
6.697029851492575,1.6071639549141132
6.707025351267563,1.6167804015803418
6.717020851042552,1.6264399387506476
6.727016350817541,1.6361426949564997
6.73701185059253,1.645888798920773
6.747007350367518,1.655678379557754
6.7570028501425075,1.6655115659731372
6.766998349917496,1.6753884874640208
6.776993849692484,1.6853092735189166
6.786989349467474,1.6952740538177429
6.796984849242462,1.7052829582318236
6.806980349017451,1.7153361168238945
6.816975848792439,1.7254336598480975
6.826971348567429,1.7355757177499846
6.836966848342417,1.7457624211665124
6.846962348117406,1.7559939009260495
6.856957847892395,1.766270288048371
6.866953347667383,1.7765917137446596
6.876948847442372,1.786958309417507
6.886944347217361,1.7973702066609147
6.89693984699235,1.8078275372602883
6.906935346767338,1.8183304331924455
6.916930846542327,1.8288790266256103
6.926926346317316,1.8394734499194167
6.9369218460923046,1.8501138356249036
6.946917345867293,1.8608003164845204
6.956912845642282,1.8715330254321263
6.966908345417271,1.8823120955929835
6.976903845192259,1.8931376602837684
6.986899344967249,1.9040098530125622
6.996894844742237,1.9149288074788537
7.006890344517226,1.925894657573542
7.016885844292214,1.936907537378934
7.0268813440672035,1.9479675811687451
7.036876843842192,1.9590749234080957
7.0468723436171805,1.9702296987535182
7.05686784339217,1.9814320420529532
7.066863343167158,1.992682088345746
7.076858842942147,2.0039799728626524
7.086854342717136,2.0153258310258386
7.096849842492125,2.0267197984488736
7.106845342267113,2.0381620109367398
7.1168408420421025,2.0496526044858254
7.126836341817091,2.061191715283926
7.1368318415920795,2.072779479710247
7.146827341367068,2.0844160343354017
7.156822841142057,2.096101515921412
7.166818340917046,2.1078360614217053
7.176813840692034,2.1196198079811217
7.186809340467024,2.1314528929359065
7.196804840242012,2.1433354538137115
7.206800340017001,2.155267628333602
7.21679583979199,2.1672495544060473
7.2267913395669785,2.179281370132925
7.236786839341967,2.191363213807523
7.2467823391169555,2.203495223914537
7.256777838891945,2.2156775391300703
7.266773338666933,2.2279102983216323
7.276768838441922,2.2401936405481444
7.286764338216911,2.2525277050599355
7.2967598379919,2.264912631298739
7.306755337766888,2.2773485588977005
7.3167508375418775,2.2898356276813736
7.326746337316866,2.3023739776657166
7.3367418370918545,2.3149637490581
7.346737336866843,2.3276050822573007
7.356732836641832,2.3402981178535045
7.366728336416821,2.3530429966283033
7.376723836191809,2.3658398595547
7.386719335966799,2.3786888477971053
7.396714835741787,2.391590102711335
7.406710335516776,2.4045437658446165
7.416705835291765,2.4175499789355857
7.4267013350667535,2.4306088839142825
7.436696834841742,2.44372062290216
7.446692334616731,2.456885338212077
7.45668783439172,2.4701031723483
7.466683334166708,2.483374268006504
7.476678833941697,2.496698768073774
7.486674333716686,2.510076815628603
7.496669833491675,2.5235085539408884
7.506665333266663,2.536994126471939
7.5166608330416524,2.550533676874474
7.526656332816641,2.5641273489926144
7.536651832591629,2.5777752868618946
7.546647332366619,2.5914776347092574
7.556642832141607,2.6052345369530494
7.566638331916596,2.619046138203029
7.576633831691584,2.632912583260363
7.586629331466574,2.646834017117625
7.596624831241562,2.6608105849587953
7.6066203310165506,2.6748424321592656
7.61661583079154,2.688929704285836
7.626611330566528,2.7030725470967103
7.636606830341517,2.7172711065415043
7.646602330116506,2.7315255287612428
7.656597829891495,2.7458359600883546
7.666593329666483,2.7602025470466804
7.676588829441472,2.774625436351468
7.686584329216461,2.7891047749093745
7.6965798289914495,2.8036407098184615
7.706575328766438,2.8182333883682023
7.716570828541427,2.8328829580394794
7.726566328316416,2.847589566504578
7.736561828091404,2.8623533616271972
7.746557327866394,2.877174491462443
7.756552827641382,2.892053104256826
7.766548327416371,2.906989348448269
7.776543827191359,2.921983372666103
7.7865393269663485,2.937035325731065
7.796534826741337,2.9521453566553
7.8065303265163255,2.967313614642363
7.816525826291315,2.9825402490872186
7.826521326066303,2.9978254095762344
7.836516825841292,3.0131692458871906
7.846512325616281,3.0285719079892757
7.85650782539127,3.0440335460430825
7.866503325166258,3.0595543104006153
7.8764988249412475,3.0751343516052883
7.886494324716236,3.0907738203919175
7.8964898244912245,3.1064728676867333
7.906485324266213,3.1222316446073712
7.916480824041202,3.1380503024628785
7.926476323816191,3.1539289927537038
7.936471823591179,3.1698678671717095
7.946467323366169,3.185867077600167
7.956462823141157,3.2019267761137504
7.966458322916146,3.2180471149785466
7.976453822691135,3.2342282466520507
7.9864493224661235,3.2504703237831616
7.996444822241112,3.2667734992121917
8.0064403220161,3.283137925970858
8.01643582179109,3.29956375728229
8.02643132156608,3.31605114656102
8.036426821341067,3.332600247412988
8.046422321116056,3.349211213635552
8.056417820891046,3.3658841992174677
8.066413320666033,3.3826193583388986
8.076408820441022,3.3994168453714284
8.086404320216012,3.4162768148780374
8.096399819991,3.433199421613114
8.106395319765989,3.450184820522465
8.116390819540976,3.4672331667432927
8.126386319315966,3.4843446156042206
8.136381819090955,3.5015193226252705
8.146377318865943,3.518757443517872
8.156372818640932,3.5360591341848724
8.166368318415921,3.5534245507205187
8.176363818190909,3.570853849410466
8.186359317965898,3.5883471867317858
8.196354817740888,3.605904719352949
8.206350317515875,3.6235266041338345
8.216345817290865,3.6412129981257406
8.226341317065854,3.6589640585713616
8.236336816840842,3.6767799429048016
8.246332316615831,3.6946608087515824
8.25632781639082,3.7126068139286246
8.266323316165808,3.7306181164442553
8.276318815940797,3.7486948744982214
8.286314315715785,3.7668372464816646
8.296309815490774,3.7850453909771473
8.306305315265764,3.803319466758631
8.316300815040751,3.821659632791484
8.32629631481574,3.8400660482324946
8.33629181459073,3.8585388724298477
8.346287314365718,3.8770782649231386
8.356282814140707,3.895684385443378
8.366278313915696,3.914357393912976
8.376273813690684,3.9330974504457514
8.386269313465673,3.9519047153469415
8.396264813240663,3.970779349113181
8.40626031301565,3.9897215124325114
8.41625581279064,4.008731366184396
8.426251312565629,4.027809071439693
8.436246812340617,4.0469547894606706
8.446242312115606,4.066168681701014
8.456237811890595,4.085450909805807
8.466233311665583,4.104801635611544
8.476228811440572,4.124221021146134
8.48622431121556,4.1437092286288815
8.49621981099055,4.1632664204705145
8.506215310765539,4.182892759273158
8.516210810540526,4.202588407830343
8.526206310315516,4.222353529127025
8.536201810090505,4.242188286339551
8.546197309865493,4.26209284283568
8.556192809640482,4.282067362174587
8.566188309415471,4.302112008106846
8.576183809190459,4.322226944574441
8.586179308965448,4.342412335710772
8.596174808740438,4.362668345840637
8.606170308515425,4.3829951394802436
8.616165808290415,4.403392881337218
8.626161308065404,4.423861736310582
8.636156807840392,4.444401869490768
8.646152307615381,4.465013446159627
8.65614780739037,4.485696631790407
8.666143307165358,4.506451592047761
8.676138806940347,4.527278492787767
8.686134306715337,4.548177500057896
8.696129806490324,4.56914878009703
8.706125306265314,4.590192499335467
8.716120806040301,4.611308824394901
8.72611630581529,4.632497922088449
8.73611180559028,4.653759959420622
8.746107305365268,4.675095103587344
8.756102805140257,4.696503521975954
8.766098304915246,4.717985382165192
8.776093804690234,4.739540851925201
8.786089304465223,4.7611700992175505
8.796084804240213,4.782873292195199
8.8060803040152,4.804650599202519
8.81607580379019,4.826502188775301
8.826071303565179,4.8484282296407315
8.836066803340167,4.870428890717406
8.846062303115156,4.892504341115339
8.856057802890145,4.914654750135942
8.866053302665133,4.936880287272035
8.876048802440122,4.959181122207857
8.886044302215112,4.981557424819045
8.8960398019901,5.004009365172644
8.906035301765089,5.026537113527116
8.916030801540078,5.049140840332323
8.926026301315066,5.071820716229533
8.936021801090055,5.094576912051438
8.946017300865043,5.117409598822115
8.956012800640032,5.1403189477570725
8.966008300415021,5.16330513026321
8.976003800190009,5.186368317938839
8.985999299964998,5.209508682573689
8.995994799739988,5.232726396148886
9.005990299514975,5.256021630836964
9.015985799289965,5.2793945590018785
9.025981299064954,5.30284535319898
9.035976798839942,5.326374186175027
9.045972298614931,5.3499812308682
9.05596779838992,5.373666660408073
9.065963298164908,5.3974306481156304
9.075958797939897,5.421273367503276
9.085954297714887,5.445194992274811
9.095949797489874,5.469195696325441
9.105945297264864,5.4932756537417955
9.115940797039853,5.5174350388019
9.12593629681484,5.541674025975188
9.13593179658983,5.56599278992251
9.145927296364817,5.590391505496112
9.155922796139807,5.614870347739664
9.165918295914796,5.639429491888234
9.175913795689784,5.664069113368291
9.185909295464773,5.688789387797733
9.195904795239763,5.713590490985849
9.20590029501475,5.738472598933336
9.21589579478974,5.763435887832315
9.225891294564729,5.7884805340662995
9.235886794339716,5.813606714210212
9.245882294114706,5.838814605030397
9.255877793889695,5.864104383484594
9.265873293664683,5.889476226721948
9.275868793439672,5.914930312083031
9.285864293214662,5.940466817099805
9.29585979298965,5.966085919495641
9.305855292764639,5.991787797185334
9.315850792539628,6.0175726282750714
9.325846292314615,6.043440591062449
9.335841792089605,6.0693918640364855
9.345837291864594,6.095426625877594
9.355832791639582,6.121545055457594
9.365828291414571,6.14774733183973
9.375823791189559,6.174033634278634
9.385819290964548,6.200404142220365
9.395814790739538,6.226859035302376
9.405810290514525,6.25339849335353
9.415805790289514,6.280022696394111
9.425801290064504,6.306731824635797
9.435796789839491,6.333526058481675
9.44579228961448,6.360405578526251
9.45578778938947,6.387370565555431
9.465783289164458,6.414421200546523
9.475778788939447,6.441557664668264
9.485774288714437,6.468780139280778
9.495769788489424,6.496088805935601
9.505765288264413,6.523483846375693
9.515760788039403,6.5509654425354045
9.52575628781439,6.578533776540495
9.53575178758938,6.606189030708148
9.54574728736437,6.63393138754694
9.555742787139357,6.661761029756856
9.565738286914346,6.689678140229302
9.575733786689334,6.717682902047074
9.585729286464323,6.745775498484399
9.595724786239312,6.773956113006892
9.6057202860143,6.802224929271577
9.61571578578929,6.830582131126906
9.625711285564279,6.859027902612718
9.635706785339266,6.8875624279602645
9.645702285114256,6.916185891592219
9.655697784889245,6.944898478122648
9.665693284664233,6.973700372357026
9.675688784439222,7.00259175929225
9.685684284214211,7.031572824116611
9.695679783989199,7.06064375220981
9.705675283764188,7.089804729142968
9.715670783539178,7.119055940678602
9.725666283314165,7.1483975727706355
9.735661783089155,7.177829811564413
9.745657282864144,7.20735284339668
9.755652782639132,7.23696685479558
9.765648282414121,7.266672032480686
9.77564378218911,7.296468563362965
9.785639281964098,7.326356634544788
9.795634781739087,7.356336433319951
9.805630281514075,7.38640814717364
9.815625781289064,7.416571963782468
9.825621281064054,7.446828071014439
9.835616780839041,7.477176656928968
9.84561228061403,7.507617909776894
9.85560778038902,7.538152018000445
9.865603280164008,7.5687791702332605
9.875598779938997,7.599499555300403
9.885594279713986,7.630313362218327
9.895589779488974,7.661220780194895
9.905585279263963,7.692221998629394
9.915580779038953,7.723317207112505
9.92557627881394,7.7545065954263155
9.93557177858893,7.785790353544336
9.945567278363919,7.817168671631469
9.955562778138907,7.848641740044032
9.965558277913896,7.880209749329755
9.975553777688885,7.911872890227772
9.985549277463873,7.943631353668615
9.995544777238862,7.97548533077425
10.005540277013852,8.007435012858025
10.01553577678884,8.039480591424704
10.025531276563829,8.071622258170475
10.035526776338816,8.103860204982904
10.045522276113806,8.136194623941002
10.055517775888795,8.168625707315153
10.065513275663783,8.201153647567168
10.075508775438772,8.233778637350268
10.085504275213761,8.266500869509075
10.095499774988749,8.299320537079613
10.105495274763738,8.332237833289335
10.115490774538728,8.365252951557087
10.125486274313715,8.398366085493116
10.135481774088705,8.4315774288991
10.145477273863694,8.464887175768107
10.155472773638682,8.498295520284612
10.165468273413671,8.531802656824519
10.17546377318866,8.565408779955115
10.185459272963648,8.599114084435106
10.195454772738637,8.632918765214614
10.205450272513627,8.666823017435156
10.215445772288614,8.700827036429658
10.225441272063604,8.73493101772247
10.235436771838591,8.769135157029329
10.24543227161358,8.8034396502574
10.25542777138857,8.837844693505243
10.265423271163558,8.872350483062823
10.275418770938547,8.906957215411527
10.285414270713536,8.941665087224145
10.295409770488524,8.976474295364863
10.305405270263513,9.011385036889298
10.315400770038503,9.046397509044455
10.32539626981349,9.081511909268754
10.33539176958848,9.116728435192032
10.345387269363469,9.152047284635522
10.355382769138457,9.18746865561186
10.365378268913446,9.222992746325117
10.375373768688435,9.258619755170747
10.385369268463423,9.294349880735613
10.395364768238412,9.330183321798005
10.405360268013402,9.366120277327607
10.41535576778839,9.402160946485505
10.425351267563379,9.438305528624213
10.435346767338368,9.474554223287639
10.445342267113356,9.510907230211092
10.455337766888345,9.547364749321316
10.465333266663333,9.583926980736432
10.475328766438322,9.620594124766
10.485324266213311,9.657366381910963
10.495319765988299,9.694243952863674
10.505315265763288,9.731227038507916
10.515310765538278,9.768315839918857
10.525306265313265,9.805510558363078
10.535301765088255,9.842811395298586
10.545297264863244,9.880218552374773
10.555292764638232,9.917732231432446
10.56528826441322,9.95535263450383
10.57528376418821,9.99307996381255
10.585279263963198,10.030914421773629
10.595274763738187,10.068856210993525
10.605270263513177,10.106905534270084
10.615265763288164,10.145062594592554
10.625261263063154,10.183327595141618
10.635256762838143,10.221700739289343
10.64525226261313,10.260182230599206
10.65524776238812,10.298772272826113
10.665243262163107,10.337471069916349
10.675238761938097,10.376278826007637
10.685234261713086,10.415195745429084
10.695229761488074,10.45422203270121
10.705225261263063,10.493357892535961
10.715220761038053,10.532603529836669
10.72521626081304,10.571959149698078
10.73521176058803,10.611424957406356
10.745207260363019,10.651001158439065
10.755202760138006,10.69068795846517
10.765198259912996,10.73048556334507
10.775193759687985,10.770394179130541
10.785189259462973,10.810414012064781
10.795184759237962,10.850545268582406
10.805180259012952,10.890788155309426
10.81517575878794,10.931142879063255
10.825171258562929,10.97160964685274
10.835166758337918,11.012188665878112
10.845162258112905,11.052880143531011
10.855157757887895,11.093684287394508
10.865153257662884,11.134601305243056
10.875148757437872,11.175631405042525
10.885144257212861,11.216774794950206
10.895139756987849,11.258031683314776
10.905135256762838,11.299402278676343
10.915130756537827,11.340886789766405
10.925126256312815,11.38248542550787
10.935121756087804,11.424198395015072
10.945117255862794,11.466025907593734
10.955112755637781,11.507968172740982
10.96510825541277,11.550025400145383
10.97510375518776,11.59219779968688
10.985099254962748,11.63448558143683
10.995094754737737,11.676888955658017
11.005090254512726,11.71940813280461
11.015085754287714,11.762043323522189
11.025081254062703,11.804794738647768
11.035076753837693,11.847662589209738
11.04507225361268,11.890647086427906
11.05506775338767,11.933748441713504
11.06506325316266,11.976966866669157
11.075058752937647,12.020302573088887
11.085054252712636,12.063755772958158
11.095049752487625,12.107326678453811
11.105045252262613,12.151015501944103
11.115040752037602,12.194822455988717
11.12503625181259,12.238747753338714
11.13503175158758,12.282791606936593
11.145027251362569,12.326954229916243
11.155022751137556,12.371235835602954
11.165018250912546,12.415636637513456
11.175013750687535,12.460156849355855
11.185009250462523,12.504796685029671
11.195004750237512,12.549556358625857
11.205000250012501,12.594436084426743
11.214995749787489,12.639436076906073
11.224991249562478,12.684556550729024
11.234986749337468,12.729797720752154
11.244982249112455,12.775159802023431
11.254977748887445,12.820643009782254
11.264973248662434,12.866247559459406
11.274968748437422,12.91197366667708
11.284964248212411,12.9578215472489
11.2949597479874,13.003791417179874
11.304955247762388,13.049883492666421
11.314950747537377,13.096097990096386
11.324946247312365,13.142435126049
11.334941747087354,13.18889511729492
11.344937246862344,13.235478180796198
11.354932746637331,13.282184533706298
11.36492824641232,13.329014393370104
11.37492374618731,13.37596797732389
11.384919245962298,13.42304550329534
11.394914745737287,13.470247189203567
11.404910245512276,13.517573253159071
11.414905745287264,13.565023913463758
11.424901245062253,13.612599388610969
11.434896744837243,13.660299897285423
11.44489224461223,13.708125658363256
11.45488774438722,13.75607689091203
11.464883244162209,13.80415381419069
11.474878743937197,13.852356647649597
11.484874243712186,13.900685610930534
11.494869743487175,13.949140923866677
11.504865243262163,13.997722806482608
11.514860743037152,14.046431478994334
11.524856242812142,14.095267161809259
11.53485174258713,14.144230075526181
11.544847242362119,14.193320440935343
11.554842742137106,14.242538479018359
11.564838241912096,14.29188441094828
11.574833741687085,14.341358458089545
11.584829241462073,14.390960841997998
11.594824741237062,14.440691784420922
11.604820241012051,14.490551507296976
11.614815740787039,14.540540232756234
11.624811240562028,14.590658183120194
11.634806740337018,14.64090558090175
11.644802240112005,14.691282648805188
11.654797739886995,14.741789609726247
11.664793239661984,14.792426686752032
11.674788739436972,14.84319410316106
11.684784239211961,14.894092082423294
11.69477973898695,14.94512084820006
11.704775238761938,14.996280624344108
11.714770738536927,15.047571634899615
11.724766238311917,15.09899410410214
11.734761738086904,15.150548256378652
11.744757237861894,15.202234316347552
11.754752737636881,15.25405250881862
11.76474823741187,15.306003058793074
11.77474373718686,15.358086191463515
11.784739236961848,15.410302132213952
11.794734736736837,15.462651106619829
11.804730236511826,15.515133340447973
11.814725736286814,15.567749059656617
11.824721236061803,15.62049849039543
11.834716735836793,15.673381859005463
11.84471223561178,15.726399392019172
11.85470773538677,15.779551316160454
11.864703235161759,15.832837858344584
11.874698734936747,15.886259245678245
11.884694234711736,15.939815705459548
11.894689734486725,15.993507465178002
11.904685234261713,16.047334752514512
11.914680734036702,16.101297795341416
11.924676233811692,16.155396821722444
11.93467173358668,16.209632059912728
11.944667233361669,16.26400373835883
11.954662733136658,16.318512085698707
11.964658232911646,16.373157330761707
11.974653732686635,16.42793970256863
11.984649232461623,16.482859430331636
11.994644732236612,16.537916743454332
12.004640232011601,16.59311187153171
12.014635731786589,16.64844504435017
12.024631231561578,16.70391649188754
12.034626731336568,16.75952644431304
12.044622231111555,16.815275131987285
12.054617730886545,16.871162785462342
12.064613230661534,16.927189635481643
12.074608730436521,16.983355912980034
12.08460423021151,17.039661849083803
12.0945997299865,17.096107675110613
12.104595229761488,17.15269362256953
12.114590729536477,17.209419923161068
12.124586229311467,17.266286808777107
12.134581729086454,17.323294511500954
12.144577228861444,17.38044326360733
12.154572728636433,17.437733297562353
12.16456822841142,17.495164846023542
12.17456372818641,17.552738141839857
12.1845592279614,17.61045341805163
12.194554727736387,17.66831090789061
12.204550227511376,17.726310844779974
12.214545727286364,17.784453462334277
12.224541227061353,17.84273899435952
12.234536726836343,17.90116767485308
12.24453222661133,17.959739738003734
12.25452772638632,18.018455418191717
12.264523226161309,18.077314949988626
12.274518725936296,18.13631856815747
12.284514225711286,18.195466507652696
12.294509725486275,18.254759003620133
12.304505225261263,18.314196291397018
12.314500725036252,18.373778606512023
12.324496224811242,18.433506184685193
12.334491724586229,18.493379261827993
12.344487224361218,18.553398074043326
12.354482724136208,18.613562857625453
12.364478223911195,18.67387384906007
12.374473723686185,18.73433128502429
12.384469223461174,18.794935402386624
12.394464723236162,18.855686438206973
12.404460223011151,18.916584629736686
12.414455722786139,18.97763021441848
12.424451222561128,19.03882342988651
12.434446722336117,19.100164513966327
12.444442222111105,19.161653704674876
12.454437721886094,19.223291240220547
12.464433221661084,19.2850773590031
12.474428721436071,19.347012299613713
12.48442422121106,19.409096300835003
12.49441972098605,19.471329601640956
12.504415220761038,19.53371244119697
12.514410720536027,19.59624505885988
12.524406220311016,19.658927694177905
12.534401720086004,19.721760586890667
12.544397219860993,19.784743976929228
12.554392719635983,19.84787810441603
12.56438821941097,19.911163209664917
12.57438371918596,19.974599533181173
12.58437921896095,20.03818731566147
12.594374718735937,20.101926797993872
12.604370218510926,20.1658182212579
12.614365718285915,20.229861826724434
12.624361218060903,20.294057855855776
12.634356717835892,20.35840655030566
12.64435221761088,20.422908151919184
12.65434771738587,20.487562902732908
12.664343217160859,20.552371044974763
12.674338716935846,20.617332821064075
12.684334216710836,20.682448473611633
12.694329716485825,20.747718245419584
12.704325216260813,20.813142379481494
12.714320716035802,20.878721118982366
12.724316215810791,20.944454707298576
12.734311715585779,21.01034338799791
12.744307215360768,21.076387404839597
12.754302715135758,21.14258700177424
12.764298214910745,21.20894242294385
12.774293714685735,21.275453912681872
12.784289214460724,21.342121715513144
12.794284714235712,21.4089460761539
12.804280214010701,21.475927239511808
12.81427571378569,21.54306545068593
12.824271213560678,21.61036095496672
12.834266713335667,21.677813997836083
12.844262213110655,21.74542482496728
12.854257712885644,21.813193682225034
12.864253212660634,21.881120815665437
12.874248712435621,21.949206471535987
12.88424421221061,22.01745089627563
12.8942397119856,22.08585433651468
12.904235211760588,22.15441703907486
12.914230711535577,22.22313925096935
12.924226211310566,22.29202121940268
12.934221711085554,22.3610631917708
12.944217210860543,22.43026541566111
12.954212710635533,22.499628138852373
12.96420821041052,22.569151609314762
12.97420371018551,22.638836075209895
12.984199209960499,22.70868178489076
12.994194709735487,22.77868898690176
13.004190209510476,22.848857929978735
13.014185709285465,22.919188863048905
13.024181209060453,22.989682035230885
13.034176708835442,23.060337695834747
13.044172208610432,23.13115609436193
13.05416770838542,23.202137480505282
13.064163208160409,23.273282104149096
13.074158707935396,23.344590215369024
13.084154207710386,23.41606206443217
13.094149707485375,23.487697901797024
13.104145207260363,23.559497978113466
13.114140707035352,23.631462544222828
13.124136206810341,23.70359185115782
13.134131706585329,23.775886150142558
13.144127206360318,23.848345692592595
13.154122706135308,23.920970730114856
13.164118205910295,23.993761514507693
13.174113705685285,24.066718297760875
13.184109205460274,24.139841332055564
13.194104705235262,24.213130869764314
13.204100205010251,24.28658716345114
13.21409570478524,24.360210465871422
13.224091204560228,24.43400102997194
13.234086704335217,24.507959108890933
13.244082204110207,24.582084955957995
13.254077703885194,24.656378824694148
13.264073203660184,24.730840968811844
13.274068703435173,24.805471642214908
13.28406420321016,24.880271098998577
13.29405970298515,24.955239593449537
13.304055202760138,25.030377380045824
13.314050702535127,25.105684713456938
13.324046202310116,25.181161848543745
13.334041702085104,25.256809040358526
13.344037201860093,25.332626544144997
13.354032701635083,25.40861461533826
13.36402820141007,25.48477350956481
13.37402370118506,25.561103482642594
13.384019200960049,25.637604790580934
13.394014700735037,25.714277689580552
13.404010200510026,25.791122436033625
13.414005700285015,25.86813928652369
13.424001200060003,25.9453284978257
13.433996699834992,26.022690326906055
13.443992199609982,26.100225030922513
13.45398769938497,26.177932867224257
13.463983199159959,26.25581409335191
13.473978698934948,26.333868967037454
13.483974198709936,26.412097746204296
13.493969698484925,26.490500688967277
13.503965198259912,26.56907805363261
13.513960698034902,26.64783009869795
13.523956197809891,26.726757082852327
13.533951697584879,26.805859264976185
13.543947197359868,26.885136904141415
13.553942697134858,26.96459025961127
13.563938196909845,27.044219590840413
13.573933696684835,27.124025157474957
13.583929196459824,27.20400721935239
13.593924696234811,27.284166036501595
13.6039201960098,27.364501869142913
13.61391569578479,27.445014977688043
13.623911195559778,27.52570562274011
13.633906695334767,27.60657406509366
13.643902195109757,27.68762056573464
13.653897694884744,27.76884538584038
13.663893194659734,27.850248786779666
13.673888694434723,27.93183103011265
13.68388419420971,28.013592377590907
13.6938796939847,28.09553309115744
13.70387519375969,28.177653432946634
13.713870693534677,28.259953665284264
13.723866193309666,28.342434050687576
13.733861693084654,28.42509485186516
13.743857192859643,28.507936331717072
13.753852692634633,28.59095875333472
13.76384819240962,28.674162380000947
13.77384369218461,28.757547475190023
13.783839191959599,28.84111430256759
13.793834691734586,28.924863125990708
13.803830191509576,29.008794209507872
13.813825691284565,29.092907817358956
13.823821191059553,29.17720421397524
13.833816690834542,29.26168366397944
13.843812190609531,29.346346432185666
13.853807690384519,29.431192783599403
13.863803190159508,29.51622298341762
13.873798689934498,29.60143729702862
13.883794189709485,29.68683599001214
13.893789689484475,29.77241932813935
13.903785189259464,29.858187577372796
13.913780689034452,29.944141003866427
13.923776188809441,30.030279873965647
13.933771688584429,30.116604454207206
13.943767188359418,30.203115011319326
13.953762688134407,30.289811812221586
13.963758187909395,30.376695124024984
13.973753687684384,30.46376521403196
13.983749187459374,30.551022349736318
13.993744687234361,30.638466798823274
14.00374018700935,30.726098829169505
14.01373568678434,30.81391870884304
14.023731186559328,30.90192670610331
14.033726686334317,30.990123089401223
14.043722186109306,31.07850812737902
14.053717685884294,31.167082088870384
14.063713185659283,31.255845242900413
14.073708685434273,31.344797858685602
14.08370418520926,31.433940205633842
14.09369968498425,31.523272553344462
14.10369518475924,31.61279517160818
14.113690684534227,31.70250833040711
14.123686184309216,31.792412299914808
14.133681684084205,31.882507350496223
14.143677183859193,31.972793752707673
14.153672683634182,32.06327177729696
14.16366818340917,32.15394169520323
14.17366368318416,32.24480377755708
14.183659182959149,32.335858295680495
14.193654682734136,32.42710552108684
14.203650182509126,32.51854572548095
14.213645682284115,32.610179180759026
14.223641182059103,32.702006159008675
14.233636681834092,32.79402693250895
14.243632181609081,32.88624177373027
14.253627681384069,32.97865095533447
14.263623181159058,33.07125475017482
14.273618680934048,33.16405343129599
14.283614180709035,33.257047271934006
14.293609680484025,33.35023654551638
14.303605180259014,33.443621525661996
14.313600680034002,33.53720248618112
14.323596179808991,33.630979701075496
14.33359167958398,33.7249534445382
14.343587179358968,33.81912399095375
14.353582679133957,33.91349161489809
14.363578178908947,34.00805659113855
14.373573678683934,34.10281919463385
14.383569178458924,34.19777970053418
14.393564678233911,34.29293838418105
14.4035601780089,34.38829552110747
14.41355567778389,34.4838513870378
14.423551177558878,34.57960625788781
14.433546677333867,34.67556040976472
14.443542177108856,34.77171411896711
14.453537676883844,34.86806766198497
14.463533176658833,34.96462131549976
14.473528676433823,35.06137535638428
14.48352417620881,35.158330061702756
14.4935196759838,35.255485708710836
14.503515175758789,35.35284257485558
14.513510675533777,35.45040093777541
14.523506175308766,35.54816107530024
14.533501675083755,35.64612326545132
14.543497174858743,35.74428778644131
14.553492674633732,35.842654916674334
14.563488174408722,35.94122493474588
14.57348367418371,36.03999811944284
14.583479173958699,36.138974749743554
14.593474673733686,36.238155104817714
14.603470173508676,36.337539464026484
14.613465673283665,36.43712810692238
14.623461173058653,36.536921313249344
14.633456672833642,36.636919362942756
14.643452172608631,36.73712253612938
14.653447672383619,36.83753111312734
14.663443172158608,36.93814537444628
14.673438671933598,37.03896560078716
14.683434171708585,37.13999207304235
14.693429671483575,37.2412250722957
14.703425171258564,37.3426648798224
14.713420671033552,37.44431177708906
14.723416170808541,37.54616604575375
14.73341167058353,37.648227967665875
14.743407170358518,37.750497824866265
14.753402670133507,37.85297589958722
14.763398169908497,37.95566247425238
14.773393669683484,38.05855783147678
14.783389169458474,38.16166225406697
14.793384669233463,38.264976025020786
14.80338016900845,38.36849942752752
14.81337566878344,38.47223274496791
14.823371168558428,38.576176260914025
14.833366668333417,38.680330259129434
14.843362168108406,38.78469502356903
14.853357667883394,38.88927083837915
14.863353167658383,38.99405798789755
14.873348667433373,39.09905675665338
14.88334416720836,39.204267429367185
14.89333966698335,39.30969029095097
14.903335166758339,39.41532562650807
14.913330666533327,39.521173721333284
14.923326166308316,39.62723486091283
14.933321666083305,39.733509330924285
14.943317165858293,39.839997417236646
14.953312665633282,39.94669940591037
14.963308165408272,40.05361558319726
14.97330366518326,40.16074623554053
14.983299164958249,40.26809164957486
14.993294664733238,40.37565211212629
15.003290164508226,40.48342791021226
15.013285664283215,40.591419331041664
15.023281164058202,40.699626662014744
15.033276663833192,40.80805019072322
15.043272163608181,40.91669020495018
15.053267663383169,41.02554699267009
15.063263163158158,41.13462084204889
15.073258662933148,41.24391204144389
15.083254162708135,41.35342087940379
15.093249662483124,41.463147644668766
15.103245162258114,41.57309262617034
15.113240662033101,41.68325611303143
15.12323616180809,41.79363839456644
15.13323166158308,41.90423976028112
15.143227161358068,42.015060499872625
15.153222661133057,42.12610090322957
15.163218160908047,42.237361260431925
15.173213660683034,42.34884186175107
15.183209160458023,42.46054299764985
15.193204660233013,42.57246495878246
15.203200160008,42.684608035994515
15.21319565978299,42.79697252032307
15.22319115955798,42.90955870299655
15.233186659332967,43.02236687543478
15.243182159107956,43.135397329249066
15.253177658882944,43.24865035624202
15.263173158657933,43.362126248407755
15.273168658432922,43.47582529793174
15.28316415820791,43.58974779719084
15.2931596579829,43.70389403875339
15.303155157757889,43.818264315379075
15.313150657532876,43.93285892001898
15.323146157307866,44.04767814581569
15.333141657082855,44.16272228610309
15.343137156857843,44.27799163440651
15.353132656632832,44.39348648444273
15.363128156407821,44.50920713011989
15.373123656182809,44.62515386553753
15.383119155957798,44.741326984986664
15.393114655732788,44.85772678294964
15.403110155507775,44.97435355410023
15.413105655282765,45.09120759330368
15.423101155057754,45.20828919561656
15.433096654832742,45.325598656286864
15.443092154607731,45.44313627075406
15.453087654382719,45.56090233464892
15.463083154157708,45.67889714379373
15.473078653932697,45.79712099420213
15.483074153707685,45.915574182079126
15.493069653482674,46.03425700382123
15.503065153257664,46.1531697560163
15.513060653032651,46.27231273544357
15.52305615280764,46.391686239073785
15.53305165258263,46.511290564069014
15.543047152357618,46.63112600778273
15.553042652132607,46.751192867759904
15.563038151907596,46.871491441736815
15.573033651682584,46.99202202764117
15.583029151457573,47.11278492359216
15.593024651232563,47.233780427900285
15.60302015100755,47.35500883906749
15.61301565078254,47.47647045578717
15.623011150557529,47.59816557694408
15.633006650332517,47.72009450161437
15.643002150107506,47.84225752906566
15.652997649882495,47.96465495875693
15.662993149657483,48.08728709033855
15.672988649432472,48.21015422365238
15.68298414920746,48.333256658731585
15.69297964898245,48.45659469580084
15.702975148757439,48.580168635276145
15.712970648532426,48.70397877776494
15.722966148307416,48.8280254240661
15.732961648082405,48.95230887516986
15.742957147857393,49.07682943225788
15.752952647632382,49.20158739670327
15.762948147407371,49.326583070070484
15.772943647182359,49.45181675411539
15.782939146957348,49.57728875078534
15.792934646732338,49.70299936221902
15.802930146507325,49.82894889074652
15.812925646282315,49.95513763888939
15.822921146057304,50.08156590936056
15.832916645832292,50.20823400506434
15.842912145607281,50.33514222909653
15.85290764538227,50.462290884744256
15.862903145157258,50.58968027548605
15.872898644932247,50.71731070499195
15.882894144707237,50.84518247712331
15.892889644482224,50.973295895932885
15.902885144257214,51.10165126566492
15.912880644032201,51.230248890754986
15.92287614380719,51.35908907583013
15.93287164358218,51.48817212570875
15.942867143357168,51.61749834540066
15.952862643132157,51.747068040107145
15.962858142907146,51.87688151522082
15.972853642682134,52.00693907632572
15.982849142457123,52.13724102919736
15.992844642232113,52.26778767980258
16.002840142007102,52.39857933429966
16.01283564178209,52.529616299038274
16.02283114155708,52.66089888055957
16.03282664133207,52.79242738559597
16.042822141107056,52.92420212107143
16.052817640882047,53.056223394101316
16.062813140657035,53.18849151199227
16.072808640432022,53.321006782242456
16.082804140207013,53.45376951254149
16.092799639982,53.58678001077021
16.10279513975699,53.720038585001035
16.11279063953198,53.85354554349777
16.122786139306967,53.98730119471552
16.132781639081955,54.1213058473009
16.142777138856946,54.25555981009196
16.152772638631934,54.39006339211801
16.16276813840692,54.52481690259989
16.172763638181912,54.65982065094988
16.1827591379569,54.795074946771514
16.192754637731888,54.93058009985986
16.20275013750688,55.066336420201424
16.212745637281866,55.20234421797396
16.222741137056854,55.33860380354675
16.232736636831845,55.47511548748055
16.242732136606833,55.611879580527315
16.25272763638182,55.74889639363058
16.26272313615681,55.886166237925295
16.2727186359318,56.02368942473765
16.282714135706787,56.1614662655854
16.292709635481778,56.29949707217774
16.302705135256765,56.43778215641506
16.312700635031753,56.576321830389375
16.322696134806744,56.71511640638404
16.33269163458173,56.85416619687374
16.34268713435672,56.99347151452465
16.35268263413171,57.133032672194425
16.362678133906698,57.27284998293191
16.372673633681686,57.412923759977545
16.382669133456677,57.553254316763166
16.392664633231664,57.69384196691189
16.402660133006652,57.83468702423834
16.412655632781643,57.97578980274862
16.42265113255663,58.11715061664003
16.43264663233162,58.25876978030146
16.442642132106606,58.40064760831314
16.452637631881597,58.54278441544678
16.462633131656585,58.68518051666533
16.472628631431572,58.82783622712332
16.482624131206563,58.970751862166644
16.49261963098155,59.113927737332496
16.50261513075654,59.257364168349625
16.51261063053153,59.40106147113816
16.522606130306517,59.54501996180953
16.532601630081505,59.68923995666667
16.542597129856496,59.83372177220397
16.552592629631484,59.978465725107064
16.56258812940647,60.123472132253134
16.572583629181462,60.26874131071077
16.58257912895645,60.41427357773983
16.592574628731438,60.560069250791734
16.60257012850643,60.7061286475093
16.612565628281416,60.8524520857266
16.622561128056404,60.99903988346928
16.632556627831395,61.145892358954384
16.642552127606383,61.29300983059021
16.65254762738137,61.44039261697663
16.66254312715636,61.588041036904905
16.67253862693135,61.73595540935757
16.682534126706337,61.884136053508705
16.692529626481328,62.032583288723806
16.702525126256315,62.18129743455963
16.712520626031303,62.330278810764504
16.722516125806294,62.47952773727812
16.73251162558128,62.62904453423146
16.74250712535627,62.77882952194707
16.75250262513126,62.92888302093889
16.762498124906248,63.07920535191212
16.772493624681236,63.22979683576353
16.782489124456227,63.38065779358128
16.792484624231214,63.53178854664479
16.802480124006202,63.683189416425066
16.812475623781193,63.83486072458449
16.82247112355618,63.986802792976704
16.832466623331168,64.13901594364692
16.84246212310616,64.29150049883178
16.852457622881147,64.44425678095914
16.862453122656134,64.59728511264842
16.872448622431122,64.75058581671044
16.882444122206113,64.90415921614743
16.8924396219811,65.05800563415292
16.90243512175609,65.21212539411196
16.91243062153108,65.36651881960105
16.922426121306067,65.52118623438788
16.932421621081055,65.67612796243176
16.942417120856046,65.83134432788343
16.952412620631033,65.98683565508479
16.96240812040602,66.14260226856938
16.972403620181012,66.29864449306214
16.982399119956,66.45496265347923
16.992394619730987,66.61155707492838
17.00239011950598,66.7684280827088
17.012385619280966,66.9255760023108
17.022381119055954,67.08300115941644
17.032376618830945,67.24070387989904
17.042372118605932,67.39868448982325
17.05236761838092,67.55694331544527
17.06236311815591,67.71548068321266
17.0723586179309,67.8742969197643
17.082354117705886,68.03339235193063
17.092349617480878,68.19276730673344
17.102345117255865,68.3524221113858
17.112340617030853,68.5123570932924
17.122336116805844,68.67257258004923
17.13233161658083,68.83306889944365
17.14232711635582,68.99384637945447
17.15232261613081,69.154905348252
17.162318115905798,69.31624613419775
17.172313615680785,69.47786906584483
17.182309115455777,69.63977447193771
17.192304615230764,69.80196268141216
17.20230011500575,69.96443402339551
17.212295614780743,70.12718882720644
17.22229111455573,70.29022742235497
17.232286614330718,70.45355013854261
17.24228211410571,70.61715730566233
17.252277613880697,70.78104925379832
17.262273113655684,70.94522631322631
17.272268613430676,71.10968881441354
17.282264113205663,71.27443708801839
17.29225961298065,71.43947146489086
17.302255112755642,71.60479227607235
17.31225061253063,71.77039985279549
17.322246112305617,71.93629452648452
17.332241612080605,72.102476628755
17.342237111855596,72.26894649141394
17.352232611630583,72.43570444645967
17.36222811140557,72.60275082608199
17.372223611180562,72.77008596266218
17.38221911095555,72.93771018877274
17.392214610730537,73.10562383717772
17.40221011050553,73.27382724083265
17.412205610280516,73.4423207328842
17.422201110055504,73.6111046466707
17.432196609830495,73.78017931572187
17.442192109605482,73.94954507375861
17.45218760938047,74.1192022546935
17.46218310915546,74.28915119263044
17.47217860893045,74.45939222186462
17.482174108705436,74.62992567688276
17.492169608480427,74.80075189236305
17.502165108255415,74.97187120317487
17.512160608030403,75.1432839443792
17.522156107805394,75.31499045122841
17.53215160758038,75.48699105916614
17.54214710735537,75.65928610382755
17.55214260713036,75.83187592103931
17.562138106905348,76.00476084681921
17.572133606680335,76.1779412173767
17.582129106455326,76.3514173691126
17.592124606230314,76.52518963861898
17.6021201060053,76.69925836267949
17.612115605780293,76.8736238782692
17.62211110555528,77.04828652255438
17.632106605330268,77.22324663289292
17.64210210510526,77.39850454683409
17.652097604880247,77.57406060211842
17.662093104655234,77.74991513667798
17.672088604430225,77.92606848863633
17.682084104205213,78.10252099630816
17.6920796039802,78.2792729981998
17.70207510375519,78.45632483300902
17.71207060353018,78.63367683962474
17.722066103305167,78.81132935712752
17.732061603080158,78.98928272478932
17.742057102855146,79.16753728207334
17.752052602630133,79.34609336863434
17.76204810240512,79.52495132431844
17.772043602180112,79.70411148916324
17.7820391019551,79.88357420339756
17.792034601730087,80.06333980744179
17.80203010150508,80.24340864190776
17.812025601280066,80.42378104759852
17.822021101055054,80.60445736550868
17.832016600830045,80.7854379368243
17.842012100605032,80.96672310292263
17.85200760038002,81.14831320537253
17.86200310015501,81.33020858593429
17.87199859993,81.51240958655937
17.881994099704986,81.69491654939087
17.891989599479977,81.87772981676326
17.901985099254965,82.06084973120228
17.911980599029953,82.24427663542521
17.921976098804944,82.4280108723408
17.93197159857993,82.61205278504896
17.94196709835492,82.79640271684123
17.95196259812991,82.98106101120055
17.961958097904898,83.16602801180107
17.971953597679885,83.35130406250858
17.981949097454876,83.53688950738022
17.991944597229864,83.72278469066437
18.00194009700485,83.90898995680102
18.011935596779843,84.09550565042159
18.02193109655483,84.28233211634864
18.031926596329818,84.46946969959639
18.04192209610481,84.65691874537048
18.051917595879797,84.84467959906773
18.061913095654784,85.03275260627655
18.071908595429775,85.22113811277683
18.081904095204763,85.40983646453958
18.09189959497975,85.59884800772747
18.10189509475474,85.78817308869456
18.11189059452973,85.97781205398616
18.121886094304717,86.16776525033912
18.131881594079708,86.35803302468176
18.141877093854696,86.54861572413354
18.151872593629683,86.73951369600562
18.161868093404674,86.93072728780048
18.171863593179662,87.12225684721186
18.18185909295465,87.31410272212507
18.191854592729637,87.50626526061683
18.20185009250463,87.69874481095526
18.211845592279616,87.89154172159971
18.221841092054603,88.08465634120117
18.231836591829595,88.27808901860199
18.241832091604582,88.47184010283578
18.25182759137957,88.66590994312772
18.26182309115456,88.8602988888944
18.27181859092955,89.05500728974363
18.281814090704536,89.25003549547483
18.291809590479527,89.44538385607883
18.301805090254515,89.64105272173765
18.311800590029502,89.83704244282494
18.321796089804494,90.03335336990574
18.33179158957948,90.2299858537363
18.34178708935447,90.4269402452645
18.35178258912946,90.62421689562962
18.361778088904448,90.82181615616211
18.371773588679435,91.01973837838408
18.381769088454426,91.21798391400903
18.391764588229414,91.41655311494165
18.4017600880044,91.61544633327827
18.411755587779393,91.81466392130662
18.42175108755438,92.0142062315056
18.431746587329368,92.21407361654576
18.44174208710436,92.41426642928907
18.451737586879347,92.61478502278867
18.461733086654334,92.8156297502893
18.471728586429325,93.01680096522716
18.481724086204313,93.21829902122963
18.4917195859793,93.42012427211567
18.50171508575429,93.62227707189571
18.51171058552928,93.82475777477134
18.521706085304267,94.02756673513575
18.531701585079258,94.2307043075736
18.541697084854246,94.4341708468607
18.551692584629233,94.63796670796447
18.561688084404224,94.84209224604379
18.571683584179212,95.04654781644868
18.5816790839542,95.25133377472082
18.59167458372919,95.45645047659329
18.601670083504178,95.66189827799035
18.611665583279166,95.86767753502788
18.621661083054153,96.0737886040131
18.631656582829144,96.28023184144477
18.641652082604132,96.48700760401275
18.65164758237912,96.69411624859855
18.66164308215411,96.90155813227514
18.6716385819291,97.10933361230663
18.681634081704086,97.31744304614875
18.691629581479077,97.52588679144868
18.701625081254065,97.73466520604478
18.711620581029052,97.94377864796698
18.721616080804043,98.15322747543671
18.73161158057903,98.3630120468665
18.74160708035402,98.57313272086057
18.75160258012901,98.78358985621453
18.761598079903997,98.99438381191518
18.771593579678985,99.20551494714094
18.781589079453976,99.41698362126164
18.791584579228964,99.62879019383828
18.80158007900395,99.84093502462355
18.811575578778942,100.05341847356148
18.82157107855393,100.26624090078731
18.831566578328918,100.47940266662792
18.84156207810391,100.69290413160161
18.851557577878896,100.90674565641781
18.861553077653884,101.12092760197766
18.871548577428875,101.33545032937366
18.881544077203863,101.55031419988947
18.89153957697885,101.76551957500044
18.90153507675384,101.9810668163733
18.91153057652883,102.19695628586595
18.921526076303817,102.41318834552796
18.931521576078808,102.62976335760028
18.941517075853795,102.84668168451505
18.951512575628783,103.06394368889603
18.961508075403774,103.28154973355842
18.97150357517876,103.49950018150857
18.98149907495375,103.71779539594448
18.99149457472874,103.93643574025558
19.001490074503728,104.15542157802241
19.011485574278716,104.37475327301726
19.021481074053707,104.5944311892037
19.031476573828694,104.81445569073657
19.041472073603682,105.03482714196232
19.05146757337867,105.25554590741872
19.06146307315366,105.47661235183503
19.07145857292865,105.69802684013172
19.081454072703636,105.91978973742084
19.091449572478627,106.14190140900591
19.101445072253615,106.36436222038157
19.111440572028602,106.58717253723415
19.121436071803593,106.81033272544133
19.13143157157858,107.03384315107205
19.14142707135357,107.2577041803868
19.15142257112856,107.48191617983754
19.161418070903547,107.70647951606739
19.171413570678535,107.9313945559111
19.181409070453526,108.15666166639483
19.191404570228514,108.3822812147359
19.2014000700035,108.60825356834333
19.211395569778492,108.83457909481749
19.22139106955348,109.06125816194994
19.231386569328468,109.28829113772389
19.24138206910346,109.51567839031398
19.251377568878446,109.74342028808596
19.261373068653434,109.97151719959726
19.271368568428425,110.19996949359674
19.281364068203413,110.42877753902441
19.2913595679784,110.65794170501191
19.30135506775339,110.88746236088234
19.31135056752838,111.1173398761499
19.321346067303367,111.34757462052048
19.331341567078358,111.57816696389138
19.341337066853345,111.80911727635105
19.351332566628333,112.04042592817959
19.361328066403324,112.2720932898485
19.37132356617831,112.5041197320205
19.3813190659533,112.73650562554992
19.39131456572829,112.96925134148245
19.401310065503278,113.20235725105506
19.411305565278266,113.43582372569625
19.421301065053257,113.66965113702605
19.431296564828244,113.90383985685553
19.441292064603232,114.13839025718748
19.451287564378223,114.37330271021612
19.46128306415321,114.60857758832677
19.4712785639282,114.84421526409646
19.48127406370319,115.08021611029359
19.491269563478177,115.31658049987776
19.501265063253165,115.55330880600016
19.511260563028152,115.7904014020034
19.521256062803143,116.02785866142146
19.53125156257813,116.26568095797963
19.54124706235312,116.50386866559472
19.55124256212811,116.742422158375
19.561238061903097,116.98134181061994
19.571233561678085,117.22062799682061
19.581229061453076,117.4602810916595
19.591224561228064,117.70030147001027
19.60122006100305,117.94068950693824
19.611215560778042,118.18144557770015
19.62121106055303,118.42257005774384
19.631206560328017,118.6640633227089
19.64120206010301,118.90592574842623
19.651197559877996,119.14815771091794
19.661193059652984,119.39075958639783
19.671188559427975,119.63373175127106
19.681184059202963,119.87707458213393
19.69117955897795,120.12078845577447
19.70117505875294,120.36487374917203
19.71117055852793,120.6093308394972
19.721166058302916,120.8541601041122
19.731161558077908,121.09936192057063
19.741157057852895,121.34493666661727
19.751152557627883,121.59088472018855
19.761148057402874,121.83720645941237
19.77114355717786,122.08390226260767
19.78113905695285,122.33097250828513
19.79113455672784,122.57841757514683
19.801130056502828,122.82623784208597
19.811125556277815,123.0744336881875
19.821121056052807,123.32300549272766
19.831116555827794,123.57195363517391
19.841112055602782,123.82127849518538
19.851107555377773,124.07098045261257
19.86110305515276,124.32105988749719
19.871098554927748,124.57151718007253
19.88109405470274,124.82235271076337
19.891089554477727,125.07356686018562
19.901085054252714,125.32516000914681
19.911080554027706,125.57713253864591
19.921076053802693,125.82948482987307
19.93107155357768,126.08221726421004
19.94106705335267,126.33533022322997
19.95106255312766,126.58882408869744
19.961058052902647,126.84269924256824
19.971053552677635,127.09695606698972
19.981049052452626,127.35159494430079
19.991044552227613,127.60661625703138
20.0010400520026,127.86202038790313
20.011035551777592,128.11780771982913
20.02103105155258,128.37397863591355
20.031026551327567,128.63053351945226
20.04102205110256,128.8874727539326
20.051017550877546,129.14479672303293
20.061013050652534,129.40250581062335
20.071008550427525,129.6606004007654
20.081004050202512,129.91908087771168
20.0909995499775,130.17794762590654
20.10099504975249,130.43720102998572
20.11099054952748,130.69684147477608
20.120986049302466,130.95686934529618
20.130981549077458,131.21728502675595
20.140977048852445,131.47808890455653
20.150972548627433,131.73928136429063
20.160968048402424,132.00086279174246
20.17096354817741,132.26283357288733
20.1809590479524,132.52519409389228
20.19095454772739,132.7879447411157
20.200950047502378,133.0510859011071
20.210945547277365,133.31461796060768
20.220941047052357,133.5785413065501
20.230936546827344,133.84285632605815
20.24093204660233,134.1075634064473
20.250927546377323,134.37266293522433
20.26092304615231,134.6381553000873
20.270918545927298,134.9040408889258
20.28091404570229,135.170320089821
20.290909545477277,135.43699329104507
20.300905045252264,135.7040608810619
20.310900545027256,135.9715232485268
20.320896044802243,136.23938078228622
20.33089154457723,136.5076338713783
20.340887044352222,136.7762829050325
20.35088254412721,137.04532827266956
20.360878043902197,137.31477036390177
20.370873543677185,137.58460956853284
20.380869043452176,137.85484627655794
20.390864543227163,138.12548087816327
20.40086004300215,138.39651376372692
20.410855542777142,138.66794532381823
20.42085104255213,138.9397759491977
20.430846542327117,139.21200603081758
20.44084204210211,139.48463595982145
20.450837541877096,139.75766612754407
20.460833041652084,140.03109692551183
20.470828541427075,140.30492874544262
20.480824041202062,140.57916197924538
20.49081954097705,140.8537970190208
20.50081504075204,141.1288342570609
20.51081054052703,141.4042740858489
20.520806040302016,141.68011689805962
20.530801540077007,141.95636308655943
20.540797039851995,142.23301304440568
20.550792539626983,142.5100671648475
20.560788039401974,142.78752584132542
20.57078353917696,143.06538946747105
20.58077903895195,143.34365843710773
20.59077453872694,143.62233314425023
20.600770038501928,143.90141398310433
20.610765538276915,144.18090134806766
20.620761038051906,144.46079563372916
20.630756537826894,144.74109723486893
20.64075203760188,145.02180654645872
20.650747537376873,145.30292396366173
20.66074303715186,145.58444988183226
20.670738536926848,145.86638469651632
20.68073403670184,146.14872880345138
20.690729536476827,146.43148259856585
20.700725036251814,146.71464647798007
20.710720536026805,146.99822083800564
20.720716035801793,147.28220607514527
20.73071153557678,147.56660258609352
20.74070703535177,147.85141076773618
20.75070253512676,148.13663101715022
20.760698034901747,148.42226373160435
20.770693534676738,148.70830930855865
20.780689034451726,148.99476814566432
20.790684534226713,149.2816406407643
20.8006800340017,149.56892719189275
20.810675533776692,149.85662819727543
20.82067103355168,150.14474405532914
20.830666533326667,150.43327516466246
20.84066203310166,150.72222192407534
20.850657532876646,151.0115847325588
20.860653032651634,151.3013639892956
20.870648532426625,151.59156009365995
20.880644032201612,151.88217344521712
20.8906395319766,152.17320444372407
20.90063503175159,152.46465348912923
20.91063053152658,152.75652098157212
20.920626031301566,153.0488073213839
20.930621531076557,153.34151290908724
20.940617030851545,153.63463814539585
20.950612530626533,153.92818343121516
20.960608030401524,154.22214916764204
20.97060353017651,154.51653575596444
20.9805990299515,154.811343597662
20.99059452972649,155.10657309440583
21.000590029501478,155.40222464805805
21.010585529276465,155.6982986606726
21.020581029051456,155.99479553449476
21.030576528826444,156.29171567196096
21.04057202860143,156.58905947569923
21.050567528376423,156.88682734852918
21.06056302815141,157.1850196934614
21.070558527926398,157.48363691369823
21.08055402770139,157.78267941263346
21.090549527476377,158.08214759385183
21.100545027251364,158.38204186113003
21.110540527026355,158.68236261843595
21.120536026801343,158.9831102699287
21.13053152657633,159.28428521995903
21.14052702635132,159.58588787306917
21.15052252612631,159.8879186339924
21.160518025901297,160.19037790765375
21.170513525676288,160.49326609916966
21.180509025451276,160.7965836138476
21.190504525226263,161.10033085718683
21.200500025001254,161.40450823487802
21.210495524776242,161.70911615280286
21.22049102455123,162.01415501703488
21.230486524326217,162.31962523383882
21.24048202410121,162.62552720967096
21.250477523876196,162.93186135117864
21.260473023651183,163.23862806520103
21.270468523426175,163.54582775876858
21.280464023201162,163.8534608391029
21.29045952297615,164.1615277136173
21.30045502275114,164.47002878991657
21.31045052252613,164.77896447579644
21.320446022301116,165.08833517924455
21.330441522076107,165.39814130843982
21.340437021851095,165.70838327175224
21.350432521626082,166.0190614777437
21.360428021401074,166.33017633516727
21.37042352117606,166.64172825296725
21.38041902095105,166.9537176402797
21.39041452072604,167.26614490643195
21.400410020501027,167.57901046094253
21.410405520276015,167.89231471352164
21.420401020051006,168.20605807407094
21.430396519825994,168.52024095268314
21.44039201960098,168.83486375964267
21.450387519375973,169.1499269054254
21.46038301915096,169.46543080069824
21.470378518925948,169.78137585631993
21.48037401870094,170.0977624833405
21.490369518475926,170.41459109300112
21.500365018250914,170.7318620967347
21.510360518025905,171.04957590616553
21.520356017800893,171.367732933109
21.53035151757588,171.68633358957226
21.54034701735087,172.00537828775384
21.55034251712586,172.3248674400433
21.560338016900847,172.64480145902206
21.570333516675838,172.9651807574628
21.580329016450825,173.28600574832944
21.590324516225813,173.6072768447775
21.600320016000804,173.92899446015394
21.610315515775792,174.25115900799685
21.62031101555078,174.57377090203605
21.63030651532577,174.89683055619273
21.640302015100758,175.22033838457915
21.650297514875746,175.54429480149938
21.660293014650733,175.86870022144868
21.670288514425724,176.19355505911392
21.680284014200712,176.51885972937302
21.6902795139757,176.84461464729566
21.70027501375069,177.17082022814284
21.71027051352568,177.49747688736676
21.720266013300666,177.82458504061125
21.730261513075657,178.15214510371166
21.740257012850645,178.4801574926943
21.750252512625632,178.80862262377732
21.760248012400623,179.1375409133702
21.77024351217561,179.46691277807352
21.7802390119506,179.79673863467966
21.79023451172559,180.12701890017232
21.800230011500577,180.4577539917263
21.810225511275565,180.7889443267082
21.820221011050556,181.12059032267592
21.830216510825544,181.4526923973786
21.84021201060053,181.7852509687569
21.850207510375522,182.1182664549431
21.86020301015051,182.4517392742604
21.870198509925498,182.78566984522385
21.88019400970049,183.12005858653984
21.890189509475476,183.45490591710586
21.900185009250464,183.79021225601113
21.910180509025455,184.1259780225363
21.920176008800443,184.46220363615305
21.93017150857543,184.7988895165249
21.94016700835042,185.13603608350667
21.95016250812541,185.4736437571443
21.960158007900397,185.81171295767544
21.970153507675388,186.1502441055292
21.980149007450375,186.48923762132574
21.990144507225363,186.828693925877
22.000140007000354,187.16861344018625
22.01013550677534,187.50899658544787
22.02013100655033,187.849843783048
22.03012650632532,188.19115545456415
22.040122006100308,188.53293202176496
22.050117505875296,188.8751739066108
22.060113005650287,189.2178815312534
22.070108505425274,189.5610553180356
22.080104005200262,189.90469568949197
22.090099504975253,190.2488030683485
22.10009500475024,190.59337787752224
22.11009050452523,190.93842054012202
22.120086004300216,191.2839314794479
22.130081504075207,191.62991111899152
22.140077003850195,191.9763598824356
22.150072503625182,192.3232781936545
22.160068003400173,192.6706664767141
22.17006350317516,193.01852515587134
22.18005900295015,193.36685465557485
22.19005450272514,193.71565540046473
22.200050002500127,194.06492781537207
22.210045502275115,194.41467232531977
22.220041002050106,194.76488935552217
22.230036501825094,195.11557933138457
22.24003200160008,195.46674267850412
22.250027501375072,195.81837982266927
22.26002300115006,196.17049118985972
22.270018500925048,196.5230772062467
22.28001400070004,196.87613829819304
22.290009500475026,197.22967489225246
22.300005000250014,197.58368741517057
22.310000500025005,197.93817629388434
22.319995999799993,198.2931419555218
22.32999149957498,198.64858482740271
22.33998699934997,199.00450533703832
22.34998249912496,199.36090391213082
22.359977998899947,199.71778098057425
22.369973498674938,200.07513697045403
22.379968998449925,200.43297231004664
22.389964498224913,200.79128742782032
22.399959997999904,201.15008275243468
22.40995549777489,201.50935871274046
22.41995099754988,201.86911573778016
22.42994649732487,202.22935425678753
22.439941997099858,202.5900746991876
22.449937496874846,202.951277494597
22.459932996649837,203.3129630728239
22.469928496424824,203.67513186386734
22.479923996199812,204.03778429791828
22.489919495974803,204.40092080535908
22.49991499574979,204.76454181676309
22.509910495524778,205.12864776289538
22.51990599529977,205.4932390747126
22.529901495074757,205.85831618336226
22.539896994849745,206.22387952018377
22.549892494624732,206.58992951670777
22.559887994399723,206.95646660465644
22.56988349417471,207.323491215943
22.5798789939497,207.69100378267245
22.58987449372469,208.05900473714118
22.599869993499677,208.42749451183667
22.609865493274665,208.79647353943813
22.619860993049656,209.16594225281617
22.629856492824644,209.53590108503246
22.63985199259963,209.90635046934048
22.649847492374622,210.2772908391851
22.65984299214961,210.6487226282021
22.669838491924597,211.02064627021932
22.67983399169959,211.3930621992557
22.689829491474576,211.76597084952144
22.699824991249564,212.13937265541838
22.709820491024555,212.5132680515399
22.719815990799543,212.88765747267027
22.72981149057453,213.26254135378562
22.73980699034952,213.63792013005354
22.74980249012451,214.01379423683258
22.759797989899496,214.390164109673
22.769793489674488,214.76703018431667
22.779788989449475,215.1443928966963
22.789784489224463,215.52225268293648
22.799779988999454,215.90060997935322
22.80977548877444,216.27946522245352
22.81977098854943,216.65881884893616
22.82976648832442,217.0386712956914
22.839761988099408,217.41902299980038
22.849757487874395,217.79987439853622
22.859752987649387,218.18122592936325
22.869748487424374,218.56307802993706
22.87974398719936,218.9454311381048
22.889739486974353,219.32828569190517
22.89973498674934,219.71164212956782
22.909730486524328,220.09550088951423
22.91972598629932,220.47986241035727
22.929721486074307,220.8647271309009
22.939716985849294,221.25009549014078
22.949712485624286,221.63596792726406
22.959707985399273,222.0223448816488
22.96970348517426,222.40922679286496
22.97969898494925,222.79661410067374
22.98969448472424,223.18450724502787
22.999689984499227,223.57290666607113
23.009685484274215,223.9618128041391
23.019680984049206,224.3512260997587
23.029676483824193,224.74114699364787
23.03967198359918,225.13157592671652
23.049667483374172,225.52251334006573
23.05966298314916,225.91395967498778
23.069658482924147,226.30591537296664
23.07965398269914,226.69838087567777
23.089649482474126,227.0913566249875
23.099644982249114,227.48484306295418
23.109640482024105,227.87884063182736
23.119635981799092,228.27334977404774
23.12963148157408,228.66837093224783
23.13962698134907,229.0639045492514
23.14962248112406,229.45995106807334
23.159617980899046,229.85651093192035
23.169613480674037,230.2535845841906
23.179608980449025,230.65117246847308
23.189604480224013,231.04927502854875
23.199599979999004,231.4478927083899
23.20959547977399,231.8470259521599
23.21959097954898,232.2466752042139
23.22958647932397,232.64684090909833
23.239581979098958,233.04752351155082
23.249577478873945,233.44872345650072
23.259572978648936,233.85044118906882
23.269568478423924,234.25267715456684
23.27956397819891,234.65543179849837
23.289559477973903,235.05870556655844
23.29955497774889,235.46249890463304
23.309550477523878,235.86681225879997
23.31954597729887,236.27164607532845
23.329541477073857,236.67700080067868
23.339536976848844,237.0828768815027
23.349532476623835,237.48927476464397
23.359527976398823,237.89619489713692
23.36952347617381,238.3036377262078
23.379518975948802,238.71160369927435
23.38951447572379,239.12009326394508
23.399509975498777,239.52910686802062
23.409505475273765,239.93864495949268
23.419500975048756,240.34870798654453
23.429496474823743,240.75929639755054
23.43949197459873,241.17041064107676
23.449487474373722,241.58205116588073
23.45948297414871,241.994218420911
23.469478473923697,242.40691285530787
23.47947397369869,242.82013491840317
23.489469473473676,243.2338850597195
23.499464973248664,243.64816372897158
23.509460473023655,244.0629713760653
23.519455972798642,244.47830845109766
23.52945147257363,244.89417540435747
23.53944697234862,245.31057268632492
23.54944247212361,245.72750074767114
23.559437971898596,246.1449600392592
23.569433471673587,246.56295101214357
23.579428971448575,246.98147411756958
23.589424471223563,247.4005298069745
23.599419970998554,247.82011853198705
23.60941547077354,248.24024074442676
23.61941097054853,248.6608968963052
23.62940647032352,249.08208743982516
23.639401970098508,249.50381282738056
23.649397469873495,249.92607351155706
23.659392969648486,250.3488699451318
23.669388469423474,250.77220258107283
23.67938396919846,251.19607187254013
23.689379468973453,251.62047827288495
23.69937496874844,252.0454222356496
23.709370468523428,252.4709042145683
23.71936596829842,252.89692466356655
23.729361468073407,253.32348403676085
23.739356967848394,253.75058278845967
23.749352467623385,254.17822137316267
23.759347967398373,254.6064002455607
23.76934346717336,255.03511986053633
23.77933896694835,255.46438067316353
23.78933446672334,255.8941831387073
23.799329966498327,256.32452771262444
23.809325466273318,256.7554148505632
23.819320966048306,257.18684500836287
23.829316465823293,257.61881864205435
23.83931196559828,258.05133620786
23.849307465373272,258.48439816219366
23.85930296514826,258.91800496166024
23.869298464923247,259.3521570630563
23.87929396469824,259.7868549233701
23.889289464473226,260.2220989997805
23.899284964248213,260.6578897496585
23.909280464023205,261.0942276305665
23.919275963798192,261.53111310025764
23.92927146357318,261.9685466166771
23.93926696334817,262.4065286379614
23.94926246312316,262.8450596224381
23.959257962898146,263.2841400286265
23.969253462673137,263.72377031523735
23.979248962448125,264.16395094117246
23.989244462223112,264.6046823655253
23.999239961998104,265.045965047581
24.00923546177309,265.48779944681536
24.01923096154808,265.93018602289624
24.02922646132307,266.3731252356829
24.039221961098058,266.8166175452255
24.049217460873045,267.26066341176596
24.059212960648036,267.7052632957379
24.069208460423024,268.15041765776556
24.07920396019801,268.59612695866525
24.089199459973003,269.0423916594447
24.09919495974799,269.48921222130247
24.109190459522978,269.936589105629
24.11918595929797,270.38452277400626
24.129181459072957,270.8330136882071
24.139176958847944,271.28206231019607
24.149172458622935,271.73166910212944
24.159167958397923,272.18183452635424
24.16916345817291,272.63255904540944
24.1791589579479,273.0838431220253
24.18915445772289,273.5356872191232
24.199149957497877,273.9880917998162
24.209145457272868,274.4410573274088
24.219140957047856,274.89458426539676
24.229136456822843,275.3486730774673
24.239131956597834,275.8033242274992
24.249127456372822,276.25853817956227
24.25912295614781,276.714315397918
24.2691184559228,277.1706563470196
24.279113955697788,277.6275614915108
24.289109455472776,278.0850312962276
24.299104955247763,278.5430662261971
24.309100455022755,279.00166674663774
24.319095954797742,279.46083332295933
24.32909145457273,279.92056642076324
24.33908695434772,280.38086650584233
24.34908245412271,280.8417340441805
24.359077953897696,281.30316950195333
24.369073453672687,281.76517334552807
24.379068953447675,282.2277460414626
24.389064453222662,282.6908880565069
24.399059952997654,283.1545998576023
24.40905545277264,283.6188819118811
24.41905095254763,284.08373468666736
24.42904645232262,284.5491586494767
24.439041952097607,285.0151542680155
24.449037451872595,285.48172201018224
24.459032951647586,285.9488623440667
24.469028451422574,286.4165757379495
24.47902395119756,286.88486266030327
24.489019450972553,287.353723579792
24.49901495074754,287.8231589652707
24.509010450522528,288.29316928578606
24.51900595029752,288.7637550105764
24.529001450072506,289.23491660907086
24.538996949847494,289.70665455089045
24.548992449622485,290.17896930584766
24.558987949397473,290.6518613439458
24.56898344917246,291.12533113538024
24.57897894894745,291.59937915053763
24.58897444872244,292.07400585999545
24.598969948497427,292.54921173452334
24.608965448272418,293.02499724508215
24.618960948047405,293.50136286282367
24.628956447822393,293.97830905909166
24.638951947597384,294.4558363054212
24.64894744737237,294.9339450735385
24.65894294714736,295.41263583536124
24.66893844692235,295.891909062999
24.678933946697338,296.37176522875194
24.688929446472326,296.8522048051122
24.698924946247317,297.3332282647635
24.708920446022304,297.81483608058016
24.718915945797292,298.29702872562865
24.72891144557228,298.77980667316666
24.73890694534727,299.2631703966434
24.74890244512226,299.74712036969885
24.758897944897246,300.23165706616516
24.768893444672237,300.7167809600658
24.778888944447225,301.20249252561507
24.788884444222212,301.68879223721916
24.798879943997203,302.1756805694758
24.80887544377219,302.6631579971735
24.81887094354718,303.15122499529286
24.82886644332217,303.6398820390057
24.838861943097157,304.1291296036748
24.848857442872145,304.6189681648549
24.858852942647136,305.10939819829207
24.868848442422124,305.60042017992333
24.87884394219711,306.0920345858776
24.888839441972102,306.5842418924753
24.89883494174709,307.07704257622754
24.908830441522078,307.5704371138376
24.91882594129707,308.0644259822
24.928821441072056,308.55900965840016
24.938816940847044,309.05418861971555
24.948812440622035,309.5499633436148
24.958807940397023,310.0463343077578
24.96880344017201,310.543301989996
24.978798939947,311.0408668683725
24.98879443972199,311.53902942112114
24.998789939496977,312.03779012666786
25.008785439271968,312.53714946362976
25.018780939046955,313.03710791081505
25.028776438821943,313.5376659472238
25.038771938596934,314.03882405204746
25.04876743837192,314.54058270466834
25.05876293814691,315.0429423846608
25.0687584379219,315.5459035717905
25.078753937696888,316.049466746014
25.088749437471876,316.5536323874798
25.098744937246867,317.0584009765279
25.108740437021854,317.56377299368893
25.118735936796842,318.0697489196857
25.128731436571833,318.57632923543247
25.13872693634682,319.0835144220342
25.14872243612181,319.59130496078774
25.158717935896796,320.09970133318143
25.168713435671787,320.6087040208949
25.178708935446775,321.11831350579894
25.188704435221762,321.62853026995606
25.198699934996753,322.1393547956203
25.20869543477174,322.65078756523656
25.21869093454673,323.1628290614416
25.22868643432172,323.67547976706356
25.238681934096707,324.18874016512177
25.248677433871695,324.7026107388271
25.258672933646686,325.2170919715821
25.268668433421674,325.73218434698
25.27866393319666,326.2478883488061
25.288659432971652,326.76420446103714
25.29865493274664,327.28113316784055
25.308650432521627,327.7986749535759
25.31864593229662,328.31683030279413
25.328641432071606,328.8355997002369
25.338636931846594,329.3549836308381
25.348632431621585,329.87498257972265
25.358627931396573,330.3955970322067
25.36862343117156,330.91682747379815
25.37861893094655,331.4386743901963
25.38861443072154,331.9611382672914
25.398609930496526,332.48421959116564
25.408605430271518,333.0079188480926
25.418600930046505,333.53223652453664
25.428596429821493,334.05717310715426
25.438591929596484,334.5827290827932
25.44858742937147,335.1089049384922
25.45858292914646,335.63570116148185
25.46857842892145,336.16311823918403
25.478573928696438,336.69115665921186
25.488569428471425,337.21981690937
25.498564928246417,337.74909947765485
25.508560428021404,338.2790048522534
25.518555927796392,338.8095335215448
25.528551427571383,339.3406859740995
25.53854692734637,339.87246269867876
25.548542427121358,340.404864184236
25.55853792689635,340.9378909199159
25.568533426671337,341.47154339505397
25.578528926446324,342.0058220991777
25.588524426221312,342.5407275220059
25.598519925996303,343.07626015344897
25.60851542577129,343.61242048360793
25.61851092554628,344.14920900277605
25.62850642532127,344.68662620143783
25.638501925096257,345.22467257026875
25.648497424871245,345.76334860013617
25.658492924646236,346.3026547820989
25.668488424421223,346.84259160740646
25.67848392419621,347.38315956750057
25.688479423971202,347.9243591540142
25.69847492374619,348.46619085877126
25.708470423521177,349.0086551737875
25.71846592329617,349.55175259127014
25.728461423071156,350.09548360361737
25.738456922846144,350.6398487034192
25.748452422621135,351.1848483834571
25.758447922396122,351.7304831367033
25.76844342217111,352.2767534563222
25.7784389219461,352.8236598356694
25.78843442172109,353.3712027682914
25.798429921496076,353.9193827479269
25.808425421271068,354.46820026850554
25.818420921046055,355.0176558241482
25.828416420821043,355.56774990916773
25.838411920596034,356.11848301806816
25.84840742037102,356.6698556455444
25.85840292014601,357.22186828648347
25.868398419921,357.77452143596383
25.878393919695988,358.32781558925444
25.888389419470975,358.8817512418167
25.898384919245967,359.4363288893031
25.908380419020954,359.99154902755714
25.91837591879594,360.54741215261413
25.928371418570933,361.10391876070094
25.93836691834592,361.66106934823523
25.948362418120908,362.21886441182653
25.9583579178959,362.777304448276
25.968353417670887,363.33638995457545
25.978348917445874,363.8961214279088
25.988344417220866,364.4564993656512
25.998339916995853,365.0175242653689
26.00833541677084,365.57919662481976
26.01833091654583,366.1415169419533
26.02832641632082,366.7044857149103
26.038321916095807,367.2681034420225
26.048317415870795,367.8323706218136
26.058312915645786,368.3972877529988
26.068308415420773,368.962855334484
26.07830391519576,369.5290738653671
26.088299414970752,370.0959438449375
26.09829491474574,370.66346577267535
26.108290414520727,371.2316401482528
26.11828591429572,371.8004674715335
26.128281414070706,372.36994824257175
26.138276913845694,372.940082961614
26.148272413620685,373.51087212909806
26.158267913395672,374.08231624565246
26.16826341317066,374.6544158120979
26.17825891294565,375.2271713294464
26.18825441272064,375.80058329890073
26.198249912495626,376.3746522218558
26.208245412270617,376.94937859989784
26.218240912045605,377.52476293480396
26.228236411820593,378.10080572854315
26.238231911595584,378.6775074832759
26.24822741137057,379.2548687013535
26.25822291114556,379.83288988531933
26.26821841092055,380.41157153790795
26.278213910695538,380.990914162045
26.288209410470525,381.57091826084786
26.298204910245516,382.1515843376256
26.308200410020504,382.73291289587786
26.31819590979549,383.31490443929636
26.328191409570483,383.89755947176434
26.33818690934547,384.4808784973557
26.348182409120458,385.0648620203365
26.35817790889545,385.64951054516393
26.368173408670437,386.23482457648635
26.378168908445424,386.82080461914387
26.388164408220415,387.4074511781681
26.398159907995403,387.99476475878146
26.40815540777039,388.58274586639834
26.41815090754538,389.17139500662455
26.42814640732037,389.76071268525686
26.438141907095357,390.35069940828373
26.448137406870348,390.9413556818853
26.458132906645336,391.53268201243236
26.468128406420323,392.12467890648793
26.47812390619531,392.7173468708059
26.488119405970302,393.310686412332
26.49811490574529,393.90469803820287
26.508110405520277,394.49938225574675
26.51810590529527,395.0947395724838
26.528101405070256,395.69077049612457
26.538096904845244,396.28747553457185
26.548092404620235,396.8848551959197
26.558087904395222,397.48290998845323
26.56808340417021,398.0816404206492
26.5780789039452,398.681047001176
26.58807440372019,399.28113023889284
26.598069903495176,399.8818906428509
26.608065403270167,400.4833287222928
26.618060903045155,401.0854449866518
26.628056402820143,401.6882399455534
26.638051902595134,402.29171410881435
26.64804740237012,402.8958679864423
26.65804290214511,403.50070208863684
26.6680384019201,404.106216925789
26.678033901695088,404.71241300848067
26.688029401470075,405.3192908474856
26.698024901245066,405.9268509537692
26.708020401020054,406.53509383848734
26.71801590079504,407.1440200129882
26.728011400570033,407.75362998881127
26.73800690034502,408.3639242776868
26.748002400120008,408.9749033915371
26.757997899895,409.5865678424758
26.767993399669987,410.19891814280754
26.777988899444974,410.8119548050288
26.787984399219965,411.42567834182745
26.797979898994953,412.0400892660823
26.80797539876994,412.655188090864
26.81797089854493,413.2709753294348
26.82796639831992,413.8874514952476
26.837961898094907,414.5046171019474
26.847957397869898,415.12247266337056
26.857952897644886,415.7410186935443
26.867948397419873,416.3602557066877
26.877943897194864,416.9801842172115
26.887939396969852,417.6008047397171
26.89793489674484,418.22211778899776
26.907930396519827,418.8441238800383
26.91792589629482,419.46682352801486
26.927921396069806,420.0902172482945
26.937916895844793,420.7143055564362
26.947912395619785,421.33908896819065
26.957907895394772,421.9645679994988
26.96790339516976,422.5907431664941
26.97789889494475,423.21761498550126
26.98789439471974,423.84518397303566
26.997889894494726,424.4734506458049
27.007885394269717,425.10241552070784
27.017880894044705,425.73207911483416
27.027876393819692,426.3624419454657
27.037871893594684,426.9935045300755
27.04786739336967,427.62526738632755
27.05786289314466,428.2577310320778
27.06785839291965,428.8908959853735
27.077853892694637,429.52476276445293
27.087849392469625,430.15933188774625
27.097844892244616,430.7946038738751
27.107840392019604,431.4305792416516
27.11783589179459,432.0672585100805
27.127831391569583,432.7046421983573
27.13782689134457,433.3427308258689
27.147822391119558,433.9815249121938
27.15781789089455,434.6210249771019
27.167813390669536,435.26123154055426
27.177808890444524,435.90214512270353
27.187804390219515,436.5437662438942
27.197799889994503,437.18609542466106
27.20779538976949,437.82913318573134
27.21779088954448,438.4728800480235
27.22778638931947,439.1173365326469
27.237781889094457,439.76250316090267
27.247777388869448,440.40838045428364
27.257772888644435,441.0549689344733
27.267768388419423,441.70226912334715
27.277763888194414,442.35028154297214
27.287759387969402,442.999006715606
27.29775488774439,443.64844516369845
27.30775038751938,444.29859740989065
27.317745887294368,444.94946397701466
27.327741387069356,445.60104538809424
27.337736886844343,446.25334216634485
27.347732386619334,446.90635483517303
27.357727886394322,447.56008391817653
27.36772338616931,448.2145299391448
27.3777188859443,448.8696934220591
27.38771438571929,449.52557489109097
27.397709885494276,450.1821748706044
27.407705385269267,450.8394938851546
27.417700885044255,451.4975324594876
27.427696384819242,452.1562911185415
27.437691884594233,452.81577038744564
27.44768738436922,453.47597079152047
27.45768288414421,454.1368928562781
27.4676783839192,454.79853710742225
27.477673883694187,455.4609040708475
27.487669383469175,456.1239942726403
27.497664883244166,456.7878082390785
27.507660383019154,457.4523464966309
27.51765588279414,458.11760957195827
27.527651382569132,458.78359799191253
27.53764688234412,459.45031228353685
27.547642382119108,460.1177529740662
27.5576378818941,460.7859205909267
27.567633381669086,461.4548156617357
27.577628881444074,462.1244387143023
27.587624381219065,462.79479027662717
27.597619880994053,463.46587087690165
27.60761538076904,464.137681043509
27.61761088054403,464.81022130502436
27.62760638031902,465.483492190213
27.637601880094007,466.15749422803276
27.647597379868998,466.83222794763265
27.657592879643985,467.5076938783525
27.667588379418973,468.18389254972396
27.677583879193964,468.8608244914706
27.68757937896895,469.53849023350625
27.69757487874394,470.21689030593717
27.70757037851893,470.89602523906075
27.717565878293918,471.5758955633652
27.727561378068906,472.25650180953096
27.737556877843897,472.9378445084297
27.747552377618884,473.61992419112374
27.757547877393872,474.30274138886796
27.76754337716886,474.98629663310777
27.77753887694385,475.6705904554808
27.78753437671884,476.3556233878149
27.797529876493826,477.0413959621304
27.807525376268817,477.727908710639
27.817520876043805,478.41516216574274
27.827516375818792,479.1031568600362
27.837511875593783,479.79189332630517
27.84750737536877,480.48137209752616
27.85750287514376,481.1715937068678
27.86749837491875,481.8625586876902
27.877493874693737,482.5542675735441
27.887489374468725,483.24672089817227
27.897484874243716,483.93991919550916
27.907480374018704,484.6338629996796
27.91747587379369,485.3285528450007
27.927471373568682,486.02398926598096
27.93746687334367,486.7201727973196
27.947462373118658,487.41710397390796
27.95745787289365,488.11478333082874
27.967453372668636,488.81321140335535
27.977448872443624,489.5123887269533
27.987444372218615,490.21231583727973
27.997439871993603,490.91299327018197
28.00743537176859,491.6144215617
28.01743087154358,492.31660124806496
28.02742637131857,493.0195328656987
28.037421871093557,493.7232169512152
28.047417370868548,494.4276540414199
28.057412870643535,495.1328446733088
28.067408370418523,495.83878938407025
28.077403870193514,496.54548871108375
28.0873993699685,497.2529431919197
28.09739486974349,497.9611533643405
28.10739036951848,498.67011976630005
28.117385869293468,499.3798429359428
28.127381369068456,500.09032341160554
28.137376868843447,500.8015617318162
28.147372368618434,501.51355843529365
28.157367868393422,502.2263140609487
28.167363368168413,502.9398291478838
28.1773588679434,503.6541042353918
28.187354367718388,504.3691398629578
28.197349867493376,505.08493657025815
28.207345367268367,505.80149489716086
28.217340867043355,506.51881538372436
28.227336366818342,507.23689857019946
28.237331866593333,507.95574499702843
28.24732736636832,508.67535520484404
28.25732286614331,509.3957297344712
28.2673183659183,510.11686912692636
28.277313865693287,510.8387739234166
28.287309365468275,511.5614446653411
28.297304865243266,512.2848818942905
28.307300365018254,513.009086152046
28.31729586479324,513.7340579805812
28.327291364568232,514.4597979220606
28.33728686434322,515.1863065188402
28.347282364118207,515.9135843134671
28.3572778638932,516.6416318486808
28.367273363668186,517.3704496674109
28.377268863443174,518.1000383127791
28.387264363218165,518.830398328099
28.397259862993153,519.5615302568743
28.40725536276814,520.2934346428012
28.41725086254313,521.0261120297672
28.42724636231812,521.7595629618506
28.437241862093106,522.4937879833216
28.447237361868098,523.2287876386418
28.457232861643085,523.9645624724637
28.467228361418073,524.7011130296321
28.477223861193064,525.4384398551827
28.48721936096805,526.1765434943422
28.49721486074304,526.9154244925293
28.50721036051803,527.6550833953543
28.517205860293018,528.3955207486181
28.527201360068005,529.1367370983133
28.537196859842997,529.8787329906249
28.547192359617984,530.6215089719277
28.55718785939297,531.3650655887889
28.567183359167963,532.1094033879671
28.57717885894295,532.8545229164116
28.587174358717938,533.600424721264
28.59716985849293,534.3471093498571
28.607165358267917,535.0945773497142
28.617160858042904,535.8428292685513
28.627156357817896,536.5918656542755
28.637151857592883,537.3416870549843
28.64714735736787,538.0922940189676
28.65714285714286,538.8436870947065
28.66713835691785,539.595866830874
28.677133856692837,540.3488337763332
28.687129356467825,541.1025884801396
28.697124856242816,541.8571314915404
28.707120356017803,542.6124633599729
28.71711585579279,543.3685846350671
28.727111355567782,544.1254958666441
28.73710685534277,544.8831976047156
28.747102355117757,545.6416903994857
28.75709785489275,546.4009748013499
28.767093354667736,547.161051360894
28.777088854442724,547.9219206288964
28.787084354217715,548.6835831563267
28.797079853992702,549.446039494345
28.80707535376769,550.209290194304
28.81707085354268,550.9733358077473
28.82706635331767,551.7381768864095
28.837061853092656,552.5038139822175
28.847057352867647,553.2702476472889
28.857052852642635,554.0374784339327
28.867048352417623,554.8055068946499
28.877043852192614,555.5743335821326
28.8870393519676,556.3439590492636
28.89703485174259,557.1143838491183
28.90703035151758,557.8856085349632
28.917025851292568,558.6576336602553
28.927021351067555,559.430459778644
28.937016850842546,560.2040874439701
28.947012350617534,560.978517210265
28.95700785039252,561.7537496317522
28.967003350167513,562.5297852628466
28.9769988499425,563.306624658154
28.986994349717488,564.084268372472
28.99698984949248,564.86271696079
29.006985349267467,565.6419709782876
29.016980849042454,566.422030980337
29.026976348817445,567.2028975225015
29.036971848592433,567.9845711605353
29.04696734836742,568.7670524503845
29.056962848142412,569.5503419481868
29.0669583479174,570.3344402102705
29.076953847692387,571.1193477931561
29.086949347467375,571.9050652535551
29.096944847242366,572.6915931483709
29.106940347017353,573.4789320346972
29.11693584679234,574.2670824698203
29.126931346567332,575.0560450112177
29.13692684634232,575.8458202165575
29.146922346117307,576.6364086437001
29.1569178458923,577.427810850697
29.166913345667286,578.2200273957908
29.176908845442274,579.0130588374158
29.186904345217265,579.8069057341983
29.196899844992252,580.6015686449546
29.20689534476724,581.3970481286935
29.21689084454223,582.1933447446154
29.22688634431722,582.9904590521109
29.236881844092206,583.7883916107629
29.246877343867197,584.5871429803461
29.256872843642185,585.3867137208255
29.266868343417173,586.187104392358
29.276863843192164,586.9883155552926
29.28685934296715,587.7903477701683
29.29685484274214,588.5932015977166
29.30685034251713,589.3968775988606
29.316845842292118,590.2013763347134
29.326841342067105,591.0066983665808
29.336836841842096,591.8128442559602
29.346832341617084,592.6198145645388
29.35682784139207,593.4276098541969
29.366823341167063,594.2362306870056
29.37681884094205,595.0456776252267
29.386814340717038,595.8559512313147
29.39680984049203,596.6670520679148
29.406805340267017,597.4789806978633
29.416800840042004,598.2917376841885
29.426796339816995,599.1053235901103
29.436791839591983,599.9197389790388
29.44678733936697,600.7349844145767
29.45678283914196,601.5510604605181
29.46677833891695,602.3679676808475
29.476773838691937,603.1857066397416
29.486769338466928,604.0042779015689
29.496764838241916,604.8236820308879
29.506760338016903,605.6439195924498
29.51675583779189,606.4649911511966
29.526751337566882,607.2868972722623
29.53674683734187,608.1096385209713
29.546742337116857,608.9332154628404
29.55673783689185,609.7576286635774
29.566733336666836,610.5828786890811
29.576728836441823,611.4089661054425
29.586724336216815,612.2358914789437
29.596719835991802,613.0636553760577
29.60671533576679,613.8922583634495
29.61671083554178,614.7217010079758
29.62670633531677,615.5519838766835
29.636701835091756,616.3831075368122
29.646697334866747,617.2150725557924
29.656692834641735,618.0478795012456
29.666688334416722,618.8815289409853
29.676683834191714,619.7160214430164
29.6866793339667,620.5513575755346
29.69667483374169,621.3875379069276
29.70667033351668,622.2245630057746
29.716665833291668,623.0624334408453
29.726661333066655,623.9011497811019
29.736656832841646,624.7407125956978
29.746652332616634,625.5811224539768
29.75664783239162,626.4223799254754
29.766643332166613,627.264485579921
29.7766388319416,628.1074399872319
29.786634331716588,628.9512437175189
29.79662983149158,629.7958973410833
29.806625331266567,630.6414014284179
29.816620831041554,631.4877565502075
29.826616330816545,632.3349632773278
29.836611830591533,633.1830221808458
29.84660733036652,634.0319338320203
29.85660283014151,634.8816988023017
29.8665983299165,635.7323176633306
29.876593829691487,636.5837909869406
29.886589329466478,637.436119345156
29.896584829241466,638.2893033101918
29.906580329016453,639.1433434544557
29.916575828791444,639.9982403505462
29.926571328566432,640.8539945712527
29.93656682834142,641.7106066895568
29.946562328116407,642.5680772786313
29.956557827891398,643.4264069118406
29.966553327666386,644.2855961627395
29.976548827441373,645.1456456050754
29.986544327216365,646.0065558127868
29.996539826991352,646.868327360003
30.00653532676634,647.7309608210455
30.01653082654133,648.594456770427
30.02652632631632,649.458815782851
30.036521826091306,650.3240384332132
30.046517325866297,651.1901252966007
30.056512825641285,652.0570769482912
30.066508325416272,652.9248939637542
30.076503825191264,653.7935769186516
30.08649932496625,654.6631263888349
30.09649482474124,655.5335429503483
30.10649032451623,656.4048271794272
30.116485824291217,657.2769796524981
30.126481324066205,658.1500009461789
30.136476823841196,659.0238916372796
30.146472323616184,659.8986523028004
30.15646782339117,660.774283519934
30.166463323166163,661.6507858660643
30.17645882294115,662.5281599187659
30.186454322716138,663.4064062558056
30.19644982249113,664.2855254551414
30.206445322266116,665.1655180949223
30.216440822041104,666.0463847534892
30.226436321816095,666.9281260093746
30.236431821591083,667.8107424413016
30.24642732136607,668.6942346281852
30.25642282114106,669.5786031491323
30.26641832091605,670.4638485834399
30.276413820691037,671.3499715105976
30.286409320466028,672.2369725102863
30.296404820241015,673.1248521623772
30.306400320016003,674.0136110469343
30.316395819790994,674.9032497442128
30.32639131956598,675.793768834658
30.33638681934097,676.6851688989078
30.34638231911596,677.5774505177919
30.356377818890948,678.47061427233
30.366373318665936,679.3646607437342
30.376368818440923,680.2595905134078
30.386364318215914,681.1554041629458
30.396359817990902,682.0521022741339
30.40635531776589,682.9496854289494
30.41635081754088,683.8481542095619
30.42634631731587,684.7475091983309
30.436341817090856,685.6477509778086
30.446337316865847,686.5488801307384
30.456332816640835,687.4508972400541
30.466328316415822,688.3538028888821
30.476323816190813,689.25759766054
30.4863193159658,690.162282138536
30.49631481574079,691.0678569065705
30.50631031551578,691.9743225485354
30.516305815290767,692.8816796485129
30.526301315065755,693.789928790778
30.536296814840746,694.6990705597967
30.546292314615734,695.6091055402256
30.55628781439072,696.5200343169137
30.566283314165712,697.4318574749011
30.5762788139407,698.3445755994188
30.586274313715688,699.2581892758899
30.59626981349068,700.1726990899291
30.606265313265666,701.0881056273413
30.616260813040654,702.0044094741238
30.626256312815645,702.9216112164655
30.636251812590633,703.8397114407458
30.64624731236562,704.7587107335361
30.65624281214061,705.6786096815994
30.6662383119156,706.5994088718892
30.676233811690587,707.5211088915514
30.686229311465578,708.4437103279234
30.696224811240565,709.3672137685327
30.706220311015553,710.2916198010993
30.716215810790544,711.2169290135348
30.72621131056553,712.1431419939411
30.73620681034052,713.0702593306123
30.74620231011551,713.9982816120345
30.756197809890498,714.9272094268835
30.766193309665486,715.8570433640278
30.776188809440477,716.7877840125276
30.786184309215464,717.7194319616332
30.796179808990452,718.651987800787
30.80617530876544,719.5854521196231
30.81617080854043,720.5198255079671
30.82616630831542,721.455108555835
30.836161808090406,722.3913018534349
30.846157307865397,723.3284059911668
30.856152807640385,724.266421559621
30.866148307415372,725.20534914958
30.876143807190363,726.1451893520177
30.88613930696535,727.0859427580987
30.89613480674034,728.0276099591797
30.90613030651533,728.970191546809
30.916125806290317,729.9136881127253
30.926121306065305,730.8581002488595
30.936116805840296,731.8034285473342
30.946112305615284,732.7496736004623
30.95610780539027,733.6968360007489
30.966103305165262,734.644916340891
30.97609880494025,735.5939152137753
30.986094304715238,736.5438332124816
30.99608980449023,737.4946709302807
31.006085304265216,738.446428960634
31.016080804040204,739.399107897195
31.026076303815195,740.3527083338092
31.036071803590183,741.3072308645119
31.04606730336517,742.2626760835311
31.05606280314016,743.2190445852862
31.06605830291515,744.1763369643869
31.076053802690137,745.1345538156354
31.086049302465128,746.0936957340255
31.096044802240115,747.0537633147409
31.106040302015103,748.0147571531579
31.116035801790094,748.9766778448449
31.12603130156508,749.9395259855595
31.13602680134007,750.9033021712526
31.14602230111506,751.8680069980662
31.156017800890048,752.8336410623328
31.166013300665036,753.8002049605773
31.176008800440027,754.7676992895158
31.186004300215014,755.736124646055
31.195999799990002,756.705481627294
31.205995299764993,757.6757708305234
31.21599079953998,758.6469928532239
31.225986299314968,759.619148293069
31.23598179908996,760.5922377479231
31.245977298864947,761.5662618158418
31.255972798639934,762.5412210950722
31.265968298414922,763.5171161840531
31.275963798189913,764.4939476814147
31.2859592979649,765.471716185978
31.29595479773989,766.450422296756
31.30595029751488,767.4300666129532
31.315945797289867,768.4106497339646
31.325941297064855,769.3921722593777
31.335936796839846,770.3746347889713
31.345932296614833,771.3580379227145
31.35592779638982,772.3423822607689
31.365923296164812,773.3276684034876
31.3759187959398,774.313896951414
31.385914295714787,775.3010685052838
31.39590979548978,776.2891836660244
31.405905295264766,777.2782430347536
31.415900795039754,778.268247212781
31.425896294814745,779.2591968016085
31.435891794589732,780.2510924029277
31.44588729436472,781.2439346186231
31.45588279413971,782.2377240507702
31.4658782939147,783.2324613016352
31.475873793689686,784.2281469736766
31.485869293464678,785.2247816695443
31.495864793239665,786.2223659920786
31.505860293014653,787.2209005443123
31.515855792789644,788.2203859294694
31.52585129256463,789.2208227509647
31.53584679233962,790.2222116124049
31.54584229211461,791.2245531175885
31.555837791889598,792.2278478705042
31.565833291664585,793.2320964753333
31.575828791439577,794.2372995364483
31.585824291214564,795.2434576584121
31.59581979098955,796.2505714459803
31.605815290764543,797.2586415040996
31.61581079053953,798.2676684379072
31.625806290314518,799.2776528527329
31.63580179008951,800.2885953540975
31.645797289864497,801.3004965477127
31.655792789639484,802.3133570394821
31.665788289414476,803.3271774355012
31.675783789189463,804.3419583420555
31.68577928896445,805.357700365623
31.69577478873944,806.3744041128731
31.70577028851443,807.3920701906667
31.715765788289417,808.4106992060548
31.725761288064405,809.4302917662814
31.735756787839396,810.4508484787815
31.745752287614383,811.4723699511807
31.75574778738937,812.4948567912967
31.765743287164362,813.5183096071391
31.77573878693935,814.5427290069077
31.785734286714337,815.5681155989945
31.79572978648933,816.5944699919831
31.805725286264316,817.6217927946475
31.815720786039304,818.6500846159541
31.825716285814295,819.6793460650607
31.835711785589282,820.7095777513154
31.84570728536427,821.7407802842589
31.85570278513926,822.7729542736232
31.86569828491425,823.8061003293308
31.875693784689236,824.8402190614964
31.885689284464227,825.8753110804264
31.895684784239215,826.9113769966172
31.905680284014203,827.9484174207581
31.915675783789194,828.9864329637296
31.92567128356418,830.0254242366024
31.93566678333917,831.0653918506398
31.94566228311416,832.1063364172966
31.955657782889148,833.1482585482178
31.965653282664135,834.1911588552409
31.975648782439126,835.235037950395
31.985644282214114,836.2798964458993
31.9956397819891,837.3257349541655
32.00563528176409,838.3725540877969
32.01563078153908,839.4203544595865
32.02562628131407,840.4691366825211
32.035621781089056,841.5189013697773
32.04561728086404,842.5696491347232
32.05561278063903,843.6213805909193
32.065608280414025,844.6740963521171
32.07560378018901,845.7277970322583
32.085599279964,846.7824832454771
32.09559477973899,847.8381556060995
32.105590279513976,848.894814728642
32.11558577928897,849.952461227814
32.12558127906396,851.0110957185134
32.135576778838946,852.0707188158323
32.14557227861393,853.1313311350531
32.15556777838892,854.1929332916495
32.16556327816391,855.2555259012875
32.1755587779389,856.3191095798239
32.18555427771389,857.3836849433058
32.19554977748888,858.4492526079732
32.205545277263866,859.5158131902574
32.21554077703885,860.5833673067807
32.22553627681384,861.6519155743566
32.235531776588836,862.7214586099914
32.24552727636382,863.7919970308799
32.25552277613881,864.8635314544109
32.2655182759138,865.9360624981642
32.275513775688786,867.0095907799104
32.285509275463774,868.0841169176115
32.29550477523877,869.1596415294223
32.305500275013756,870.2361652336859
32.315495774788744,871.3136886489401
32.32549127456373,872.3922123939122
32.33548677433872,873.4717370875219
32.34548227411371,874.5522633488796
32.355477773888694,875.6337917972875
32.36547327366369,876.7163230522399
32.375468773438676,877.7998577334203
32.385464273213664,878.8843964607055
32.39545977298865,879.9699398541634
32.40545527276364,881.056488534053
32.41545077253863,882.1440431208251
32.42544627231362,883.2326042351222
32.43544177208861,884.3221724977761
32.4454372718636,885.4127485298127
32.455432771638584,886.5043329524477
32.46542827141357,887.5969263870888
32.47542377118856,888.6905294553355
32.485419270963554,889.7851427789783
32.49541477073854,890.8807669799977
32.50541027051353,891.9774026805677
32.51540577028852,893.0750505030531
32.525401270063504,894.1737110700096
32.53539676983849,895.273385004185
32.54539226961349,896.3740729285188
32.555387769388474,897.4757754661395
32.56538326916346,898.5784932403699
32.57537876893845,899.6822268747226
32.58537426871344,900.7869769929025
32.595369768488425,901.8927442188055
32.60536526826342,902.9995291765194
32.61536076803841,904.1073324903216
32.625356267813395,905.2161547846827
32.63535176758838,906.3259966842645
32.64534726736337,907.43685881392
32.65534276713836,908.5487417986932
32.66533826691335,909.6616462638209
32.67533376668834,910.7755728347286
32.68532926646333,911.8905221370356
32.695324766238315,913.006494796552
32.7053202660133,914.1234914392791
32.71531576578829,915.2415126914099
32.725311265563285,916.3605591793289
32.73530676533827,917.4806315296104
32.74530226511326,918.6017303690224
32.75529776488825,919.7238563245231
32.765293264663235,920.8470100232626
32.77528876443822,921.9711920925818
32.78528426421321,923.0964031600133
32.795279763988205,924.2226438532823
32.80527526376319,925.3499148003025
32.81527076353818,926.4782166291814
32.82526626331317,927.6075499682177
32.835261763088155,928.7379154459005
32.84525726286314,929.8693136909114
32.85525276263814,931.0017453321237
32.865248262413125,932.1352109985995
32.87524376218811,933.2697113195948
32.8852392619631,934.4052469245566
32.89523476173809,935.541818443123
32.905230261513076,936.6794265051236
32.91522576128807,937.81807174058
32.92522126106306,938.9577547797029
32.935216760838046,940.098476252897
32.94521226061303,941.2402367907574
32.95520776038802,942.3830370240709
32.96520326016301,943.5268775838152
32.975198759938,944.6717591011608
32.98519425971299,945.8176822074666
32.99518975948798,946.9646475342859
33.005185259262966,948.1126557133621
33.01518075903795,949.2617073766305
33.02517625881294,950.4118031562173
33.035171758587936,951.5629436844413
33.04516725836292,952.7151295938099
33.05516275813791,953.868361517025
33.0651582579129,955.0226400869785
33.075153757687886,956.1779659367538
33.085149257462874,957.3343396996257
33.09514475723787,958.4917620090615
33.105140257012856,959.6502334987174
33.11513575678784,960.809754802443
33.12513125656283,961.970326554279
33.13512675633782,963.1319493884574
33.145122256112806,964.2946239394015
33.1551177558878,965.4583508417268
33.16511325566279,966.6231307302378
33.175108755437776,967.788964239933
33.185104255212764,968.9558520060014
33.19509975498775,970.1237946638231
33.20509525476274,971.2927928489703
33.21509075453773,972.4628471972059
33.22508625431272,973.6339583444856
33.23508175408771,974.8061269269535
33.245077253862696,975.9793535809479
33.255072753637684,977.1536389429979
33.26506825341267,978.3289836498233
33.27506375318766,979.505388338336
33.285059252962654,980.68285364564
33.29505475273764,981.8613802090279
33.30505025251263,983.0409686659866
33.31504575228762,984.2216196541931
33.325041252062604,985.4033338115164
33.33503675183759,986.5861117760163
33.34503225161259,987.7699541859455
33.355027751387574,988.9548616797449
33.36502325116256,990.1408348960498
33.37501875093755,991.327874473686
33.38501425071254,992.5159810516706
33.395009750487525,993.705155269212
33.40500525026252,994.8953977657112
33.41500075003751,996.0867091807579
33.424996249812494,997.2790901541356
33.43499174958748,998.4725413258183
33.44498724936247,999.667063335972
33.45498274913746,1000.8626568249535
33.46497824891245,1002.059322433312
33.47497374868744,1003.2570608017855
33.48496924846243,1004.4558725713064
33.494964748237415,1005.655758382997
33.5049602480124,1006.8567188781718
33.51495574778739,1008.0587546983356
33.524951247562385,1009.2618664851867
33.53494674733737,1010.4660548806114
33.54494224711236,1011.67132052669
33.55493774688735,1012.877664065694
33.564933246662335,1014.0850861400858
33.57492874643732,1015.2935873925189
33.58492424621232,1016.5031684658401
33.594919745987305,1017.7138300030839
33.60491524576229,1018.9255726474795
33.61491074553728,1020.1383970424462
33.62490624531227,1021.3523038315953
33.634901745087255,1022.5672936587289
33.64489724486224,1023.7833671678407
33.65489274463724,1025.000525003117
33.664888244412225,1026.2187678089324
33.67488374418721,1027.4380962298555
33.6848792439622,1028.6585109106463
33.69487474373719,1029.8800124962554
33.704870243512175,1031.1026016318249
33.71486574328717,1032.326278962689
33.72486124306216,1033.5510451343714
33.734856742837145,1034.7769007925892
33.74485224261213,1036.0038465832504
33.75484774238712,1037.2318831524542
33.76484324216211,1038.461011146491
33.7748387419371,1039.6912312118438
33.78483424171209,1040.9225439951847
33.79482974148708,1042.1549501433792
33.804825241262066,1043.3884503034833
33.81482074103705,1044.6230451227452
33.82481624081204,1045.8587352486038
33.834811740587035,1047.0955213286904
33.84480724036202,1048.3334040108252
33.85480274013701,1049.5723839430223
33.864798239912,1050.8124617734866
33.874793739686986,1052.0536381506145
33.88478923946197,1053.295913722993
33.89478473923697,1054.539289139402
33.904780239011956,1055.7837650488104
33.91477573878694,1057.029342100381
33.92477123856193,1058.2760209434666
33.93476673833692,1059.523802227612
33.944762238111906,1060.772686602553
33.9547577378869,1062.0226747182178
33.96475323766189,1063.273767224724
33.974748737436876,1064.5259647723822
33.98474423721186,1065.7792680116943
33.99473973698685,1067.0336775933533
34.00473523676184,1068.2891941682433
34.01473073653683,1069.5458183874416
34.02472623631182,1070.8035509022134
34.03472173608681,1072.0623923640183
34.044717235861796,1073.3223434245062
34.054712735636784,1074.583404735519
34.06470823541177,1075.845576949089
34.07470373518676,1077.1088607174413
34.084699234961754,1078.3732566929918
34.09469473473674,1079.6387655283463
34.10469023451173,1080.9053878763038
34.11468573428672,1082.1731243898546
34.124681234061704,1083.4419757221797
34.13467673383669,1084.7119425266521
34.144672233611686,1085.9830254568371
34.154667733386674,1087.2552251664881
34.16466323316166,1088.528542309553
34.17465873293665,1089.8029775401703
34.18465423271164,1091.07853151267
34.194649732486624,1092.355204881573
34.20464523226162,1093.6329983015926
34.21464073203661,1094.9119124276315
34.224636231811594,1096.1919479147857
34.23463173158658,1097.4731054183424
34.24462723136157,1098.7553855937795
34.25462273113656,1100.0387890967668
34.26461823091155,1101.3233165831664
34.27461373068654,1102.6089687090284
34.28460923046153,1103.8957461305981
34.294604730236514,1105.183649504311
34.3046002300115,1106.4726794867931
34.31459572978649,1107.7628367348632
34.324591229561484,1109.0541219055312
34.33458672933647,1110.3465356559964
34.34458222911146,1111.640078643652
34.35457772888645,1112.934751526082
34.364573228661435,1114.230554961061
34.37456872843642,1115.527489606556
34.38456422821142,1116.8255561207257
34.394559727986405,1118.1247551619176
34.40455522776139,1119.4250873886735
34.41455072753638,1120.7265534597257
34.42454622731137,1122.0291540339974
34.434541727086355,1123.332889770604
34.44453722686135,1124.6377613288528
34.45453272663634,1125.9437693682394
34.464528226411325,1127.2509145484541
34.47452372618631,1128.559197529378
34.4845192259613,1129.8686189710825
34.49451472573629,1131.1791795338315
34.50451022551128,1132.4908798780805
34.51450572528627,1133.8037206644742
34.52450122506126,1135.117702553851
34.534496724836245,1136.4328262072397
34.54449222461123,1137.7490922858615
34.55448772438622,1139.0665014511276
34.56448322416121,1140.3850543646417
34.5744787239362,1141.7047516881992
34.58447422371119,1143.0255940837847
34.59446972348618,1144.3475822135765
34.604465223261165,1145.6707167399436
34.61446072303615,1146.9949983254462
34.62445622281114,1148.320427632836
34.634451722586135,1149.6470053250573
34.64444722236112,1150.974732065243
34.65444272213611,1152.3036085167194
34.6644382219111,1153.6336353430042
34.674433721686086,1154.9648132078064
34.68442922146107,1156.297142775026
34.69442472123607,1157.6306247087557
34.704420221011056,1158.9652596732765
34.71441572078604,1160.3010483330638
34.72441122056103,1161.6379913527835
34.73440672033602,1162.9760893972925
34.744402220111006,1164.31534313164
34.754397719886,1165.6557532210668
34.76439321966099,1166.9973203310026
34.774388719435976,1168.3400451270707
34.78438421921096,1169.683928275086
34.79437971898595,1171.0289704410538
34.80437521876094,1172.3751722911716
34.81437071853593,1173.7225344918284
34.82436621831092,1175.0710577096024
34.83436171808591,1176.4207426112662
34.844357217860896,1177.7715898637819
34.854352717635884,1179.1236001343043
34.86434821741087,1180.4767740901784
34.874343717185866,1181.8311123989429
34.88433921696085,1183.1866157283232
34.89433471673584,1184.5432847462407
34.90433021651083,1185.9011201208066
34.914325716285816,1187.2601225203234
34.924321216060804,1188.6202926132848
34.9343167158358,1189.9816310683775
34.944312215610786,1191.3441385544763
34.954307715385774,1192.7078157406506
34.96430321516076,1194.0726632961598
34.97429871493575,1195.438681890455
34.98429421471074,1196.8058721931786
34.994289714485724,1198.1742348741645
35.00428521426072,1199.543770603439
35.014280714035706,1200.9144800512167
35.024276213810694,1202.2863638879069
35.03427171358568,1203.6594227841088
35.04426721336067,1205.0336574106134
35.05426271313566,1206.409068438403
35.06425821291065,1207.7856565386526
35.07425371268564,1209.163422382725
35.08424921246063,1210.5423666421777
35.094244712235614,1211.9224899887588
35.1042402120106,1213.3037930944076
35.11423571178559,1214.6862766312552
35.124231211560584,1216.069941271624
35.13422671133557,1217.4547876880263
35.14422221111056,1218.8408165531678
35.15421771088555,1220.2280285399447
35.164213210660535,1221.6164243214453
35.17420871043552,1223.006004570948
35.18420421021052,1224.3967699619254
35.194199709985504,1225.7887211680368
35.20419520976049,1227.181858863137
35.21419070953548,1228.5761837212706
35.22418620931047,1229.971696416674
35.234181709085455,1231.3683976237749
35.24417720886045,1232.7662880171931
35.25417270863544,1234.1653682717376
35.264168208410425,1235.5656390624108
35.27416370818541,1236.967101064406
35.2841592079604,1238.3697549531082
35.29415470773539,1239.7736014040934
35.30415020751038,1241.17864109313
35.31414570728537,1242.584874696175
35.32414120706036,1243.9923028893795
35.334136706835345,1245.4009263490857
35.34413220661033,1246.8107457518263
35.35412770638532,1248.221761774326
35.364123206160315,1249.633975093502
35.3741187059353,1251.0473863864595
35.38411420571029,1252.4619963304983
35.39410970548528,1253.8778056031083
35.404105205260265,1255.2948148819717
35.41410070503525,1256.713024844961
35.42409620481024,1258.1324361701406
35.434091704585235,1259.5530495357677
35.44408720436022,1260.9748656202873
35.45408270413521,1262.3978851023392
35.4640782039102,1263.822108660753
35.474073703685185,1265.2475369745507
35.48406920346017,1266.6741707229448
35.49406470323517,1268.1020105853408
35.504060203010155,1269.5310572413323
35.51405570278514,1270.961311370707
35.52405120256013,1272.3927736534442
35.53404670233512,1273.8254447697132
35.544042202110106,1275.2593253998755
35.5540377018851,1276.694416224485
35.56403320166009,1278.1307179242833
35.574028701435076,1279.5682311802075
35.58402420121006,1281.006956673384
35.59401970098505,1282.4468950851317
35.60401520076004,1283.88804709696
35.61401070053503,1285.330413390571
35.62400620031002,1286.7739946478557
35.63400170008501,1288.218791550899
35.643997199859996,1289.664804781976
35.65399269963498,1291.1120350235537
35.66398819940997,1292.56048295829
35.673983699184966,1294.010149269036
35.68397919895995,1295.4610346388306
35.69397469873494,1296.9131397509068
35.70397019850993,1298.366465288689
35.713965698284916,1299.821011935792
35.723961198059904,1301.276780376023
35.7339566978349,1302.7337712933806
35.743952197609886,1304.1919853720524
35.75394769738487,1305.6514232964205
35.76394319715986,1307.1120857510568
35.77393869693485,1308.5739734207252
35.783934196709836,1310.037086990381
35.79392969648483,1311.5014271451714
35.80392519625982,1312.9669945704325
35.813920696034806,1314.4337899516945
35.823916195809794,1315.9018139746784
35.83391169558478,1317.371067325296
35.84390719535977,1318.841550689651
35.85390269513476,1320.3132647540388
35.86389819490975,1321.786210204946
35.87389369468474,1323.2603877290487
35.88388919445973,1324.7357980132174
35.893884694234714,1326.2124417445123
35.9038801940097,1327.6903196101857
35.91387569378469,1329.1694322976807
35.923871193559684,1330.6497804946334
35.93386669333467,1332.131364888868
35.94386219310966,1333.6141861684027
35.95385769288465,1335.0982450214472
35.963853192659634,1336.5835421364018
35.97384869243462,1338.070078201858
35.98384419220962,1339.5578539066003
35.993839691984604,1341.0468699396015
36.00383519175959,1342.5371269900286
36.01383069153458,1344.028625747239
36.02382619130957,1345.5213669007817
36.033821691084555,1347.015351140397
36.04381719085955,1348.5105791560177
36.05381269063454,1350.0070516377648
36.063808190409524,1351.5047692759535
36.07380369018451,1353.0037327610905
36.0837991899595,1354.5039427838728
36.09379468973449,1356.005400035189
36.10379018950948,1357.5081052061207
36.11378568928447,1359.0120589879368
36.12378118905946,1360.5172620721019
36.133776688834445,1362.0237151502702
36.14377218860943,1363.5314189142873
36.15376768838442,1365.0403740561908
36.163763188159415,1366.5505812682102
36.1737586879344,1368.0620412427631
36.18375418770939,1369.5747546724624
36.19374968748438,1371.088722250111
36.203745187259365,1372.603944668703
36.21374068703435,1374.1204226214236
36.22373618680935,1375.6381568016518
36.233731686584335,1377.1571479029535
36.24372718635932,1378.6773966190894
36.25372268613431,1380.1989036440111
36.2637181859093,1381.7216696718615
36.273713685684285,1383.2456953969743
36.28370918545927,1384.7709815138753
36.29370468523427,1386.2975287172824
36.303700185009255,1387.8253377021017
36.31369568478424,1389.3544091634342
36.32369118455923,1390.8847437965708
36.33368668433422,1392.4163422969941
36.343682184109205,1393.9492053603785
36.3536776838842,1395.48333368259
36.36367318365919,1397.0187279596832
36.373668683434175,1398.5553888879078
36.38366418320916,1400.093317163703
36.39365968298415,1401.6325134837
36.40365518275914,1403.172978544721
36.41365068253413,1404.714713043781
36.42364618230912,1406.2577176780835
36.43364168208411,1407.8019931450256
36.443637181859096,1409.3475401421958
36.45363268163408,1410.8943593673732
36.46362818140907,1412.442451518529
36.473623681184066,1413.9918172938262
36.48361918095905,1415.5424573916164
36.49361468073404,1417.094372510446
36.50361018050903,1418.6475633490513
36.513605680284016,1420.2020306063605
36.523601180059,1421.7577749814927
36.533596679834,1423.3147971737596
36.543592179608986,1424.8730978826613
36.55358767938397,1426.432677807892
36.56358317915896,1427.9935376493377
36.57357867893395,1429.5556781070736
36.583574178708936,1431.1190998813684
36.59356967848393,1432.6838036726817
36.60356517825892,1434.249790181662
36.613560678033906,1435.8170601091526
36.623556177808894,1437.385614156187
36.63355167758388,1438.9554530239895
36.64354717735887,1440.5265774139768
36.65354267713386,1442.0989880277575
36.66353817690885,1443.6726855671284
36.67353367668384,1445.2476707340807
36.683529176458826,1446.823944230797
36.693524676233814,1448.4015067596497
36.7035201760088,1449.980359023204
36.71351567578379,1451.560501724216
36.723511175558784,1453.141935565634
36.73350667533377,1454.7246612505949
36.74350217510876,1456.3086794824299
36.75349767488375,1457.8939909646608
36.763493174658734,1459.4805964010009
36.77348867443372,1461.0684964953543
36.783484174208716,1462.6576919518186
36.793479673983704,1464.2481834746784
36.80347517375869,1465.839971768414
36.81347067353368,1467.4330575376948
36.82346617330867,1469.0274414873832
36.833461673083654,1470.623124322532
36.84345717285865,1472.2201067483863
36.85345267263364,1473.81838947038
36.863448172408624,1475.4179731941413
36.87344367218361,1477.0188586254887
36.8834391719586,1478.6210464704325
36.89343467173359,1480.2245374351737
36.90343017150858,1481.8293322261065
36.91342567128357,1483.435431549813
36.92342117105856,1485.0428361130698
36.933416670833545,1486.651546622844
36.94341217060853,1488.2615637862941
36.95340767038352,1489.87288831077
36.963403170158514,1491.4855209038137
36.9733986699335,1493.0994622731562
36.98339416970849,1494.7147131267225
36.99338966948348,1496.331274172628
37.003385169258465,1497.9491461191797
37.01338066903345,1499.5683296748757
37.02337616880845,1501.188825548407
37.033371668583435,1502.810634448653
37.04336716835842,1504.4337570846865
37.05336266813341,1506.058194165772
37.0633581679084,1507.6839464013647
37.073353667683385,1509.3110145011115
37.08334916745838,1510.9393991748514
37.09334466723337,1512.5691011326119
37.103340167008355,1514.2001210846151
37.11333566678334,1515.8324597412736
37.12333116655833,1517.4661178131907
37.13332666633332,1519.1010960111623
37.143322166108305,1520.7373950461745
37.1533176658833,1522.3750156294066
37.16331316565829,1524.013958472226
37.173308665433275,1525.6542242861942
37.18330416520826,1527.295813783064
37.19329966498325,1528.9387276747786
37.20329516475824,1530.5829666734735
37.21329066453323,1532.228531491476
37.22328616430822,1533.8754228413015
37.23328166408321,1535.5236414356614
37.243277163858195,1537.1731879874553
37.25327266363318,1538.8240632097759
37.26326816340817,1540.4762678159066
37.273263663183165,1542.1298025193234
37.28325916295815,1543.7846680336904
37.29325466273314,1545.4408650728667
37.30325016250813,1547.0983943509011
37.313245662283116,1548.7572565820342
37.3232411620581,1550.4174524806983
37.3332366618331,1552.0789827615176
37.343232161608086,1553.741848139305
37.35322766138307,1555.4060493290672
37.36322316115806,1557.0715870460024
37.37321866093305,1558.7384620054993
37.383214160708036,1560.4066749231383
37.39320966048303,1562.0762265146927
37.40320516025802,1563.747117496123
37.413200660033006,1565.4193485835854
37.42319615980799,1567.0929204934255
37.43319165958298,1568.7678339421811
37.44318715935797,1570.4440896465812
37.45318265913296,1572.121688323547
37.46317815890795,1573.800630690188
37.47317365868294,1575.480917463808
37.483169158457926,1577.1625493619022
37.493164658232914,1578.845527102156
37.5031601580079,1580.5298514024466
37.513155657782896,1582.2155229808448
37.52315115755788,1583.9025425556074
37.53314665733287,1585.5909108451874
37.54314215710786,1587.280628568228
37.553137656882846,1588.9716964435634
37.563133156657834,1590.6641151902193
37.57312865643282,1592.357885527413
37.583124156207816,1594.0530081745542
37.593119655982804,1595.7494838512405
37.60311515575779,1597.4473132772646
37.61311065553278,1599.1464971726093
37.62310615530777,1600.8470362574487
37.633101655082754,1602.5489312521483
37.64309715485775,1604.252182877267
37.65309265463274,1605.95679185355
37.663088154407724,1607.6627589019388
37.67308365418271,1609.3700847435643
37.6830791539577,1611.0787700997496
37.69307465373269,1612.7888156920087
37.70307015350768,1614.500222242048
37.71306565328267,1616.2129904717624
37.72306115305766,1617.9271211032412
37.733056652832644,1619.6426148587639
37.74305215260763,1621.359472460802
37.75304765238262,1623.0776946320175
37.763043152157614,1624.7972820952662
37.7730386519326,1626.5182355735906
37.78303415170759,1628.2405557902287
37.79302965148258,1629.9642434686086
37.803025151257565,1631.6892993323502
37.81302065103255,1633.4157241052642
37.82301615080755,1635.1435185113542
37.833011650582534,1636.8726832748116
37.84300715035752,1638.6032191200227
37.85300265013251,1640.3351267715643
37.8629981499075,1642.0684069542044
37.872993649682485,1643.8030603929021
37.88298914945748,1645.53908781281
37.89298464923247,1647.2764899392675
37.902980149007455,1649.0152674978096
37.91297564878244,1650.7554212141613
37.92297114855743,1652.496951814239
37.93296664833242,1654.2398600241509
37.94296214810741,1655.984146570197
37.9529576478824,1657.729812178866
37.96295314765739,1659.476857576841
37.972948647432375,1661.2252834909955
37.98294414720736,1662.9750906483946
37.99293964698235,1664.7262797762942
38.00293514675734,1666.4788516021424
38.01293064653233,1668.2328068535794
38.02292614630732,1669.9881462584335
38.03292164608231,1671.7448705447275
38.042917145857295,1673.5029804406752
38.05291264563228,1675.262476674681
38.06290814540727,1677.0233599753415
38.072903645182265,1678.7856310714449
38.08289914495725,1680.5492906919685
38.09289464473224,1682.3143395660834
38.10289014450723,1684.080778423151
38.112885644282215,1685.8486079927256
38.1228811440572,1687.6178290045511
38.1328766438322,1689.3884421885653
38.142872143607185,1691.1604482748924
38.15286764338217,1692.9338479938529
38.16286314315716,1694.7086420759574
38.17285864293215,1696.4848312519073
38.182854142707136,1698.2624162525954
38.19284964248213,1700.0413978091074
38.20284514225712,1701.8217766527173
38.212840642032106,1703.603553514893
38.22283614180709,1705.386729127294
38.23283164158208,1707.1713042217696
38.24282714135707,1708.9572795303618
38.25282264113206,1710.7446557853045
38.26281814090705,1712.5334337190195
38.27281364068204,1714.3236140641245
38.282809140457026,1716.1151975534258
38.29280464023201,1717.9081849199222
38.302800140007,1719.702576896804
38.312795639781996,1721.4983742174534
38.32279113955698,1723.2955776154408
38.33278663933197,1725.0941878245324
38.34278213910696,1726.8942055786824
38.352777638881946,1728.6956316120393
38.362773138656934,1730.4984666589403
38.37276863843193,1732.3027114539173
38.382764138206916,1734.1083667316884
38.392759637981904,1735.9154332271678
38.40275513775689,1737.7239116754597
38.41275063753188,1739.5338028118597
38.422746137306866,1741.3451073718538
38.432741637081854,1743.1578260911215
38.44273713685685,1744.971959705533
38.452732636631836,1746.7875089511472
38.462728136406824,1748.6044745642173
38.47272363618181,1750.422857281188
38.4827191359568,1752.242657838694
38.49271463573179,1754.0638769735622
38.50271013550678,1755.8865154228124
38.51270563528177,1757.7105739236508
38.52270113505676,1759.5360532134805
38.532696634831744,1761.3629540298932
38.54269213460673,1763.191277110673
38.55268763438172,1765.0210231937951
38.562683134156714,1766.8521930174272
38.5726786339317,1768.684787319925
38.58267413370669,1770.518806839839
38.59266963348168,1772.3542523159097
38.602665133256664,1774.19112448707
38.61266063303165,1776.0294240924432
38.62265613280665,1777.8691518713456
38.632651632581634,1779.710308563281
38.64264713235662,1781.5528949079483
38.65264263213161,1783.3969116452374
38.6626381319066,1785.2423595152284
38.672633631681585,1787.089239258194
38.68262913145658,1788.9375516145983
38.69262463123157,1790.7872973250942
38.702620131006555,1792.6384771305286
38.71261563078154,1794.4910917719399
38.72261113055653,1796.3451419905568
38.73260663033152,1798.2006285278
38.74260213010651,1800.0575521252829
38.7525976298815,1801.9159135248058
38.76259312965649,1803.7757134683654
38.772588629431475,1805.6369526981468
38.78258412920646,1807.4996319565287
38.79257962898145,1809.3637519860795
38.802575128756445,1811.229313529561
38.81257062853143,1813.0963173299224
38.82256612830642,1814.9647641303081
38.83256162808141,1816.834654674053
38.842557127856395,1818.7059897046825
38.85255262763138,1820.578769965915
38.86254812740638,1822.4529962016597
38.872543627181365,1824.3286691560145
38.88253912695635,1826.2057895732728
38.89253462673134,1828.0843581979173
38.90253012650633,1829.9643757746223
38.912525626281315,1831.845843048254
38.9225211260563,1833.7287607638696
38.9325166258313,1835.6131296667188
38.942512125606285,1837.4989505022393
38.95250762538127,1839.386224016064
38.96250312515626,1841.274950954016
38.97249862493125,1843.1651320621095
38.982494124706236,1845.0567680865497
38.99248962448123,1846.9498597737359
39.00248512425622,1848.8444078702535
39.012480624031205,1850.7404131228839
39.02247612380619,1852.6378762785982
39.03247162358118,1854.5367980845592
39.04246712335617,1856.4371792881218
39.05246262313116,1858.3390206368324
39.06245812290615,1860.242322878425
39.07245362268114,1862.14708676083
39.082449122456126,1864.0533130321667
39.09244462223111,1865.9610024407468
39.1024401220061,1867.8701557350723
39.112435621781096,1869.7807736638392
39.12243112155608,1871.6928569759298
39.13242662133107,1873.6064064204224
39.14242212110606,1875.521422746586
39.152417620881046,1877.4379067038792
39.16241312065603,1879.3558590419536
39.17240862043103,1881.2752805106527
39.182404120206016,1883.1961718600082
39.192399619981,1885.1185338402463
39.20239511975599,1887.0423672017841
39.21239061953098,1888.9676726952293
39.222386119305966,1890.894451071382
39.23238161908096,1892.8227030812343
39.24237711885595,1894.7524294759655
39.252372618630936,1896.6836310069507
39.262368118405924,1898.6163084257555
39.27236361818091,1900.550462484136
39.2823591179559,1902.4860939340408
39.29235461773089,1904.42320352761
39.30235011750588,1906.361792017172
39.31234561728087,1908.3018601552503
39.322341117055856,1910.2434086945589
39.332336616830844,1912.1864383880018
39.34233211660583,1914.1309499886763
39.35232761638082,1916.0769442498702
39.362323116155814,1918.0244219250637
39.3723186159308,1919.973383767925
39.38231411570579,1921.9238305323172
39.39230961548078,1923.8757629722948
39.402305115255764,1925.829181842101
39.41230061503075,1927.7840878961733
39.42229611480575,1929.740481889141
39.432291614580734,1931.6983645758191
39.44228711435572,1933.6577367112209
39.45228261413071,1935.6185990505473
39.4622781139057,1937.580952349192
39.472273613680684,1939.5447973627404
39.48226911345568,1941.5101348469686
39.49226461323067,1943.4769655578427
39.502260113005654,1945.4452902515225
39.51225561278064,1947.4151096843582
39.52225111255563,1949.3864246128921
39.53224661233062,1951.3592357938567
39.54224211210561,1953.3335439841785
39.5522376118806,1955.3093499409706
39.56223311165559,1957.2866544215415
39.572228611430575,1959.2654581833908
39.58222411120556,1961.2457619842078
39.59221961098055,1963.2275665818745
39.602215110755544,1965.2108727344653
39.61221061053053,1967.195681200242
39.62220611030552,1969.1819927376619
39.63220161008051,1971.169808105372
39.642197109855495,1973.1591280622115
39.65219260963048,1975.14995336721
39.66218810940548,1977.1422847795902
39.672183609180465,1979.1361230587627
39.68217910895545,1981.131468964333
39.69217460873044,1983.1283232560966
39.70217010850543,1985.1266866940407
39.712165608280415,1987.1265600383445
39.72216110805541,1989.1279440493786
39.7321566078304,1991.1308394877017
39.742152107605385,1993.135247114068
39.75214760738037,1995.1411676894218
39.76214310715536,1997.1486019748984
39.77213860693035,1999.1575507318248
39.782134106705335,2001.1680147217198
39.79212960648033,2003.1799947062939
39.80212510625532,2005.1934914474461
39.812120606030305,2007.2085057072707
39.82211610580529,2009.2250382480506
39.83211160558028,2011.2430898322625
39.84210710535527,2013.2626612225722
39.85210260513026,2015.28375318184
39.86209810490525,2017.3063664731123
39.87209360468024,2019.3305018596318
39.882089104455225,2021.3561601048311
39.89208460423021,2023.383341972334
39.9020801040052,2025.4120482259557
39.912075603780195,2027.442279629704
39.92207110355518,2029.4740369477747
39.93206660333017,2031.5073209445586
39.94206210310516,2033.5421323846365
39.952057602880146,2035.5784720327808
39.96205310265513,2037.6163406539554
39.97204860243013,2039.6557390133166
39.982044102205116,2041.696667876208
39.9920396019801,2043.7391280081692
40.00203510175509,2045.7831201749298
40.01203060153008,2047.82864514241
40.022026101305066,2049.8757036767224
40.03202160108006,2051.924296544172
40.04201710085505,2053.974424511251
40.052012600630036,2056.0260883446467
40.06200810040502,2058.079288811238
40.07200360018001,2060.134026678093
40.081999099955,2062.1903027124727
40.09199459972999,2064.248117681831
40.10199009950498,2066.307472353808
40.11198559927997,2068.36836749624
40.121981099054956,2070.4308038771537
40.131976598829944,2072.4947822647664
40.14197209860493,2074.5603034274873
40.151967598379926,2076.627368133918
40.161963098154914,2078.695977152848
40.1719585979299,2080.766131253262
40.18195409770489,2082.8378312043346
40.191949597479876,2084.9110777754317
40.201945097254864,2086.985871736111
40.21194059702985,2089.062213856122
40.221936096804846,2091.1401049054057
40.231931596579834,2093.2195456540917
40.24192709635482,2095.3005368725035
40.25192259612981,2097.3830793311568
40.2619180959048,2099.467173800757
40.271913595679784,2101.552821052201
40.28190909545478,2103.6400218565805
40.29190459522977,2105.7287769851714
40.301900095004754,2107.8190872094474
40.31189559477974,2109.910953301072
40.32189109455473,2112.0043760318986
40.33188659432972,2114.099356173974
40.34188209410471,2116.195894499536
40.3518775938797,2118.293991781011
40.36187309365469,2120.39364879102
40.371868593429674,2122.4948663023747
40.38186409320466,2124.5976450880785
40.39185959297965,2126.701985921325
40.401855092754644,2128.8078895755016
40.41185059252963,2130.9153568241827
40.42184609230462,2133.024388441138
40.43184159207961,2135.1349852003273
40.441837091854595,2137.247147875902
40.45183259162958,2139.3608772422053
40.46182809140458,2141.476174073772
40.471823591179565,2143.5930391453257
40.48181909095455,2145.711473231784
40.49181459072954,2147.831477108256
40.50181009050453,2149.9530515500405
40.511805590279515,2152.0761973326294
40.52180109005451,2154.200915231707
40.5317965898295,2156.327206023144
40.541792089604485,2158.4550704830067
40.55178758937947,2160.5845093875528
40.56178308915446,2162.71552351323
40.57177858892945,2164.848113636678
40.58177408870444,2166.9822805347303
40.59176958847943,2169.118024984405
40.60176508825442,2171.2553477629176
40.611760588029405,2173.3942496476748
40.62175608780439,2175.534731416272
40.63175158757938,2177.676793846497
40.64174708735437,2179.8204377163297
40.65174258712936,2181.965663803943
40.66173808690435,2184.112472887696
40.67173358667934,2186.2608657461437
40.681729086454325,2188.410843158031
40.69172458622931,2190.5624059022953
40.7017200860043,2192.7155547580633
40.711715585779295,2194.870290504657
40.72171108555428,2197.0266139215837
40.73170658532927,2199.1845257885466
40.74170208510426,2201.34402688544
40.751697584879246,2203.5051179923485
40.76169308465423,2205.667799889549
40.77168858442923,2207.83207335751
40.781684084204215,2209.9979391768884
40.7916795839792,2212.165398128536
40.80167508375419,2214.3344509934946
40.81167058352918,2216.505098552998
40.821666083304166,2218.677341588471
40.83166158307916,2220.851180881531
40.84165708285415,2223.026617213983
40.851652582629136,2225.203651367828
40.86164808240412,2227.3822841252554
40.87164358217911,2229.562516268648
40.8816390819541,2231.744348580579
40.89163458172909,2233.927781843814
40.90163008150408,2236.1128168413065
40.91162558127907,2238.2994543562054
40.921621081054056,2240.4876951718497
40.93161658082904,2242.6775400717697
40.94161208060403,2244.8689898396874
40.951607580379026,2247.062045259517
40.96160308015401,2249.2567071153608
40.971598579929,2251.452976191515
40.98159407970399,2253.650853272468
40.991589579478976,2255.850339142898
41.001585079253964,2258.051434587676
41.01158057902896,2260.2541403918644
41.021576078803946,2262.4584573407137
41.031571578578934,2264.6643862196693
41.04156707835392,2266.8719278143667
41.05156257812891,2269.0810829106344
41.061558077903896,2271.2918522944897
41.071553577678884,2273.5042367521432
41.08154907745388,2275.7182370699984
41.091544577228866,2277.9338540346444
41.101540077003854,2280.1510884328673
41.11153557677884,2282.369941051643
41.12153107655383,2284.590412678138
41.13152657632882,2286.812504099711
41.14152207610381,2289.0362161039134
41.1515175758788,2291.2615494784836
41.16151307565379,2293.488505011356
41.171508575428774,2295.7170834906547
41.18150407520376,2297.9472857046953
41.19149957497875,2300.1791124419838
41.201495074753744,2302.4125644912215
41.21149057452873,2304.647642641294
41.22148607430372,2306.884347681285
41.23148157407871,2309.122680400466
41.241477073853694,2311.362641588301
41.25147257362868,2313.6042320344463
41.26146807340368,2315.8474525287506
41.271463573178664,2318.0923038612473
41.28145907295365,2320.338786822169
41.29145457272864,2322.586902201936
41.30145007250363,2324.836650791161
41.311445572278615,2327.088033380648
41.32144107205361,2329.3410507613935
41.3314365718286,2331.595703724581
41.341432071603585,2333.8519930615907
41.35142757137857,2336.1099195639918
41.36142307115356,2338.3694840235444
41.37141857092855,2340.6306872322016
41.38141407070354,2342.8935299821087
41.39140957047853,2345.1580130655975
41.40140507025352,2347.4241372751962
41.411400570028505,2349.6919034036227
41.42139606980349,2351.961312243786
41.43139156957848,2354.232364588787
41.441387069353475,2356.5050612319196
41.45138256912846,2358.7794029666643
41.46137806890345,2361.0553905866973
41.47137356867844,2363.333024885885
41.481369068453425,2365.6123066582854
41.49136456822841,2367.8932366981476
41.5013600680034,2370.1758157999125
41.511355567778395,2372.460044758213
41.52135106755338,2374.7459243678704
41.53134656732837,2377.0334554239
41.54134206710336,2379.322638721508
41.551337566878345,2381.613475056093
41.56133306665333,2383.905965223244
41.57132856642833,2386.200110018742
41.581324066203315,2388.4959102385565
41.5913195659783,2390.793366678852
41.60131506575329,2393.0924801359834
41.61131056552828,2395.3932514064973
41.621306065303266,2397.69568128713
41.63130156507826,2399.999770574813
41.64129706485325,2402.3055200666627
41.651292564628235,2404.612930559993
41.66128806440322,2406.922002852307
41.67128356417821,2409.232737741299
41.6812790639532,2411.5451360248544
41.69127456372819,2413.8591985010535
41.70127006350318,2416.1749259681606
41.71126556327817,2418.4923192246383
41.721261063053156,2420.8113790691377
41.73125656282814,2423.132106300502
41.74125206260313,2425.4545017177657
41.751247562378126,2427.778566120156
41.76124306215311,2430.1043003070868
41.7712385619281,2432.4317050781688
41.78123406170309,2434.760781233201
41.791229561478076,2437.0915295721766
41.801225061253064,2439.423950895277
41.81122056102806,2441.7580460028785
41.821216060803046,2444.093815695543
41.83121156057803,2446.4312607740303
41.84120706035302,2448.7703820392876
41.85120256012801,2451.111180292456
41.861198059902996,2453.453656334866
41.87119355967799,2455.7978109680425
41.88118905945298,2458.1436449936955
41.891184559227966,2460.491159213733
41.901180059002954,2462.840354430252
41.91117555877794,2465.19123144554
41.92117105855293,2467.5437910620767
41.93116655832792,2469.8980340825347
41.94116205810291,2472.253961309777
41.9511575578779,2474.6115735468543
41.961153057652886,2476.9708715970137
41.971148557427874,2479.3318562636923
41.98114405720286,2481.694528350518
41.99113955697785,2484.058888661311
42.001135056752844,2486.424938000083
42.01113055652783,2488.7926771710336
42.02112605630282,2491.1621069785583
42.03112155607781,2493.5332282272425
42.041117055852794,2495.906041721863
42.05111255562778,2498.2805482673866
42.06110805540278,2500.656748668976
42.071103555177764,2503.0346437319777
42.08109905495275,2505.414234261936
42.09109455472774,2507.7955210645846
42.10109005450273,2510.178504945849
42.111085554277714,2512.563186711845
42.12108105405271,2514.949567168883
42.1310765538277,2517.3376471234574
42.141072053602684,2519.727427382262
42.15106755337767,2522.118908752179
42.16106305315266,2524.512092040281
42.17105855292765,2526.9069780538334
42.18105405270264,2529.3035676002946
42.19104955247763,2531.7018614873086
42.20104505225262,2534.1018605227164
42.211040552027605,2536.5035655145484
42.22103605180259,2538.906977271027
42.23103155157758,2541.312096600565
42.241027051352575,2543.718924311769
42.25102255112756,2546.1274612134325
42.26101805090255,2548.537708114544
42.27101355067754,2550.9496658242833
42.281009050452525,2553.36333515202
42.29100455022751,2555.7787169073167
42.30100005000251,2558.195811899928
42.310995549777495,2560.614620939795
42.32099104955248,2563.0351448370557
42.33098654932747,2565.457384402038
42.34098204910246,2567.8813404452594
42.350977548877445,2570.3070137774316
42.36097304865243,2572.734405209456
42.37096854842743,2575.1635155524273
42.380964048202415,2577.594345617626
42.3909595479774,2580.026896216531
42.40095504775239,2582.4611681608085
42.41095054752738,2584.897162262318
42.420946047302365,2587.334879333109
42.43094154707736,2589.7743201854255
42.44093704685235,2592.215485631696
42.450932546627335,2594.6583764845477
42.46092804640232,2597.102993556796
42.47092354617731,2599.5493376614477
42.4809190459523,2601.997409611702
42.49091454572729,2604.44721022095
42.50091004550228,2606.8987403027704
42.51090554527727,2609.3520006709377
42.520901045052256,2611.8069921394153
42.53089654482724,2614.2637155223592
42.54089204460223,2616.722171634117
42.550887544377225,2619.1823612892285
42.56088304415221,2621.64428530242
42.5708785439272,2624.1079444886145
42.58087404370219,2626.5733396629253
42.590869543477176,2629.0404716406556
42.60086504325216,2631.5093412373017
42.61086054302716,2633.979949268551
42.620856042802146,2636.4522965502797
42.63085154257713,2638.926383898559
42.64084704235212,2641.4022121296493
42.65084254212711,2643.879782060004
42.660838041902096,2646.359094506267
42.67083354167709,2648.8401502852744
42.68082904145208,2651.3229502140507
42.690824541227066,2653.8074951098147
42.70082004100205,2656.293785789977
42.71081554077704,2658.781823072138
42.72081104055203,2661.2716077740906
42.73080654032702,2663.7631407138197
42.74080204010201,2666.2564227094977
42.750797539877,2668.751454579492
42.760793039651986,2671.248237142361
42.770788539426974,2673.7467712168554
42.78078403920196,2676.247057621915
42.79077953897695,2678.749097176671
42.800775038751944,2681.2528907004507
42.81077053852693,2683.758439012765
42.82076603830192,2686.2657429333217
42.830761538076906,2688.774803282019
42.840757037851894,2691.2856208789462
42.85075253762688,2693.7981965443837
42.860748037401876,2696.312531098806
42.870743537176864,2698.828625362873
42.88073903695185,2701.346480157441
42.89073453672684,2703.866096303557
42.90073003650183,2706.3874746224574
42.910725536276814,2708.910615935573
42.92072103605181,2711.4355210645244
42.9307165358268,2713.9621908311215
42.940712035601784,2716.490626057369
42.95070753537677,2719.0208275654613
42.96070303515176,2721.5527961777852
42.97069853492675,2724.0865327169186
42.98069403470174,2726.622038005631
42.99068953447673,2729.15931286688
43.00068503425172,2731.6983581238196
43.010680534026704,2734.239174599792
43.02067603380169,2736.781763118333
43.03067153357668,2739.3261245031676
43.040667033351674,2741.872259578216
43.05066253312666,2744.420169167583
43.06065803290165,2746.9698540955706
43.07065353267664,2749.5213151866706
43.080649032451625,2752.0745532655665
43.09064453222661,2754.629569157132
43.10064003200161,2757.1863636864355
43.110635531776595,2759.7449376787304
43.12063103155158,2762.305291959467
43.13062653132657,2764.867427354286
43.14062203110156,2767.4313446890187
43.150617530876545,2769.997044789688
43.16061303065154,2772.56452848251
43.17060853042653,2775.133796593887
43.180604030201515,2777.7048499504176
43.1905995299765,2780.277689378891
43.20059502975149,2782.852315706287
43.21059052952648,2785.428729759777
43.220586029301465,2788.006932366723
43.23058152907646,2790.5869243546827
43.24057702885145,2793.1687065513966
43.250572528626435,2795.752279784804
43.26056802840142,2798.3376448830336
43.27056352817641,2800.924802674405
43.2805590279514,2803.51375398743
43.29055452772639,2806.104499650812
43.30055002750138,2808.6970404934423
43.31054552727637,2811.291377344408
43.320541027051355,2813.887511032986
43.33053652682634,2816.4854423886445
43.34053202660133,2819.0851722410434
43.350527526376325,2821.686701420035
43.36052302615131,2824.2900307556592
43.3705185259263,2826.8951610781514
43.38051402570129,2829.5020932179364
43.390509525476276,2832.1108280056314
43.40050502525126,2834.7213662720446
43.41050052502626,2837.333708848177
43.420496024801245,2839.9478565652166
43.43049152457623,2842.563810254547
43.44048702435122,2845.1815707477426
43.45048252412621,2847.8011388765676
43.460478023901196,2850.4225154729797
43.47047352367619,2853.0457013691275
43.48046902345118,2855.6706973973482
43.490464523226166,2858.297504390174
43.50046002300115,2860.926123180326
43.51045552277614,2863.5565546007197
43.52045102255113,2866.1887994844587
43.53044652232612,2868.822858664842
43.54044202210111,2871.4587329753535
43.5504375218761,2874.0964232496744
43.560433021651086,2876.735930321676
43.570428521426074,2879.377255025419
43.58042402120106,2882.020398195158
43.590419520976056,2884.6653606653394
43.60041502075104,2887.3121432705966
43.61041052052603,2889.960746845758
43.62040602030102,2892.611172225843
43.630401520076006,2895.263420246062
43.640397019850994,2897.9174917418186
43.65039251962599,2900.5733875487063
43.660388019400976,2903.231108502506
43.670383519175964,2905.890655439197
43.68037901895095,2908.5520291949456
43.69037451872594,2911.215230606112
43.70037001850093,2913.8802605092455
43.710365518275914,2916.5471197410893
43.72036101805091,2919.215809138577
43.730356517825896,2921.88632953883
43.740352017600884,2924.5586817791664
43.75034751737587,2927.232866697094
43.76034301715086,2929.908885130311
43.77033851692585,2932.5867379167075
43.78033401670084,2935.266425894368
43.79032951647583,2937.947949901561
43.80032501625082,2940.6313107767533
43.810320516025804,2943.3165093586003
43.82031601580079,2946.00354648595
43.83031151557578,2948.6924229978404
43.840307015350774,2951.383139733504
43.85030251512576,2954.0756975323584
43.86029801490075,2956.770097234018
43.87029351467574,2959.466339678288
43.880289014450724,2962.1644257051635
43.89028451422571,2964.864356154832
43.90028001400071,2967.5661318676734
43.910275513775694,2970.269753684255
43.92027101355068,2972.975222445339
43.93026651332567,2975.6825389918786
43.94026201310066,2978.391704165018
43.950257512875645,2981.1027188060925
43.96025301265064,2983.8155837566314
43.97024851242563,2986.5302998583497
43.980244012200615,2989.2468679531585
43.9902395119756,2991.9652888831592
44.00023501175059,2994.685563490644
44.01023051152558,2997.407692618098
44.02022601130057,3000.1316771081974
44.03022151107556,3002.8575178038063
44.04021701085055,3005.5852155479843
44.050212510625535,3008.314771183981
44.06020801040052,3011.046185555238
44.07020351017551,3013.7794595053874
44.080199009950505,3016.5145938782553
44.09019450972549,3019.2515895178526
44.10019000950048,3021.9904472683893
44.11018550927547,3024.731167974262
44.120181009050455,3027.4737524800607
44.13017650882544,3030.218201630567
44.14017200860043,3032.964516270753
44.150167508375425,3035.712697245783
44.16016300815041,3038.462745401011
44.1701585079254,3041.2146615819834
44.18015400770039,3043.968446634439
44.190149507475375,3046.7241014043066
44.20014500725036,3049.4816267377078
44.21014050702536,3052.2410234809563
44.220136006800345,3055.002292480552
44.23013150657533,3057.765434583192
44.24012700635032,3060.5304506357625
44.25012250612531,3063.2973414853413
44.260118005900296,3066.0661079791985
44.27011350567529,3068.8367509647956
44.28010900545028,3071.609271289781
44.290104505225266,3074.383669802001
44.30010000500025,3077.159947349489
44.31009550477524,3079.9381047804727
44.32009100455023,3082.718142943369
44.33008650432522,3085.500062686789
44.34008200410021,3088.2838648595302
44.3500775038752,3091.0695503105853
44.360073003650186,3093.8571198891386
44.37006850342517,3096.6465744445645
44.38006400320016,3099.437914826429
44.390059502975156,3102.2311418844915
44.40005500275014,3105.0262564686977
44.41005050252513,3107.8232594291894
44.42004600230012,3110.622151616298
44.430041502075106,3113.422933880548
44.440037001850094,3116.225607072653
44.45003250162509,3119.030172043521
44.460028001400076,3121.836629644246
44.47002350117506,3124.644980726119
44.48001900095005,3127.4552261406184
44.49001450072504,3130.2673667394183
44.500010000500026,3133.0814033743804
44.51000550027502,3135.8973368975617
44.52000100005001,3138.7151681612036
44.529996499824996,3141.5348980177455
44.539991999599984,3144.3565273198165
44.54998749937497,3147.1800569202364
44.55998299914996,3150.005487672016
44.56997849892495,3152.83282042836
44.57997399869994,3155.662056042663
44.58996949847493,3158.4931953685077
44.59996499824992,3161.3262392596725
44.609960498024904,3164.161188570127
44.61995599779989,3166.99804415403
44.62995149757488,3169.8368068657337
44.639946997349874,3172.6774775597823
44.64994249712486,3175.520057090907
44.65993799689985,3178.364546314034
44.66993349667484,3181.2109460842807
44.679928996449824,3184.0592572569562
44.68992449622481,3186.90948068756
44.69991999599981,3189.7616172317853
44.709915495774794,3192.61566774551
44.71991099554978,3195.4716330848114
44.72990649532477,3198.329514105954
44.73990199509976,3201.1893116653946
44.749897494874745,3204.0510266197825
44.75989299464974,3206.914659825959
44.76988849442473,3209.78021214095
44.779883994199714,3212.6476844219815
44.7898794939747,3215.5170775264664
44.79987499374969,3218.3883923120106
44.80987049352468,3221.2616296364104
44.81986599329967,3224.1367903576565
44.82986149307466,3227.013875333924
44.83985699284965,3229.8928854235855
44.849852492624635,3232.773821485204
44.85984799239962,3235.6566843775327
44.86984349217461,3238.5414749595175
44.879838991949605,3241.4281940902965
44.88983449172459,3244.3168426291936
44.89982999149958,3247.2074214357303
44.90982549127457,3250.0999313696175
44.919820991049555,3252.994373290757
44.92981649082454,3255.8907480592425
44.93981199059954,3258.789056535362
44.949807490374525,3261.6892995795865
44.95980299014951,3264.591478052587
44.9697984899245,3267.4955928152217
44.97979398969949,3270.401644728542
44.989789489474475,3273.30963465379
44.99978498924946,3276.2195634523987
45.00978048902446,3279.1314319859953
45.019775988799445,3282.045241116392
45.02977148857443,3284.9609917055986
45.03976698834942,3287.8786846158137
45.04976248812441,3290.7983207094285
45.059757987899395,3293.7199008490243
45.06975348767439,3296.643425897377
45.07974898744938,3299.5688967174474
45.089744487224365,3302.4963141723924
45.09973998699935,3305.425679125561
45.10973548677434,3308.356992440492
45.11973098654933,3311.290254980915
45.12972648632432,3314.225467610754
45.13972198609931,3317.162631194119
45.1497174858743,3320.1017465953155
45.159712985649286,3323.04281467884
45.16970848542427,3325.98583630938
45.17970398519926,3328.9308123518135
45.189699484974255,3331.8777436712144
45.19969498474924,3334.826631132839
45.20969048452423,3337.777475602142
45.21968598429922,3340.7302779447696
45.229681484074206,3343.6850390265563
45.23967698384919,3346.6417597135296
45.24967248362419,3349.60044087191
45.259667983399176,3352.561083368104
45.26966348317416,3355.5236880687144
45.27965898294915,3358.4882558405347
45.28965448272414,3361.45478755055
45.299649982499126,3364.4232840659342
45.30964548227412,3367.3937462540575
45.31964098204911,3370.366174982475
45.329636481824096,3373.340571118937
45.339631981599084,3376.3169355313867
45.34962748137407,3379.295269087955
45.35962298114906,3382.275572656968
45.36961848092405,3385.2578471069414
45.37961398069904,3388.242093306579
45.38960948047403,3391.228312124782
45.399604980249016,3394.216504430639
45.409600480024004,3397.2066710934314
45.41959597979899,3400.198812982632
45.42959147957398,3403.1929309679053
45.439586979348974,3406.1890259191086
45.44958247912396,3409.187098706284
45.45957797889895,3412.187150199672
45.46957347867394,3415.189181269702
45.479568978448924,3418.193192786997
45.48956447822391,3421.199185622367
45.499559977998906,3424.2071606468194
45.509555477773894,3427.2171187315444
45.51955097754888,3430.2290607479317
45.52954647732387,3433.242987567558
45.53954197709886,3436.258900062195
45.549537476873844,3439.2767991038017
45.55953297664884,3442.296685564533
45.56952847642383,3445.3185603167294
45.579523976198814,3448.3424242329274
45.5895194759738,3451.3682781858524
45.59951497574879,3454.396123048424
45.60951047552378,3457.4259596937513
45.61950597529877,3460.4577889951374
45.62950147507376,3463.4916118260694
45.63949697484875,3466.5274290602333
45.649492474623734,3469.565241571505
45.65948797439872,3472.605050233949
45.66948347417371,3475.646855921825
45.679478973948704,3478.690659509584
45.68947447372369,3481.736461871861
45.69946997349868,3484.784263883492
45.70946547327367,3487.8340664194993
45.719460973048655,3490.8858703550977
45.72945647282364,3493.9396765656943
45.73945197259864,3496.9954859268887
45.749447472373625,3500.053299314465
45.75944297214861,3503.113117604407
45.7694384719236,3506.1749416728853
45.77943397169859,3509.2387723962634
45.789429471473575,3512.304610651097
45.79942497124857,3515.372457314134
45.80942047102356,3518.442313262307
45.819415970798545,3521.514179372748
45.82941147057353,3524.5880565227767
45.83940697034852,3527.663945589905
45.84940247012351,3530.7418474518363
45.859397969898495,3533.821762986465
45.86939346967349,3536.9036930718794
45.87938896944848,3539.9876385863513
45.889384469223465,3543.0736004083537
45.89937996899845,3546.161579416546
45.90937546877344,3549.2515764897794
45.91937096854843,3552.3435925070976
45.92936646832342,3555.437628347737
45.93936196809841,3558.533684891118
45.9493574678734,3561.6317630168614
45.959352967648385,3564.7318636047753
45.96934846742337,3567.8339875348597
45.97934396719836,3570.938135687306
45.989339466973355,3574.0443089425007
45.99933496674834,3577.152508181012
46.00933046652333,3580.2627342836076
46.01932596629832,3583.374988131246
46.029321466073306,3586.489270605074
46.03931696584829,3589.605582586434
46.04931246562329,3592.723924956857
46.059307965398276,3595.8442985980632
46.06930346517326,3598.9667043919676
46.07929896494825,3602.0911432206767
46.08929446472324,3605.217615966487
46.099289964498226,3608.346123511887
46.10928546427322,3611.476666739558
46.11928096404821,3614.609246532368
46.129276463823196,3617.743863773381
46.13927196359818,3620.880519345852
46.14926746337317,3624.019214133225
46.15926296314816,3627.159949019137
46.16925846292315,3630.3027248874196
46.17925396269814,3633.447542622087
46.18924946247313,3636.5944031073527
46.199244962248116,3639.7433072276194
46.209240462023104,3642.8942558674808
46.21923596179809,3646.0472499117222
46.229231461573086,3649.2022902453223
46.23922696134807,3652.359377753445
46.24922246112306,3655.518513321452
46.25921796089805,3658.6796978348934
46.269213460673036,3661.842932179513
46.279208960448024,3665.0082172412435
46.28920446022301,3668.17555390621
46.299199959998006,3671.344943060732
46.309195459772994,3674.5163855913124
46.31919095954798,3677.6898823846527
46.32918645932297,3680.8654343276444
46.33918195909796,3684.0430423073685
46.349177458872944,3687.2227072111
46.35917295864794,3690.4044299263046
46.36916845842293,3693.588211340635
46.379163958197914,3696.774052341942
46.3891594579729,3699.961953818263
46.39915495774789,3703.1519166578305
46.40915045752288,3706.343941749065
46.41914595729787,3709.538029980583
46.42914145707286,3712.734182241184
46.43913695684785,3715.932399419868
46.449132456622834,3719.1326824058215
46.45912795639782,3722.335032088424
46.46912345617281,3725.539449357246
46.479118955947804,3728.7459351020516
46.48911445572279,3731.9544902127896
46.49910995549778,3735.1651155796067
46.50910545527277,3738.377812092839
46.519100955047755,3741.592580643014
46.52909645482274,3744.809422120851
46.53909195459774,3748.0283374172627
46.549087454372724,3751.2493274233457
46.55908295414771,3754.4723930303953
46.5690784539227,3757.697535129897
46.57907395369769,3760.924754613526
46.589069453472675,3764.1540523731505
46.59906495324767,3767.3854293008303
46.60906045302266,3770.6188862888125
46.619055952797645,3773.8544242295393
46.62905145257263,3777.0920440156447
46.63904695234762,3780.3317465399537
46.64904245212261,3783.573532695481
46.6590379518976,3786.8174033754367
46.66903345167259,3790.0633594732135
46.67902895144758,3793.3114018824067
46.689024451222565,3796.561531496795
46.69901995099755,3799.813749210353
46.70901545077254,3803.0680559172433
46.71901095054753,3806.324452511823
46.72900645032252,3809.5829398886412
46.73900195009751,3812.8435189424313
46.7489974498725,3816.106190568126
46.758992949647485,3819.3709556608464
46.76898844942247,3822.637815115905
46.77898394919746,3825.906769828807
46.788979448972455,3829.177820695248
46.79897494874744,3832.4509686111123
46.80897044852243,3835.726214472481
46.81896594829742,3839.0035591756214
46.828961448072405,3842.2830036169976
46.83895694784739,3845.5645486932594
46.84895244762239,3848.848195301255
46.858947947397375,3852.1339443380148
46.86894344717236,3855.421796700768
46.87893894694735,3858.7117532869315
46.88893444672234,3862.0038149941165
46.898929946497326,3865.2979827201234
46.90892544627232,3868.5942573629477
46.91892094604731,3871.8926398207664
46.928916445822296,3875.19313099196
46.93891194559728,3878.495731775093
46.94890744537227,3881.800443068925
46.95890294514726,3885.1072657724035
46.96889844492225,3888.4162007846735
46.97889394469724,3891.7272490050623
46.98888944447223,3895.0404113330956
46.998884944247216,3898.3556886684883
47.0088804440222,3901.673081911147
47.01887594379719,3904.9925919611705
47.028871443572186,3908.3142197188495
47.03886694334717,3911.637966084661
47.04886244312216,3914.9638319592777
47.05885794289715,3918.291818243565
47.068853442672136,3921.6219258385777
47.078848942447124,3924.954155645561
47.08884444222212,3928.2885085659555
47.098839941997106,3931.624985501386
47.108835441772094,3934.963587353676
47.11883094154708,3938.3043150248363
47.12882644132207,3941.6471694170705
47.138821941097056,3944.9921514327743
47.148817440872044,3948.339261974534
47.15881294064704,3951.6885019451283
47.168808440422026,3955.039872247522
47.178803940197014,3958.393373784879
47.188799439972,3961.74900746055
47.19879493974699,3965.1067741780776
47.20879043952198,3968.4666748411987
47.21878593929697,3971.8287103538405
47.22878143907196,3975.1928816201157
47.23877693884695,3978.5591895443354
47.248772438621934,3981.927635031
47.25876793839692,3985.298218984802
47.26876343817191,3988.6709423106236
47.278758937946904,3992.045805913542
47.28875443772189,3995.422810698819
47.29874993749688,3998.801957571913
47.30874543727187,4002.1832474384746
47.318740937046854,4005.566681204342
47.32873643682184,4008.952259775548
47.33873193659684,4012.3399840583184
47.348727436371824,4015.7298549590614
47.35872293614681,4019.121873384386
47.3687184359218,4022.5160402410893
47.37871393569679,4025.9123564361603
47.388709435471775,4029.3108228767783
47.39870493524677,4032.7114404703175
47.40870043502176,4036.114210124336
47.418695934796744,4039.5191327465905
47.42869143457173,4042.9262092450263
47.43868693434672,4046.3354405277814
47.44868243412171,4049.746827503183
47.4586779338967,4053.1603710797544
47.46867343367169,4056.5760721662014
47.47866893344668,4059.99393167143
47.488664433221665,4063.4139505045327
47.49865993299665,4066.8361295747964
47.50865543277164,4070.260469791698
47.518650932546635,4073.686972064908
47.52864643232162,4077.115637304281
47.53864193209661,4080.546466419871
47.5486374318716,4083.97946032192
47.558632931646585,4087.4146199208626
47.56862843142157,4090.8519461273236
47.57862393119656,4094.2914398521207
47.588619430971555,4097.733102006264
47.59861493074654,4101.176933500948
47.60861043052153,4104.622935247566
47.61860593029652,4108.0711081577
47.628601430071505,4111.521453143125
47.63859692984649,4114.973971115806
47.64859242962149,4118.428662987902
47.658587929396475,4121.885529671757
47.66858342917146,4125.34457207991
47.67857892894645,4128.805791125094
47.68857442872144,4132.269187720233
47.698569928496426,4135.7347627784375
47.70856542827142,4139.202517213016
47.71856092804641,4142.672451937461
47.728556427821395,4146.144567865462
47.73855192759638,4149.618865910898
47.74854742737137,4153.095346987841
47.75854292714636,4156.574012010553
47.76853842692135,4160.054861893489
47.77853392669634,4163.5378975512895
47.78852942647133,4167.023119898792
47.798524926246316,4170.510529851027
47.8085204260213,4174.000128323212
47.81851592579629,4177.491916230758
47.828511425571286,4180.9858944892685
47.83850692534627,4184.482064014533
47.84850242512126,4187.980425722539
47.85849792489625,4191.480980529461
47.868493424671236,4194.983729351668
47.87848892444622,4198.48867310572
47.88848442422122,4201.995812708368
47.898479923996206,4205.505149076551
47.90847542377119,4209.016683127403
47.91847092354618,4212.5304157782475
47.92846642332117,4216.046347946604
47.938461923096156,4219.564480550177
47.94845742287115,4223.084814506869
47.95845292264614,4226.6073507347655
47.968448422421126,4230.132090152151
47.978443922196114,4233.659033677498
47.9884394219711,4237.188182229471
47.99843492174609,4240.719536726926
48.00843042152108,4244.253098088913
48.01842592129607,4247.788867234665
48.02842142107106,4251.326845083617
48.038416920846046,4254.8670325553885
48.048412420621034,4258.409430569792
48.05840792039602,4261.954040046833
48.06840342017101,4265.500861906707
48.078398919946004,4269.049897069804
48.08839441972099,4272.601146456697
48.09838991949598,4276.154610988159
48.10838541927097,4279.710291585151
48.118380919045954,4283.268189168826
48.12837641882094,4286.828304660529
48.13837191859594,4290.390638981798
48.148367418370924,4293.955193054353
48.15836291814591,4297.521967800117
48.1683584179209,4301.090964141199
48.17835391769589,4304.662182999902
48.188349417470874,4308.2356252987165
48.19834491724587,4311.811291960329
48.20834041702086,4315.389183907612
48.218335916795844,4318.969302063633
48.22833141657083,4322.551647351653
48.23832691634582,4326.136220695119
48.24832241612081,4329.723023017672
48.2583179158958,4333.312055243148
48.26831341567079,4336.903318295567
48.27830891544578,4340.496813099146
48.288304415220765,4344.092540578291
48.29829991499575,4347.690501657601
48.30829541477074,4351.290697261865
48.318290914545734,4354.893128316067
48.32828641432072,4358.497795745375
48.33828191409571,4362.104700475154
48.3482774138707,4365.71384343096
48.358272913645685,4369.325225538539
48.36826841342067,4372.93884772383
48.37826391319567,4376.554710912965
48.388259412970655,4380.172816032258
48.39825491274564,4383.793164008225
48.40825041252063,4387.415755767571
48.41824591229562,4391.040592237188
48.428241412070605,4394.667674344165
48.4382369118456,4398.297003015782
48.44823241162059,4401.928579179503
48.458227911395575,4405.5624037629905
48.46822341117056,4409.198477694098
48.47821891094555,4412.8368019008685
48.48821441072054,4416.477377311535
48.498209910495525,4420.1202048545265
48.50820541027052,4423.765285458463
48.51820091004551,4427.412620052148
48.528196409820495,4431.062209564583
48.53819190959548,4434.7140549249625
48.54818740937047,4438.368157062669
48.55818290914546,4442.024516907277
48.56817840892045,4445.683135388555
48.57817390869544,4449.344013436456
48.58816940847043,4453.007151981132
48.598164908245415,4456.672551952923
48.6081604080204,4460.340214282359
48.61815590779539,4464.010139900167
48.628151407570385,4467.682329737261
48.63814690734537,4471.356784724743
48.64814240712036,4475.033505793915
48.65813790689535,4478.712493876262
48.668133406670336,4482.393749903466
48.67812890644532,4486.0772748074005
48.68812440622032,4489.76306952013
48.698119905995306,4493.451134973901
48.70811540577029,4497.141472101167
48.71811090554528,4500.834081834561
48.72810640532027,4504.528965106915
48.738101905095256,4508.226122851247
48.74809740487025,4511.925556000771
48.75809290464524,4515.627265488887
48.768088404420226,4519.33125224919
48.77808390419521,4523.037517215466
48.7880794039702,4526.746061321693
48.79807490374519,4530.456885502038
48.80807040352018,4534.169990690865
48.81806590329517,4537.88537782272
48.82806140307016,4541.60304783235
48.838056902845146,4545.323001654685
48.848052402620134,4549.045240224855
48.85804790239512,4552.769764478174
48.868043402170116,4556.496575350154
48.878038901945104,4560.225673776491
48.88803440172009,4563.9570606930765
48.89802990149508,4567.690737035995
48.908025401270066,4571.426703741519
48.918020901045054,4575.164961746116
48.92801640082004,4578.9055119864415
48.938011900595036,4582.648355399348
48.948007400370024,4586.393492921867
48.95800290014501,4590.140925491234
48.96799839992,4593.890654044872
48.97799389969499,4597.642679520393
48.987989399469974,4601.397002855606
48.99798489924497,4605.153624988507
49.00798039901996,4608.91254685728
49.017975898794944,4612.673769400308
49.02797139856993,4616.4372935561605
49.03796689834492,4620.2031202636
49.04796239811991,4623.971250461582
49.0579578978949,4627.741685089252
49.06795339766989,4631.514425085944
49.07794889744488,4635.289471391186
49.087944397219864,4639.0668249447
49.09793989699485,4642.846486686394
49.10793539676984,4646.628457556372
49.117930896544834,4650.412738494931
49.12792639631982,4654.199330442549
49.13792189609481,4657.988234339905
49.1479173958698,4661.779451127869
49.157912895644785,4665.5729817474985
49.16790839541977,4669.368827140045
49.17790389519477,4673.166988246952
49.187899394969754,4676.96746600985
49.19789489474474,4680.770261370564
49.20789039451973,4684.5753752711125
49.21788589429472,4688.382808653702
49.227881394069705,4692.192562460732
49.2378768938447,4696.0046376347955
49.24787239361969,4699.8190351186695
49.257867893394675,4703.63575585533
49.26786339316966,4707.45480078794
49.27785889294465,4711.276170859859
49.28785439271964,4715.099867014632
49.29784989249463,4718.925890196001
49.30784539226962,4722.754241347892
49.31784089204461,4726.584921414429
49.327836391819595,4730.417931339925
49.33783189159458,4734.253272068886
49.34782739136957,4738.0909445460065
49.35782289114456,4741.930949716174
49.36781839091955,4745.77328852447
49.37781389069454,4749.61796191616
49.38780939046953,4753.46497083671
49.397804890244515,4757.314316231768
49.4078003900195,4761.1659990471835
49.41779588979449,4765.020020228992
49.427791389569485,4768.876380723419
49.43778688934447,4772.735081476883
49.44778238911946,4776.596123435994
49.45777788889445,4780.4595075475545
49.467773388669436,4784.325234758558
49.47776888844442,4788.193306016186
49.48776438821942,4792.063722267821
49.497759887994405,4795.936484461022
49.50775538776939,4799.811593543551
49.51775088754438,4803.6890504633575
49.52774638731937,4807.568856168584
49.537741887094356,4811.451011607562
49.54773738686935,4815.3355177288195
49.55773288664434,4819.222375481067
49.567728386419326,4823.1115858132125
49.57772388619431,4827.003149674356
49.5877193859693,4830.897068013786
49.59771488574429,4834.793341780985
49.60771038551928,4838.691971925628
49.61770588529427,4842.592959397574
49.62770138506926,4846.49630514688
49.637696884844246,4850.402010123794
49.64769238461923,4854.310075278754
49.65768788439422,4858.220501562389
49.667683384169216,4862.133289925523
49.6776788839442,4866.048441319164
49.68767438371919,4869.965956694517
49.69766988349418,4873.88583700298
49.707665383269166,4877.808083196138
49.717660883044154,4881.7326962257675
49.72765638281915,4885.659677043845
49.737651882594136,4889.589026602521
49.747647382369124,4893.520745854155
49.75764288214411,4897.454835751288
49.7676383819191,4901.391297246656
49.777633881694086,4905.330131293186
49.787629381469074,4909.271338843996
49.79762488124407,4913.214920852397
49.807620381019056,4917.160878271886
49.817615880794044,4921.109212056156
49.82761138056903,4925.059923159092
49.83760688034402,4929.01301253477
49.84760238011901,4932.968481137455
49.857597879894,4936.926329921606
49.86759337966899,4940.886559841871
49.87758887944398,4944.8491718530895
49.887584379218964,4948.814166910296
49.89757987899395,4952.781545968712
49.90757537876894,4956.751309983754
49.917570878543934,4960.723459911031
49.92756637831892,4964.697996706334
49.93756187809391,4968.674921325655
49.9475573778689,4972.654234725177
49.957552877643884,4976.635937861269
49.96754837741887,4980.620031690495
49.97754387719387,4984.606517169614
49.987539376968854,4988.595395255566
49.99753487674384,4992.586666905489
50.00753037651883,4996.580333076715
50.01752587629382,5000.576394726762
50.027521376068805,5004.574852813345
50.0375168758438,5008.575708294367
50.04751237561879,5012.578962127919
50.057507875393775,5016.584615272288
50.06750337516876,5020.592668685953
50.07749887494375,5024.603123327582
50.08749437471874,5028.615980156035
50.09748987449373,5032.631240130367
50.10748537426872,5036.648904209815
50.11748087404371,5040.668973353818
50.127476373818695,5044.691448521999
50.13747187359368,5048.716330674177
50.14746737336867,5052.74362077036
50.157462873143665,5056.773319770753
50.16745837291865,5060.805428635739
50.17745387269364,5064.839948325905
50.18744937246863,5068.8768798020255
50.197444872243615,5072.916224025066
50.2074403720186,5076.957981956184
50.21743587179359,5081.002154556728
50.227431371568585,5085.048742788239
50.23742687134357,5089.097747612446
50.24742237111856,5093.149169991272
50.25741787089355,5097.203010886832
50.267413370668535,5101.259271261431
50.27740887044352,5105.3179520775675
50.28740437021852,5109.379054297932
50.297399869993505,5113.442578885398
50.30739536976849,5117.508526803041
50.31739086954348,5121.576899014121
50.32738636931847,5125.647696482095
50.337381869093456,5129.720920170607
50.34737736886845,5133.796571043496
50.35737286864344,5137.874650064787
50.367368368418425,5141.9551581987
50.37736386819341,5146.038096409648
50.3873593679684,5150.123465662231
50.39735486774339,5154.211266921245
50.40735036751838,5158.301501151677
50.41734586729337,5162.3941693187
50.42734136706836,5166.489272387683
50.437336866843346,5170.586811324186
50.44733236661833,5174.6867870939595
50.45732786639332,5178.789200662947
50.467323366168316,5182.894052997285
50.4773188659433,5187.001345063292
50.48731436571829,5191.111077827488
50.49730986549328,5195.223252256581
50.507305365268266,5199.33786931747
50.517300865043254,5203.454929977246
50.52729636481825,5207.574435203194
50.537291864593236,5211.696385962782
50.54728736436822,5215.820783223678
50.55728286414321,5219.947627953738
50.5672783639182,5224.076921121011
50.577273863693186,5228.208663693735
50.58726936346818,5232.3428566403445
50.59726486324317,5236.479500929455
50.607260363018156,5240.618597529882
50.617255862793144,5244.760147410632
50.62725136256813,5248.904151540902
50.63724686234312,5253.050610890077
50.64724236211811,5257.199526427738
50.6572378618931,5261.350899123658
50.66723336166809,5265.504729947794
50.677228861443076,5269.661019870299
50.687224361218064,5273.819769861522
50.69721986099305,5277.980980891996
50.70721536076804,5282.144653932451
50.717210860543034,5286.310789953807
50.72720636031802,5290.479389927169
50.73720186009301,5294.650454823843
50.747197359868,5298.8239856153195
50.757192859642984,5302.999983273286
50.76718835941797,5307.178448769616
50.77718385919297,5311.359383076381
50.787179358967954,5315.542787165835
50.79717485874294,5319.728662010429
50.80717035851793,5323.917008582806
50.81716585829292,5328.107827855799
50.827161358067904,5332.301120802432
50.8371568578429,5336.4968883959245
50.84715235761789,5340.6951316096765
50.857147857392874,5344.895851417292
50.86714335716786,5349.099048792558
50.87713885694285,5353.304724709458
50.88713435671784,5357.512880142165
50.89712985649283,5361.723516065045
50.90712535626782,5365.936633452649
50.91712085604281,5370.152233279728
50.927116355817795,5374.370316521217
50.93711185559278,5378.59088415225
50.94710735536777,5382.813937148145
50.957102855142764,5387.0394764844195
50.96709835491775,5391.267503136772
50.97709385469274,5395.498018081099
50.98708935446773,5399.731022293491
50.997084854242715,5403.966516750223
51.0070803540177,5408.204502427767
51.0170758537927,5412.444980302786
51.027071353567685,5416.687951352125
51.03706685334267,5420.933416552836
51.04706235311766,5425.18137688215
51.05705785289265,5429.431833317495
51.067053352667635,5433.68478683649
51.07704885244262,5437.940238416944
51.08704435221762,5442.198189036862
51.097039851992605,5446.458639674429
51.10703535176759,5450.721591308032
51.11703085154258,5454.987044916247
51.12702635131757,5459.255001477841
51.137021851092555,5463.525461971772
51.14701735086755,5467.798427377192
51.15701285064254,5472.073898673435
51.167008350417525,5476.351876840039
51.17700385019251,5480.632362856725
51.1869993499675,5484.91535770341
51.19699484974249,5489.2008623602
51.20699034951748,5493.488877807395
51.21698584929247,5497.779405025481
51.22698134906746,5502.072444995138
51.236976848842446,5506.36799869724
51.24697234861743,5510.666067112852
51.25696784839242,5514.966651223227
51.266963348167415,5519.269752009815
51.2769588479424,5523.5753704542485
51.28695434771739,5527.8835075383595
51.29694984749238,5532.194164244168
51.306945347267366,5536.507341553887
51.31694084704235,5540.823040449918
51.32693634681735,5545.141261914861
51.336931846592336,5549.462006931496
51.34692734636732,5553.785276482803
51.35692284614231,5558.111071551951
51.3669183459173,5562.4393931223
51.376913845692286,5566.770242177403
51.38690934546728,5571.103619701006
51.39690484524227,5575.439526677039
51.406900345017256,5579.777964089629
51.41689584479224,5584.118932923094
51.42689134456723,5588.462434161943
51.43688684434222,5592.808468790877
51.44688234411721,5597.15703779479
51.4568778438922,5601.508142158759
51.46687334366719,5605.8617828680635
51.476868843442176,5610.217960908168
51.486864343217164,5614.576677264729
51.49685984299215,5618.937932923597
51.50685534276714,5623.3017288708115
51.516850842542134,5627.668066092608
51.52684634231712,5632.036945575401
51.53684184209211,5636.40836830581
51.546837341867096,5640.782335270641
51.556832841642084,5645.15884745689
51.56682834141707,5649.5379058517465
51.576823841192066,5653.919511442594
51.586819340967054,5658.303665216997
51.59681484074204,5662.690368162722
51.60681034051703,5667.079621267722
51.61680584029202,5671.471425520144
51.626801340067004,5675.865781908326
51.636796839842,5680.262691420798
51.64679233961699,5684.662155046274
51.656787839391974,5689.064173773669
51.66678333916696,5693.468748592085
51.67677883894195,5697.875880490817
51.68677433871694,5702.2855704593485
51.69676983849193,5706.697819487362
51.70676533826692,5711.11262856472
51.71676083804191,5715.5299986814825
51.726756337816894,5719.949930827903
51.73675183759188,5724.372425994423
51.74674733736687,5728.797485171678
51.756742837141864,5733.225109350495
51.76673833691685,5737.655299521884
51.77673383669184,5742.088056677059
51.78672933646683,5746.523381807418
51.796724836241815,5750.961275904551
51.8067203360168,5755.401739960243
51.8167158357918,5759.844774966468
51.826711335566785,5764.290381915388
51.83670683534177,5768.738561799361
51.84670233511676,5773.189315610935
51.85669783489175,5777.64264434285
51.866693334666735,5782.098548988038
51.87668883444173,5786.557030539622
51.88668433421672,5791.018089990911
51.896679833991705,5795.481728335413
51.90667533376669,5799.9479465668255
51.91667083354168,5804.416745679035
51.92666633331667,5808.888126666121
51.936661833091655,5813.362090522354
51.94665733286665,5817.838638242201
51.95665283264164,5822.317770820308
51.966648332416625,5826.7994892515235
51.97664383219161,5831.283794530884
51.9866393319666,5835.770687653617
51.99663483174159,5840.2601696151405
52.00663033151658,5844.752241411071
52.01662583129157,5849.2469040372025
52.02662133106656,5853.744158489531
52.036616830841545,5858.2440057642425
52.04661233061653,5862.746446857714
52.05660783039152,5867.251482766511
52.066603330166515,5871.759114487398
52.0765988299415,5876.269343017316
52.08659432971649,5880.782169353413
52.09658982949148,5885.297594493022
52.106585329266466,5889.815619433666
52.11658082904145,5894.336245173063
52.12657632881645,5898.859472709123
52.136571828591435,5903.385303039938
52.14656732836642,5907.913737163802
52.15656282814141,5912.444776079195
52.1665583279164,5916.978420784794
52.176553827691386,5921.514672279461
52.18654932746638,5926.053531562255
52.19654482724137,5930.594999632417
52.206540327016356,5935.13907748939
52.21653582679134,5939.685766132804
52.22653132656633,5944.23506656248
52.23652682634132,5948.786979778431
52.24652232611631,5953.3415067808655
52.2565178258913,5957.898648570172
52.26651332566629,5962.458406146941
52.276508825441276,5967.020780511952
52.286504325216264,5971.585772666173
52.29649982499125,5976.153383610769
52.306495324766246,5980.723614347093
52.31649082454123,5985.296465876683
52.32648632431622,5989.87193920128
52.33648182409121,5994.450035322809
52.346477323866196,5999.03075524339
52.356472823641184,6003.614099965331
52.36646832341617,6008.200070491136
52.376463823191166,6012.788667823498
52.386459322966154,6017.379892965297
52.39645482274114,6021.973746919611
52.40645032251613,6026.5702306897065
52.41644582229112,6031.169345279041
52.426441322066104,6035.771091691267
52.4364368218411,6040.375470930228
52.446432321616086,6044.982483999948
52.456427821391074,6049.5921319046565
52.46642332116606,6054.204415648768
52.47641882094105,6058.819336236889
52.48641432071604,6063.436894673819
52.49640982049103,6068.05709196455
52.50640532026602,6072.679929114255
52.51640082004101,6077.305407128312
52.526396319815994,6081.933527012285
52.53639181959098,6086.564289771927
52.54638731936597,6091.197696413186
52.556382819140964,6095.833747942203
52.56637831891595,6100.4724453653025
52.57637381869094,6105.113789689008
52.58636931846593,6109.75778192003
52.596364818240914,6114.404423065273
52.6063603180159,6119.053714131833
52.6163558177909,6123.705656126999
52.626351317565884,6128.360250058243
52.63634681734087,6133.017496933237
52.64634231711586,6137.677397759842
52.65633781689085,6142.33995354611
52.666333316665835,6147.005165300286
52.67632881644083,6151.673034030807
52.68632431621582,6156.343560746291
52.696319815990805,6161.016746455562
52.70631531576579,6165.6925921676275
52.71631081554078,6170.371098891689
52.72630631531577,6175.052267637138
52.73630181509076,6179.7360994135615
52.74629731486575,6184.422595230729
52.75629281464074,6189.111756098607
52.766288314415725,6193.803583027355
52.77628381419071,6198.498077027322
52.7862793139657,6203.195239109048
52.796274813740695,6207.895070283268
52.80627031351568,6212.5975715609
52.81626581329067,6217.3027439530615
52.82626131306566,6222.010588471057
52.836256812840645,6226.721106126386
52.84625231261563,6231.434297930737
52.85624781239062,6236.150164895989
52.866243312165615,6240.868708034219
52.8762388119406,6245.589928357682
52.88623431171559,6250.313826878835
52.89622981149058,6255.040404610328
52.906225311265565,6259.769662564992
52.91622081104055,6264.501601755862
52.92621631081555,6269.236223196159
52.936211810590535,6273.973527899287
52.94620731036552,6278.713516878853
52.95620281014051,6283.456191148653
52.9661983099155,6288.20155172267
52.976193809690486,6292.949599615083
52.98618930946548,6297.700335840263
52.99618480924047,6302.453761412763
53.006180309015456,6307.20987734734
53.01617580879044,6311.968684658936
53.02617130856543,6316.730184362683
53.03616680834042,6321.49437747391
53.04616230811541,6326.261265008135
53.0561578078904,6331.030847981061
53.06615330766539,6335.803127408591
53.076148807440376,6340.5781043068155
53.08614430721536,6345.355779692019
53.09613980699035,6350.136154580673
53.106135306765346,6354.9192299894485
53.11613080654033,6359.705006935195
53.12612630631532,6364.493486434964
53.13612180609031,6369.284669505996
53.146117305865296,6374.078557165722
53.156112805640284,6378.875150431763
53.16610830541528,6383.674450321939
53.176103805190266,6388.476457854246
53.18609930496525,6393.281174046886
53.19609480474024,6398.088599918246
53.20609030451523,6402.898736486906
53.216085804290216,6407.711584771639
53.22608130406521,6412.527145791407
53.2360768038402,6417.345420565359
53.246072303615186,6422.1664101128445
53.256067803390174,6426.990115453399
53.26606330316516,6431.816537606751
53.27605880294015,6436.645677592819
53.28605430271514,6441.477536431716
53.29604980249013,6446.312115143744
53.30604530226512,6451.149414749395
53.316040802040106,6455.989436269353
53.326036301815094,6460.832180724497
53.33603180159008,6465.677649135894
53.34602730136507,6470.525842524803
53.356022801140064,6475.376761912679
53.36601830091505,6480.230408321157
53.37601380069004,6485.086782772073
53.38600930046503,6489.9458862874535
53.396004800240014,6494.807719889514
53.406000300015,6499.672284600662
53.41599579979,6504.539581443501
53.425991299564984,6509.409611440814
53.43598679933997,6514.282375615588
53.44598229911496,6519.157874990993
53.45597779888995,6524.036110590397
53.465973298664935,6528.917083437354
53.47596879843993,6533.800794555618
53.48596429821492,6538.687244969118
53.495959797989904,6543.576435701989
53.50595529776489,6548.468367778554
53.51595079753988,6553.363042223325
53.52594629731487,6558.260460061007
53.53594179708986,6563.160622316499
53.54593729686485,6568.0635300148815
53.55593279663984,6572.969184181438
53.565928296414825,6577.877585841639
53.57592379618981,6582.788736021144
53.5859192959648,6587.702635745809
53.595914795739795,6592.6192860416795
53.60591029551478,6597.538687934985
53.61590579528977,6602.460842452158
53.62590129506476,6607.385750619816
53.635896794839745,6612.313413464769
53.64589229461473,6617.243832014018
53.65588779438973,6622.177007294761
53.665883294164715,6627.112940334375
53.6758787939397,6632.051632160438
53.68587429371469,6636.993083800719
53.69586979348968,6641.937296283175
53.705865293264665,6646.884270635956
53.71586079303965,6651.834007887406
53.72585629281465,6656.786509066059
53.735851792589635,6661.741775200631
53.74584729236462,6666.699807320045
53.75584279213961,6671.660606453405
53.7658382919146,6676.624173630011
53.775833791689585,6681.590509879351
53.78582929146458,6686.559616231111
53.79582479123957,6691.531493715158
53.805820291014555,6696.506143361557
53.81581579078954,6701.483566200566
53.82581129056453,6706.463763262629
53.83580679033952,6711.446735578388
53.84580229011451,6716.432484178673
53.8557977898895,6721.421010094501
53.86579328966449,6726.412314357085
53.875788789439476,6731.40639799783
53.88578428921446,6736.403262048333
53.89577978898945,6741.40290754038
53.905775288764445,6746.40533550595
53.91577078853943,6751.410546977209
53.92576628831442,6756.41854298652
53.93576178808941,6761.429324566437
53.945757287864396,6766.442892749701
53.95575278763938,6771.459248569248
53.96574828741438,6776.478393058211
53.975743787189366,6781.500327249897
53.98573928696435,6786.5250521778225
53.99573478673934,6791.552568875684
54.00573028651433,6796.5828783773795
54.015725786289316,6801.615981716988
54.02572128606431,6806.651879928791
54.0357167858393,6811.690574047244
54.045712285614286,6816.732065107013
54.055707785389274,6821.776354142945
54.06570328516426,6826.823442190082
54.07569878493925,6831.873330283654
54.08569428471424,6836.926019459088
54.09568978448923,6841.981510751994
54.10568528426422,6847.039805198183
54.115680784039206,6852.100903833649
54.125676283814194,6857.164807694582
54.13567178358918,6862.231517817365
54.14566728336417,6867.301035238567
54.155662783139164,6872.373360994957
54.16565828291415,6877.448496123482
54.17565378268914,6882.526441661292
54.18564928246413,6887.607198645725
54.195644782239114,6892.6907681143075
54.2056402820141,6897.777151104763
54.215635781789096,6902.866348655006
54.225631281564084,6907.958361803132
54.23562678133907,6913.053191587439
54.24562228111406,6918.150839046414
54.25561778088905,6923.251305218734
54.265613280664034,6928.354591143268
54.27560878043903,6933.460697859081
54.28560428021402,6938.569626405414
54.295599779989004,6943.681377821717
54.30559527976399,6948.795953147624
54.31559077953898,6953.91335342296
54.32558627931397,6959.0335796877425
54.33558177908896,6964.156632982185
54.34557727886395,6969.282514346677
54.35557277863894,6974.411224821819
54.365568278413924,6979.542765448389
54.37556377818891,6984.677137267366
54.3855592779639,6989.814341319911
54.395554777738894,6994.954378647387
54.40555027751388,7000.097250291337
54.41554577728887,7005.242957293502
54.42554127706386,7010.391500695814
54.435536776838845,7015.542881540397
54.44553227661383,7020.697100869563
54.45552777638883,7025.854159725824
54.465523276163815,7031.014059151868
54.4755187759388,7036.176800190588
54.48551427571379,7041.342383885063
54.49550977548878,7046.510811278564
54.505505275263765,7051.682083414556
54.51550077503876,7056.856201336694
54.52549627481375,7062.033166088816
54.535491774588735,7067.212978714965
54.54548727436372,7072.395640259368
54.55548277413871,7077.581151766445
54.5654782739137,7082.769514280807
54.575473773688685,7087.960728847255
54.58546927346368,7093.154796510789
54.59546477323867,7098.351718316588
54.605460273013655,7103.551495310027
54.61545577278864,7108.75412853668
54.62545127256363,7113.959619042302
54.63544677233862,7119.167967872849
54.64544227211361,7124.379176074462
54.6554377718886,7129.593244693469
54.66543327166359,7134.810174776401
54.675428771438575,7140.029967369973
54.68542427121356,7145.252623521094
54.69541977098855,7150.478144276861
54.705415270763545,7155.70653068457
54.71541077053853,7160.937783791698
54.72540627031352,7166.171904645918
54.73540177008851,7171.408894295099
54.745397269863496,7176.648753787295
54.75539276963848,7181.891484170755
54.76538826941348,7187.137086493922
54.775383769188466,7192.385561805417
54.78537926896345,7197.636911154071
54.79537476873844,7202.891135588891
54.80537026851343,7208.148236159087
54.815365768288416,7213.408213914053
54.82536126806341,7218.67106990338
54.8353567678384,7223.936805176843
54.845352267613386,7229.205420784412
54.85534776738837,7234.476917776252
54.86534326716336,7239.751297202713
54.87533876693835,7245.028560114346
54.88533426671334,7250.308707561883
54.89532976648833,7255.59174059625
54.90532526626332,7260.877660268568
54.915320766038306,7266.166467630146
54.925316265813294,7271.458163732487
54.93531176558828,7276.752749627286
54.945307265363276,7282.050226366428
54.95530276513826,7287.350595001984
54.96529826491325,7292.653856586223
54.97529376468824,7297.960012171608
54.985289264463226,7303.269062810783
54.995284764238214,7308.581009556594
55.0052802640132,7313.895853462075
55.015275763788196,7319.2135955804515
55.025271263563184,7324.534236965133
55.03526676333817,7329.857778669729
55.04526226311316,7335.18422174804
55.05525776288815,7340.513567254057
55.065253262663134,7345.84581624196
55.07524876243813,7351.180969766125
55.085244262213116,7356.51902888111
55.095239761988104,7361.859994641674
55.10523526176309,7367.203868102766
55.11523076153808,7372.550650319522
55.12522626131307,7377.900342347272
55.13522176108806,7383.252945241544
55.14521726086305,7388.608460058041
55.15521276063804,7393.966887852669
55.165208260413024,7399.328229681528
55.17520376018801,7404.692486600903
55.185199259963,7410.059659667271
55.195194759737994,7415.429749937309
55.20519025951298,7420.802758467868
55.21518575928797,7426.178686316004
55.22518125906296,7431.557534538964
55.235176758837945,7436.939304194181
55.24517225861293,7442.3239963392825
55.25516775838793,7447.71161203209
55.265163258162914,7453.102152330607
55.2751587579379,7458.495618293036
55.28515425771289,7463.892010977775
55.29514975748788,7469.291331443401
55.305145257262865,7474.693580748692
55.31514075703786,7480.09875995262
55.32513625681285,7485.506870114334
55.335131756587835,7490.917912293187
55.34512725636282,7496.331887548723
55.35512275613781,7501.74879694067
55.3651182559128,7507.168641528955
55.37511375568779,7512.591422373695
55.38510925546278,7518.017140535191
55.39510475523777,7523.445797073944
55.405100255012755,7528.877393050642
55.41509575478774,7534.311929526166
55.42509125456273,7539.749407561591
55.43508675433772,7545.189828218178
55.44508225411271,7550.633192557387
55.4550777538877,7556.079501640855
55.46507325366269,7561.528756530426
55.475068753437675,7566.980958288129
55.48506425321266,7572.436107976184
55.49505975298765,7577.8942066570025
55.505055252762645,7583.355255393191
55.51505075253763,7588.81925524754
55.52504625231262,7594.286207283037
55.53504175208761,7599.756112562861
55.545037251862595,7605.228972150381
55.55503275163758,7610.704787109155
55.56502825141258,7616.183558502944
55.575023751187565,7621.665287395679
55.58501925096255,7627.149974851501
55.59501475073754,7632.637621934733
55.60501025051253,7638.128229709897
55.615005750287516,7643.621799241699
55.62500125006251,7649.118331595046
55.6349967498375,7654.617827835018
55.644992249612486,7660.120289026905
55.65498774938747,7665.625716236182
55.66498324916246,7671.134110528513
55.67497874893745,7676.645472969755
55.68497424871244,7682.159804625964
55.69496974848743,7687.67710656337
55.70496524826242,7693.197379848409
55.714960748037406,7698.720625547704
55.72495624781239,7704.246844728069
55.73495174758738,7709.776038456511
55.744947247362376,7715.308207800233
55.75494274713736,7720.84335382661
55.76493824691235,7726.381477603231
55.77493374668734,7731.922580197866
55.784929246462326,7737.466662678478
55.794924746237314,7743.013726113221
55.80492024601231,7748.563771570446
55.814915745787296,7754.116800118681
55.824911245562284,7759.672812826658
55.83490674533727,7765.231810763298
55.84490224511226,7770.793794997712
55.854897744887246,7776.3587665992045
55.864893244662234,7781.926726637266
55.87488874443723,7787.497676181589
55.884884244212216,7793.071616302041
55.894879743987204,7798.648548068695
55.90487524376219,7804.228472551812
55.91487074353718,7809.811390821842
55.92486624331217,7815.397303949427
55.93486174308716,7820.986213005406
55.94485724286215,7826.578119060795
55.95485274263714,7832.173023186817
55.964848242412124,7837.77092645488
55.97484374218711,7843.371829936582
55.9848392419621,7848.975734703716
55.994834741737094,7854.582641828268
56.00483024151208,7860.192552382401
56.01482574128707,7865.805467438489
56.02482124106206,7871.421388069085
56.034816740837044,7877.040315346941
56.04481224061203,7882.662250344993
56.05480774038703,7888.287194136376
56.064803240162014,7893.915147794407
56.074798739937,7899.5461123926
56.08479423971199,7905.180089004664
56.09478973948698,7910.817078704494
56.104785239261965,7916.457082566177
56.11478073903696,7922.100101663998
56.12477623881195,7927.74613707242
56.134771738586934,7933.395189866107
56.14476723836192,7939.047261119915
56.15476273813691,7944.702351908886
56.1647582379119,7950.36046330826
56.17475373768689,7956.021596393466
56.18474923746188,7961.685752240118
56.19474473723687,7967.352931924029
56.204740237011855,7973.0231365212
56.21473573678684,7978.6963671078265
56.22473123656183,7984.372624760292
56.234726736336825,7990.051910555178
56.24472223611181,7995.734225569243
56.2547177358868,8001.4195708794505
56.26471323566179,8007.107947562951
56.274708735436775,8012.799356697086
56.28470423521176,8018.493799359391
56.29469973498675,8024.191276627588
56.304695234761745,8029.891789579599
56.31469073453673,8035.595339293523
56.32468623431172,8041.301926847662
56.33468173408671,8047.011553320507
56.344677233861695,8052.72421979074
56.35467273363668,8058.439927337235
56.36466823341168,8064.158677039058
56.374663733186665,8069.88046997546
56.38465923296165,8075.60530722589
56.39465473273664,8081.33318986999
56.40465023251163,8087.064118987587
56.414645732286615,8092.798095658703
56.42464123206161,8098.535120963556
56.4346367318366,8104.275195982544
56.444632231611585,8110.018321796264
56.45462773138657,8115.764499485504
56.46462323116156,8121.5137301312425
56.47461873093655,8127.266014814652
56.48461423071154,8133.021354617094
56.49460973048653,8138.779750620118
56.50460523026152,8144.541203905469
56.514600730036506,8150.305715555083
56.52459622981149,8156.073286651089
56.53459172958648,8161.843918275802
56.544587229361476,8167.617611511739
56.55458272913646,8173.394367441593
56.56457822891145,8179.174187148261
56.57457372868644,8184.957071714825
56.584569228461426,8190.743022224564
56.59456472823641,8196.532039760941
56.60456022801141,8202.324125407622
56.614555727786396,8208.119280248446
56.62455122756138,8213.917505367459
56.63454672733637,8219.718801848896
56.64454222711136,8225.523170777178
56.654537726886346,8231.330613236922
56.66453322666134,8237.141130312937
56.67452872643633,8242.954723090215
56.684524226211316,8248.771392653949
56.694519725986304,8254.591140089522
56.70451522576129,8260.413966482503
56.71451072553628,8266.239872918659
56.724506225311266,8272.068860483943
56.73450172508626,8277.900930264506
56.74449722486125,8283.736083346681
56.754492724636236,8289.574320816997
56.764488224411224,8295.415643762179
56.77448372418621,8301.260053269136
56.7844792239612,8307.107550424975
56.794474723736194,8312.958136316993
56.80447022351118,8318.811812032667
56.81446572328617,8324.66857865968
56.82446122306116,8330.528437285906
56.834456722836144,8336.3913889994
56.84445222261113,8342.257434888417
56.854447722386126,8348.126576041404
56.864443222161114,8353.998813546988
56.8744387219361,8359.874148493998
56.88443422171109,8365.752581971454
56.89442972148608,8371.634115068564
56.904425221261064,8377.518748874729
56.91442072103606,8383.406484479545
56.92441622081105,8389.297322972787
56.934411720586034,8395.191265444437
56.94440722036102,8401.088312984655
56.95440272013601,8406.988466683802
56.964398219911,8412.891727632432
56.97439371968599,8418.79809692128
56.98438921946098,8424.707575641278
56.99438471923597,8430.620164883549
57.004380219010955,8436.535865739406
57.01437571878594,8442.454679300363
57.02437121856093,8448.376606658108
57.034366718335924,8454.30164890454
57.04436221811091,8460.229807131731
57.0543577178859,8466.161082431954
57.06435321766089,8472.095475897673
57.074348717435875,8478.032988621544
57.08434421721086,8483.973621696414
57.09433971698586,8489.91737621532
57.104335216760845,8495.864253271488
57.11433071653583,8501.814253958337
57.12432621631082,8507.767379369481
57.13432171608581,8513.723630598724
57.144317215860795,8519.683008740063
57.15431271563579,8525.645514887681
57.16430821541078,8531.611150135952
57.174303715185765,8537.579915579447
57.18429921496075,8543.551812312926
57.19429471473574,8549.526841431341
57.20429021451073,8555.505004029836
57.214285714285715,8561.486301203744
57.22428121406071,8567.470734048595
57.2342767138357,8573.458303660098
57.244272213610685,8579.449011134164
57.25426771338567,8585.442857566895
57.26426321316066,8591.439844054583
57.27425871293565,8597.439971693708
57.28425421271064,8603.44324158095
57.29424971248563,8609.449654813166
57.30424521226062,8615.459212487418
57.314240712035605,8621.471915700953
57.32423621181059,8627.487765551212
57.33423171158558,8633.506763135823
57.344227211360575,8639.528909552617
57.35422271113556,8645.5542058996
57.36421821091055,8651.582653274976
57.37421371068554,8657.614252777148
57.384209210460526,8663.6490055047
57.39420471023551,8669.686912556414
57.40420021001051,8675.727975031265
57.414195709785496,8681.772194028405
57.42419120956048,8687.819570647194
57.43418670933547,8693.870105987176
57.44418220911046,8699.92380114809
57.454177708885446,8705.980657229862
57.46417320866044,8712.040675332617
57.47416870843543,8718.103856556656
57.484164208210416,8724.170202002488
57.4941597079854,8730.2397127708
57.50415520776039,8736.312389962488
57.51415070753538,8742.38823467862
57.52414620731037,8748.467248020472
57.53414170708536,8754.549431089494
57.54413720686035,8760.634784987338
57.554132706635336,8766.72331081585
57.564128206410324,8772.815009677064
57.57412370618531,8778.909882673204
57.584119205960306,8785.007930906688
57.594114705735294,8791.109155480119
57.60411020551028,8797.2135574963
57.61410570528527,8803.321138058218
57.624101205060256,8809.431898269058
57.634096704835244,8815.545839232193
57.64409220461023,8821.662962051189
57.654087704385226,8827.783267829804
57.664083204160214,8833.906757671979
57.6740787039352,8840.033432681857
57.68407420371019,8846.16329396377
57.69406970348518,8852.296342622234
57.704065203260164,8858.43257976197
57.71406070303516,8864.572006487882
57.72405620281015,8870.71462390506
57.734051702585134,8876.860433118794
57.74404720236012,8883.009435234564
57.75404270213511,8889.16163135804
57.7640382019101,8895.317022595083
57.77403370168509,8901.475610051753
57.78402920146008,8907.637394834284
57.79402470123507,8913.802378049115
57.804020201010054,8919.970560802874
57.81401570078504,8926.141944202383
57.82401120056003,8932.31652935465
57.834006700335024,8938.49431736688
57.84400220011001,8944.675309346456
57.853997699885,8950.859506400973
57.86399319965999,8957.046909638198
57.873988699434975,8963.237520166107
57.88398419920996,8969.431339092853
57.89397969898496,8975.628367526791
57.903975198759944,8981.828606576455
57.91397069853493,8988.032057350581
57.92396619830992,8994.238720958097
57.93396169808491,9000.448598508116
57.943957197859895,9006.661691109943
57.95395269763489,9012.877999873082
57.96394819740988,9019.097525907217
57.973943697184865,9025.32027032223
57.98393919695985,9031.546234228197
57.99393469673484,9037.77541873538
58.00393019650983,9044.007824954235
58.01392569628482,9050.243453995414
58.02392119605981,9056.482306969745
58.0339166958348,9062.724384988263
58.043912195609785,9068.96968916219
58.05390769538477,9075.218220602937
58.06390319515976,9081.46998042211
58.07389869493475,9087.724969731504
58.08389419470974,9093.983189643108
58.09388969448473,9100.244641269093
58.10388519425972,9106.509325721832
58.113880694034705,9112.77724411389
58.12387619380969,9119.048397558014
58.13387169358468,9125.32278716715
58.143867193359675,9131.60041405444
58.15386269313466,9137.881279333196
58.16385819290965,9144.165384116948
58.17385369268464,9150.4527295194
58.183849192459625,9156.743316654454
58.19384469223461,9163.037146636205
58.20384019200961,9169.334220578938
58.213835691784595,9175.63453959712
58.22383119155958,9181.93810480542
58.23382669133457,9188.244917318701
58.24382219110956,9194.554978252008
58.253817690884546,9200.868288720587
58.26381319065954,9207.184849839867
58.27380869043453,9213.504662725467
58.283804190209516,9219.827728493206
58.2937996899845,9226.15404825909
58.30379518975949,9232.483623139318
58.31379068953448,9238.816454250276
58.32378618930947,9245.152542708554
58.33378168908446,9251.491889630912
58.34377718885945,9257.834496134317
58.353772688634436,9264.180363335927
58.36376818840942,9270.529492353084
58.37376368818441,9276.88188430333
58.383759187959406,9283.237540304395
58.39375468773439,9289.596461474193
58.40375018750938,9295.958648930839
58.41374568728437,9302.324103792636
58.423741187059356,9308.69282717808
58.433736686834344,9315.064820205856
58.44373218660934,9321.440083994847
58.453727686384326,9327.818619664113
58.463723186159314,9334.200428332917
58.4737186859343,9340.585511120713
58.48371418570929,9346.973869147141
58.493709685484276,9353.365503532039
58.503705185259264,9359.76041539543
58.51370068503426,9366.15860585754
58.523696184809246,9372.560076038764
58.533691684584234,9378.964827059708
58.54368718435922,9385.372860041167
58.55368268413421,9391.78417610412
58.5636781839092,9398.198776369743
58.57367368368419,9404.616661959404
58.58366918345918,9411.037833994656
58.59366468323417,9417.462293597247
58.603660183009154,9423.890041889123
58.61365568278414,9430.321079992409
58.62365118255913,9436.755409029432
58.633646682334124,9443.193030122708
58.64364218210911,9449.633944394936
58.6536376818841,9456.078152969018
58.66363318165909,9462.525656968039
58.673628681434074,9468.976457515282
58.68362418120906,9475.430555734218
58.69361968098406,9481.887952748513
58.703615180759044,9488.348649682013
58.71361068053403,9494.812647658766
58.72360618030902,9501.279947803012
58.73360168008401,9507.750551239178
58.743597179858995,9514.224459091884
58.75359267963399,9520.701672485946
58.76358817940898,9527.182192546354
58.773583679183965,9533.666020398312
58.78357917895895,9540.153157167202
58.79357467873394,9546.6436039786
58.80357017850893,9553.13736195828
58.81356567828392,9559.634432232198
58.82356117805891,9566.134815926502
58.8335566778339,9572.638514167536
58.843552177608885,9579.145528081834
58.85354767738387,9585.655858796123
58.86354317715886,9592.169507437316
58.873538676933855,9598.686475132532
58.88353417670884,9605.206763009055
58.89352967648383,9611.730372194383
58.90352517625882,9618.257303816199
58.913520676033805,9624.787559002374
58.92351617580879,9631.321138880978
58.93351167558378,9637.858044580262
58.943507175358775,9644.398277228682
58.95350267513376,9650.941837954866
58.96349817490875,9657.488727887652
58.97349367468374,9664.03894815606
58.983489174458725,9670.592499889304
58.99348467423371,9677.149384216787
59.00348017400871,9683.709602268114
59.013475673783695,9690.273155173061
59.02347117355868,9696.840044061613
59.03346667333367,9703.41027006394
59.04346217310866,9709.983834310404
59.053457672883646,9716.560737931559
59.06345317265864,9723.140982058152
59.07344867243363,9729.724567821111
59.083444172208615,9736.31149635157
59.0934396719836,9742.901768780846
59.10343517175859,9749.495386240455
59.11343067153358,9756.092349862089
59.12342617130857,9762.692660777653
59.13342167108356,9769.296320119221
59.14341717085855,9775.903329019073
59.153412670633536,9782.513688609675
59.16340817040852,9789.127400023692
59.17340367018351,9795.744464393967
59.183399169958506,9802.364882853548
59.19339466973349,9808.988656535661
59.20339016950848,9815.615786573735
59.21338566928347,9822.246274101386
59.223381169058456,9828.88012025242
59.23337666883344,9835.517326160836
59.24337216860844,9842.15789296083
59.253367668383426,9848.80182178677
59.26336316815841,9855.449113773242
59.2733586679334,9862.099770055001
59.28335416770839,9868.75379176701
59.293349667483376,9875.411180044412
59.30334516725837,9882.071936022552
59.31334066703336,9888.73606083695
59.323336166808346,9895.403555623334
59.333331666583334,9902.074421517615
59.34332716635832,9908.748659655896
59.35332266613331,9915.426271174474
59.3633181659083,9922.107257209836
59.37331366568329,9928.791618898666
59.38330916545828,9935.479357377824
59.393304665233266,9942.170473784376
59.403300165008254,9948.864969255574
59.41329566478324,9955.562844928863
59.42329116455823,9962.264101941877
59.433286664333224,9968.968741432449
59.44328216410821,9975.67676453859
59.4532776638832,9982.388172398509
59.46327316365819,9989.10296615061
59.473268663433174,9995.82114693349
59.48326416320816,10002.542715885924
59.49325966298316,10009.267674146899
59.503255162758144,10015.996022855568
59.51325066253313,10022.727763151299
59.52324616230812,10029.462896173636
59.53324166208311,10036.201423062324
59.543237161858094,10042.943344957293
59.55323266163309,10049.688662998673
59.56322816140808,10056.43737832677
59.573223661183064,10063.189492082094
59.58321916095805,10069.945005405343
59.59321466073304,10076.703919437407
59.60321016050803,10083.466235319369
59.61320566028302,10090.231954192503
59.62320116005801,10097.001077198262
59.633196659833,10103.773605478309
59.643192159607985,10110.54954017449
59.65318765938297,10117.328882428843
59.66318315915796,10124.111633383596
59.673178658932954,10130.897794181174
59.68317415870794,10137.687365964182
59.69316965848293,10144.480349875426
59.70316515825792,10151.276747057902
59.713160658032905,10158.076558654799
59.72315615780789,10164.879785809488
59.73315165758289,10171.68642966555
59.743147157357875,10178.49649136673
59.75314265713286,10185.30997205699
59.76313815690785,10192.12687288047
59.77313365668284,10198.947194981505
59.783129156457825,10205.770939504624
59.79312465623281,10212.598107594542
59.80312015600781,10219.428700396174
59.813115655782795,10226.26271905461
59.82311115555778,10233.100164715146
59.83310665533277,10239.941038523266
59.84310215510776,10246.785341624645
59.853097654882745,10253.633075165151
59.86309315465774,10260.484240290842
59.87308865443273,10267.33883814796
59.883084154207715,10274.19686988295
59.8930796539827,10281.058336642442
59.90307515375769,10287.923239573262
59.91307065353268,10294.791579822422
59.92306615330767,10301.663358537131
59.93306165308266,10308.538576864783
59.94305715285765,10315.417235952966
59.953052652632635,10322.299336949462
59.96304815240762,10329.184881002244
59.97304365218261,10336.073869259471
59.983039151957605,10342.966302869505
59.99303465173259,10349.862182980884
60.00303015150758,10356.761510742344
60.01302565128257,10363.66428730282
60.023021151057556,10370.570513811428
60.03301665083254,10377.480191417482
60.04301215060754,10384.393321270487
60.053007650382526,10391.309904520129
60.06300315015751,10398.2299423163
60.0729986499325,10405.153435809074
60.08299414970749,10412.08038614872
60.092989649482476,10419.0107944857
60.10298514925747,10425.944661970669
60.11298064903246,10432.88198975446
60.122976148807446,10439.82277898811
60.13297164858243,10446.767030822846
60.14296714835742,10453.714746410087
60.15296264813241,10460.665926901438
60.1629581479074,10467.620573448707
60.17295364768239,10474.578687203872
60.18294914745738,10481.54026931912
60.192944647232366,10488.50532094683
60.202940147007354,10495.47384323956
60.21293564678234,10502.445837350075
60.22293114655733,10509.421304431316
60.232926646332324,10516.400245636432
60.24292214610731,10523.382662118742
60.2529176458823,10530.368555031773
60.262913145657286,10537.35792552924
60.272908645432274,10544.35077476505
60.28290414520726,10551.347103893295
60.292899644982256,10558.34691406827
60.302895144757244,10565.350206444447
60.31289064453223,10572.3569821765
60.32288614430722,10579.367242419288
60.33288164408221,10586.38098832787
60.342877143857194,10593.398221057487
60.35287264363219,10600.418941763583
60.36286814340718,10607.443151601776
60.372863643182164,10614.470851727889
60.38285914295715,10621.502043297933
60.39285464273214,10628.536727468108
60.40285014250713,10635.574905394811
60.41284564228212,10642.616578234632
60.42284114205711,10649.661747144333
60.4328366418321,10656.71041328089
60.442832141607084,10663.762577801464
60.45282764138207,10670.818241863402
60.46282314115706,10677.877406624246
60.472818640932054,10684.940073241738
60.48281414070704,10692.00624287379
60.49280964048203,10699.075916678521
60.50280514025702,10706.149095814244
60.512800640032005,10713.225781439452
60.52279613980699,10720.30597471284
60.53279163958199,10727.389676793295
60.542787139356975,10734.47688883988
60.55278263913196,10741.567612011859
60.56277813890695,10748.661847468693
60.57277363868194,10755.75959637003
60.582769138456925,10762.860859875707
60.59276463823192,10769.96563914576
60.60276013800691,10777.073935340399
60.612755637781895,10784.185749620045
60.62275113755688,10791.3010831453
60.63274663733187,10798.419937076962
60.64274213710686,10805.542312576017
60.652737636881845,10812.668210803644
60.66273313665684,10819.797632921218
60.67272863643183,10826.930580090291
60.682724136206815,10834.06705347262
60.6927196359818,10841.207054230148
60.70271513575679,10848.350583525014
60.71271063553178,10855.497642519545
60.72270613530677,10862.648232376263
60.73270163508176,10869.802354257869
60.74269713485675,10876.960009327267
60.752692634631735,10884.121198747553
60.76268813440672,10891.285923682008
60.77268363418171,10898.454185294111
60.782679133956705,10905.625984747532
60.79267463373169,10912.801323206118
60.80267013350668,10919.980201833927
60.81266563328167,10927.162621795198
60.822661133056656,10934.348584254365
60.83265663283164,10941.538090376052
60.84265213260664,10948.731141325079
60.852647632381625,10955.927738266442
60.86264313215661,10963.127882365347
60.8726386319316,10970.331574787182
60.88263413170659,10977.538816697524
60.892629631481576,10984.749609262153
60.90262513125657,10991.963953647035
60.91262063103156,10999.181851018313
60.922616130806546,11006.403302542341
60.93261163058153,11013.628309385656
60.94260713035652,11020.856872714989
60.95260263013151,11028.08899369726
60.9625981299065,11035.324673499586
60.97259362968149,11042.563913289261
60.98258912945648,11049.806714233788
60.992584629231466,11057.053077500848
61.00258012900645,11064.303004258323
61.01257562878144,11071.556495674282
61.022571128556436,11078.81355291699
61.03256662833142,11086.07417715489
61.04256212810641,11093.338369556628
61.0525576278814,11100.606131291042
61.062553127656386,11107.877463527158
61.072548627431374,11115.152367434193
61.08254412720636,11122.43084418156
61.092539626981356,11129.712894938857
61.102535126756344,11136.998520875872
61.11253062653133,11144.287723162592
61.12252612630632,11151.580502969193
61.13252162608131,11158.876861466038
61.142517125856294,11166.176799823688
61.15251262563129,11173.480319212897
61.162508125406276,11180.787420804592
61.172503625181264,11188.098105769914
61.18249912495625,11195.412375280186
61.19249462473124,11202.73023050692
61.20249012450623,11210.051672621823
61.21248562428122,11217.3767027968
61.22248112405621,11224.705322203929
61.2324766238312,11232.037532015493
61.242472123606184,11239.373333403966
61.25246762338117,11246.71272754201
61.26246312315616,11254.05571560248
61.272458622931154,11261.402298758429
61.28245412270614,11268.752478183082
61.29244962248113,11276.106255049874
61.30244512225612,11283.463630532424
61.312440622031104,11290.824605804544
61.32243612180609,11298.18918204024
61.33243162158109,11305.557360413706
61.342427121356074,11312.929142099323
61.35242262113106,11320.30452827167
61.36241812090605,11327.683520105518
61.37241362068104,11335.066118775825
61.382409120456025,11342.452325457743
61.39240462023102,11349.842141326622
61.40240012000601,11357.235567557984
61.412395619780995,11364.63260532756
61.42239111955598,11372.033255811268
61.43238661933097,11379.437520185214
61.44238211910596,11386.845399625703
61.45237761888095,11394.256895309229
61.46237311865594,11401.672008412463
61.47236861843093,11409.090740112286
61.482364118205915,11416.51309158576
61.4923596179809,11423.939064010148
61.50235511775589,11431.368658562895
61.51235061753088,11438.801876421641
61.52234611730587,11446.238718764222
61.53234161708086,11453.679186768652
61.54233711685585,11461.123281613149
61.552332616630835,11468.571004476118
61.56232811640582,11476.022356536158
61.57232361618081,11483.477338972054
61.582319115955805,11490.935952962793
61.59231461573079,11498.398199687537
61.60231011550578,11505.864080325651
61.61230561528077,11513.33359605669
61.622301115055755,11520.806748060397
61.63229661483074,11528.283537516714
61.64229211460574,11535.76396560577
61.652287614380725,11543.248033507874
61.66228311415571,11550.735742403545
61.6722786139307,11558.227093473484
61.68227411370569,11565.722087898583
61.692269613480676,11573.22072685993
61.70226511325567,11580.723011538807
61.71226061303066,11588.228943116668
61.722256112805646,11595.73852277518
61.73225161258063,11603.251751696194
61.74224711235562,11610.768631061752
61.75224261213061,11618.289162054089
61.7622381119056,11625.81334585563
61.77223361168059,11633.341183648987
61.78222911145558,11640.87267661697
61.792224611230566,11648.407825942579
61.80222011100555,11655.946632809004
61.81221561078054,11663.489098399628
61.822211110555536,11671.035223898029
61.83220661033052,11678.585010487961
61.84220211010551,11686.138459353388
61.8521976098805,11693.695571678454
61.862193109655486,11701.256348647503
61.872188609430474,11708.82079144506
61.88218410920547,11716.388901255856
61.892179608980456,11723.96067926479
61.90217510875544,11731.536126656978
61.91217060853043,11739.115244617711
61.92216610830542,11746.69803433248
61.932161608080406,11754.28449698696
61.9421571078554,11761.874633767029
61.95215260763039,11769.468445858738
61.962148107405376,11777.065934448347
61.972143607180364,11784.667100722298
61.98213910695535,11792.271945867229
61.99213460673034,11799.880471069966
62.00213010650533,11807.492677517526
62.01212560628032,11815.108566397132
62.02212110605531,11822.728138896166
62.032116605830296,11830.351396202232
62.042112105605284,11837.97833950311
62.05210760538027,11845.60896998678
62.06210310515526,11853.243288841411
62.072098604930254,11860.88129725536
62.08209410470524,11868.522996417174
62.09208960448023,11876.168387515592
62.10208510425522,11883.817471739552
62.112080604030204,11891.470250278178
62.12207610380519,11899.126724320788
62.13207160358019,11906.786895056886
62.142067103355174,11914.45076367617
62.15206260313016,11922.118331368527
62.16205810290515,11929.789599324045
62.17205360268014,11937.464568732992
62.182049102455125,11945.143240785836
62.19204460223012,11952.825616673234
62.20204010200511,11960.511697586022
62.212035601780094,11968.20148471525
62.22203110155508,11975.894979252142
62.23202660133007,11983.59218238812
62.24202210110506,11991.293095314799
62.25201760088005,11998.997719223986
62.26201310065504,12006.706055307666
62.27200860043003,12014.418104758033
62.282004100205015,12022.133868767463
62.29199959998,12029.853348528528
62.30199509975499,12037.576545233987
62.311990599529985,12045.303460076797
62.32198609930497,12053.034094250095
62.33198159907996,12060.76844894722
62.34197709885495,12068.506525361696
62.351972598629935,12076.248324687243
62.36196809840492,12083.993848117772
62.37196359817992,12091.74309684739
62.381959097954905,12099.496072070373
62.39195459772989,12107.252774981214
62.40195009750488,12115.013206774589
62.41194559727987,12122.777368645364
62.421941097054855,12130.545261788597
62.43193659682984,12138.316887399535
62.44193209660484,12146.092246673627
62.451927596379825,12153.871340806492
62.46192309615481,12161.654170993961
62.4719185959298,12169.440738432048
62.48191409570479,12177.23104431696
62.491909595479775,12185.025089845096
62.50190509525477,12192.822876213047
62.51190059502976,12200.624404617587
62.521896094804745,12208.42967625569
62.53189159457973,12216.238692324523
62.54188709435472,12224.051454021435
62.55188259412971,12231.867962543978
62.5618780939047,12239.688219089894
62.57187359367969,12247.5122248571
62.58186909345468,12255.339981043722
62.591864593229666,12263.171488848073
62.60186009300465,12271.006749468654
62.61185559277964,12278.845764104162
62.621851092554635,12286.68853395349
62.63184659232962,12294.5350602157
62.64184209210461,12302.385344090068
62.6518375918796,12310.239386776057
62.661833091654586,12318.097189473316
62.67182859142957,12325.958753381688
62.68182409120457,12333.824079701219
62.691819590979556,12341.693169632115
62.70181509075454,12349.566024374804
62.71181059052953,12357.442645129893
62.72180609030452,12365.323033098184
62.731801590079506,12373.207189480669
62.7417970898545,12381.095115478533
62.75179258962949,12388.986812293142
62.761788089404476,12396.882281126069
62.77178358917946,12404.781523179068
62.78177908895445,12412.684539654088
62.79177458872944,12420.591331753272
62.80177008850443,12428.501900678953
62.81176558827942,12436.416247633648
62.82176108805441,12444.334373820071
62.831756587829396,12452.256280441132
62.841752087604384,12460.181968699924
62.85174758737937,12468.111439799739
62.86174308715436,12476.044694944056
62.871738586929354,12483.981735336552
62.88173408670434,12491.922562181078
62.89172958647933,12499.867176681695
62.90172508625432,12507.815580042648
62.911720586029304,12515.767773468373
62.92171608580429,12523.7237581635
62.931711585579286,12531.68353533285
62.941707085354274,12539.64710618143
62.95170258512926,12547.614471914443
62.96169808490425,12555.585633737284
62.97169358467924,12563.560592855541
62.981689084454224,12571.539350474988
62.99168458422922,12579.5219078016
63.00168008400421,12587.508266041525
63.011675583779194,12595.498426401118
63.02167108355418,12603.492390086925
63.03166658332917,12611.490158305678
63.04166208310416,12619.491732264303
63.05165758287915,12627.497113169919
63.06165308265414,12635.506302229827
63.07164858242913,12643.519300651531
63.081644082204114,12651.536109642722
63.0916395819791,12659.556730411281
63.10163508175409,12667.581164165282
63.111630581529084,12675.609412112997
63.12162608130407,12683.641475462871
63.13162158107906,12691.677355423557
63.14161708085405,12699.717053203894
63.151612580629035,12707.760570012913
63.16160808040402,12715.807907059838
63.17160358017902,12723.859065554087
63.181599079954005,12731.914046705251
63.19159457972899,12739.972851723136
63.20159007950398,12748.035481817727
63.21158557927897,12756.101938199205
63.221581079053955,12764.172222077941
63.23157657882895,12772.2463346645
63.24157207860394,12780.324277169628
63.251567578378925,12788.406050804273
63.26156307815391,12796.49165677957
63.2715585779289,12804.581096306849
63.28155407770389,12812.674370597628
63.291549577478875,12820.771480863617
63.30154507725387,12828.872428316727
63.31154057702886,12836.977214169036
63.321536076803845,12845.085839632835
63.33153157657883,12853.198305920601
63.34152707635382,12861.314614245004
63.35152257612881,12869.434765818898
63.3615180759038,12877.558761855342
63.37151357567879,12885.686603567563
63.38150907545378,12893.818292169004
63.391504575228765,12901.95382887329
63.40150007500375,12910.093214894232
63.41149557477874,12918.236451445842
63.421491074553735,12926.383539742323
63.43148657432872,12934.534480998054
63.44148207410371,12942.689276427622
63.4514775738787,12950.847927245799
63.461473073653686,12959.01043466755
63.47146857342867,12967.176799908033
63.48146407320367,12975.347024182598
63.491459572978656,12983.521108706773
63.50145507275364,12991.699054696295
63.51145057252863,12999.880863367085
63.52144607230362,13008.066535935255
63.531441572078606,13016.256073617109
63.5414370718536,13024.44947762915
63.55143257162859,13032.646749188052
63.561428071403576,13040.8478895107
63.57142357117856,13049.052899814165
63.58141907095355,13057.261781315707
63.59141457072854,13065.474535232777
63.60141007050353,13073.691162783029
63.61140557027852,13081.911665184285
63.62140107005351,13090.136043654576
63.631396569828496,13098.364299412122
63.641392069603484,13106.596433675333
63.65138756937847,13114.832447662811
63.661383069153466,13123.072342593352
63.67137856892845,13131.316119685931
63.68137406870344,13139.563780159726
63.69136956847843,13147.815325234107
63.701365068253416,13156.07075612863
63.711360568028404,13164.330074063046
63.72135606780339,13172.593280257295
63.731351567578386,13180.860375931517
63.741347067353374,13189.131362306023
63.75134256712836,13197.406240601333
63.76133806690335,13205.685012038155
63.77133356667834,13213.967677837385
63.781329066453324,13222.254239220116
63.79132456622832,13230.544697407635
63.801320066003306,13238.839053621397
63.811315565778294,13247.137309083077
63.82131106555328,13255.439465014528
63.83130656532827,13263.745522637797
63.84130206510326,13272.05548317512
63.85129756487825,13280.369347848935
63.86129306465324,13288.687117881851
63.87128856442823,13297.008794496685
63.881284064203214,13305.33437891644
63.8912795639782,13313.663872364308
63.90127506375319,13321.997276063685
63.911270563528184,13330.334591238143
63.92126606330317,13338.67581911145
63.93126156307816,13347.020960907563
63.94125706285315,13355.37001785064
63.951252562628135,13363.722991165023
63.96124806240312,13372.079882075246
63.97124356217812,13380.440691806043
63.981239061953104,13388.805421582318
63.99123456172809,13397.174072629186
64.00123006150308,13405.54664617195
64.01122556127807,13413.923143436097
64.02122106105305,13422.303565647315
64.03121656082804,13430.687914031478
64.04121206060303,13439.07618981465
64.05120756037802,13447.46839422309
64.061203060153,13455.864528483246
64.07119855992799,13464.264593821757
64.08119405970298,13472.668591465457
64.09118955947798,13481.076522641382
64.10118505925296,13489.48838857671
64.11118055902794,13497.904190498879
64.12117605880294,13506.323929635491
64.13117155857793,13514.74760721431
64.14116705835292,13523.175224463326
64.15116255812791,13531.606782610712
64.1611580579029,13540.042282884831
64.17115355767788,13548.48172651424
64.18114905745287,13556.925114727677
64.19114455722786,13565.37244875409
64.20114005700285,13573.8237298226
64.21113555677783,13582.278959162526
64.22113105655282,13590.738138003384
64.23112655632781,13599.201267574877
64.2411220561028,13607.668349106898
64.2511175558778,13616.139383829543
64.26111305565279,13624.614372973067
64.27110855542777,13633.093317767947
64.28110405520276,13641.576219444849
64.29109955497775,13650.063079234616
64.30109505475274,13658.553898368302
64.31109055452772,13667.04867807713
64.32108605430271,13675.547419592533
64.3310815540777,13684.050124146124
64.34107705385269,13692.556792969712
64.35107255362767,13701.067427295298
64.36106805340266,13709.582028355075
64.37106355317766,13718.100597381434
64.38105905295265,13726.623135606922
64.39105455272764,13735.149644264322
64.40105005250263,13743.680124586594
64.41104555227761,13752.214577806875
64.4210410520526,13760.753005158513
64.43103655182759,13769.295407875037
64.44103205160258,13777.841787190171
64.45102755137756,13786.392144337826
64.46102305115255,13794.946480552111
64.47101855092754,13803.504797067317
64.48101405070253,13812.067095117936
64.49100955047753,13820.633375938656
64.50100505025252,13829.203640764332
64.5110005500275,13837.77789083003
64.52099604980249,13846.356127371006
64.53099154957748,13854.938351622704
64.54098704935247,13863.524564820766
64.55098254912745,13872.114768201014
64.56097804890244,13880.70896299947
64.57097354867743,13889.307150452343
64.58096904845242,13897.909331796036
64.5909645482274,13906.515508267143
64.60096004800239,13915.125681102449
64.61095554777738,13923.739851538929
64.62095104755238,13932.358020813765
64.63094654732737,13940.98019016429
64.64094204710236,13949.606360828067
64.65093754687734,13958.23653404284
64.66093304665233,13966.87071104654
64.67092854642732,13975.508893077294
64.6809240462023,13984.151081373417
64.6909195459773,13992.797277173415
64.70091504575228,14001.44748171599
64.71091054552727,14010.101696240028
64.72090604530226,14018.759921984618
64.73090154507724,14027.422160189026
64.74089704485225,14036.088412092735
64.75089254462723,14044.75867893537
64.76088804440222,14053.432961956796
64.77088354417721,14062.111262397051
64.7808790439522,14070.793581496366
64.79087454372718,14079.47992049516
64.80087004350217,14088.170280634045
64.81086554327716,14096.864663153829
64.82086104305215,14105.563069295511
64.83085654282714,14114.26550030027
64.84085204260212,14122.971957409487
64.85084754237711,14131.68244186474
64.86084304215211,14140.396954907792
64.8708385419271,14149.11549778058
64.88083404170209,14157.838071725255
64.89082954147707,14166.564677984154
64.90082504125206,14175.295317799806
64.91082054102705,14184.02999241493
64.92081604080204,14192.768703072432
64.93081154057703,14201.511451015418
64.94080704035201,14210.258237487178
64.950802540127,14219.009063731197
64.96079803990199,14227.763930991152
64.97079353967698,14236.522840510906
64.98078903945198,14245.285793534536
64.99078453922696,14254.052791306263
65.00078003900195,14262.82383507054
65.01077553877694,14271.598926072
65.02077103855193,14280.378065555473
65.03076653832692,14289.161254765964
65.0407620381019,14297.948494948689
65.05075753787689,14306.739787349043
65.06075303765188,14315.535133212616
65.07074853742687,14324.334533785186
65.08074403720185,14333.13799031273
65.09073953697684,14341.94550404141
65.10073503675183,14350.757076217584
65.11073053652683,14359.572708087806
65.12072603630182,14368.392400898794
65.1307215360768,14377.216155897486
65.1407170358518,14386.043974331009
65.15071253562678,14394.87585744667
65.16070803540177,14403.711806491972
65.17070353517676,14412.551822714613
65.18069903495174,14421.395907362481
65.19069453472673,14430.244061683654
65.20069003450172,14439.096286926395
65.2106855342767,14447.952584339175
65.2206810340517,14456.812955170637
65.2306765338267,14465.677400669643
65.24067203360168,14474.545922085199
65.25066753337667,14483.418520666548
65.26066303315166,14492.295197663105
65.27065853292665,14501.175954324479
65.28065403270163,14510.060791900474
65.29064953247662,14518.949711641078
65.30064503225161,14527.842714796481
65.3106405320266,14536.73980261705
65.32063603180158,14545.640976353354
65.33063153157657,14554.546237256156
65.34062703135156,14563.455586576396
65.35062253112656,14572.369025565235
65.36061803090155,14581.286555473976
65.37061353067654,14590.208177554156
65.38060903045152,14599.13389305749
65.39060453022651,14608.06370323588
65.4006000300015,14616.997609341432
65.41059552977649,14625.935612626427
65.42059102955147,14634.87771434335
65.43058652932646,14643.823915744872
65.44058202910145,14652.774218083858
65.45057752887644,14661.728622613358
65.46057302865142,14670.68713058662
65.47056852842641,14679.649743257081
65.48056402820141,14688.616461878386
65.4905595279764,14697.587287704326
65.50055502775139,14706.562221988928
65.51055052752638,14715.541265986394
65.52054602730136,14724.524420951118
65.53054152707635,14733.511688137689
65.54053702685134,14742.503068800877
65.55053252662633,14751.498564195657
65.56052802640131,14760.49817557719
65.5705235261763,14769.501904200823
65.58051902595129,14778.5097513221
65.59051452572628,14787.521718196758
65.60051002550128,14796.537806080734
65.61050552527627,14805.55801623012
65.62050102505125,14814.582349901235
65.63049652482624,14823.610808350582
65.64049202460123,14832.643392834854
65.65048752437622,14841.680104610927
65.6604830241512,14850.720944935882
65.67047852392619,14859.765915066982
65.68047402370118,14868.815016261684
65.69046952347617,14877.868249777637
65.70046502325116,14886.925616872677
65.71046052302614,14895.987118804844
65.72045602280114,14905.052756832363
65.73045152257613,14914.122532213632
65.74044702235112,14923.196446207261
65.75044252212611,14932.274500072052
65.7604380219011,14941.356695066994
65.77043352167608,14950.443032451261
65.78042902145107,14959.533513484232
65.79042452122606,14968.62813942546
65.80042002100105,14977.72691153471
65.81041552077603,14986.829831071918
65.82041102055102,14995.936899297229
65.83040652032601,15005.048117470964
65.84040202010101,15014.163486853655
65.850397519876,15023.283008705992
65.86039301965099,15032.40668428889
65.87038851942597,15041.534514863442
65.88038401920096,15050.666501690934
65.89037951897595,15059.802646032836
65.90037501875094,15068.942949150825
65.91037051852592,15078.087412306753
65.92036601830091,15087.236036762679
65.9303615180759,15096.388823780837
65.94035701785089,15105.545774623666
65.95035251762587,15114.70689055379
65.96034801740086,15123.872172834024
65.97034351717586,15133.041622727389
65.98033901695085,15142.21524149706
65.99033451672584,15151.393030406438
66.00033001650083,15160.57499071911
66.01032551627581,15169.761123698845
66.0203210160508,15178.951430609606
66.03031651582579,15188.145912715558
66.04031201560078,15197.34457128104
66.05030751537576,15206.547407570593
66.06030301515075,15215.754422848951
66.07029851492574,15224.965618381035
66.08029401470073,15234.180995431956
66.09028951447573,15243.400555267033
66.10028501425072,15252.624299151737
66.1102805140257,15261.852228351767
66.12027601380069,15271.084344133002
66.13027151357568,15280.320647761517
66.14026701335067,15289.561140503565
66.15026251312565,15298.805823625607
66.16025801290064,15308.054698394284
66.17025351267563,15317.307766076436
66.18024901245062,15326.565027939085
66.1902445122256,15335.826485249452
66.20024001200059,15345.092139274946
66.2102355117756,15354.361991283185
66.22023101155058,15363.636042541935
66.23022651132557,15372.914294319193
66.24022201110056,15382.196747883132
66.25021751087554,15391.483404502123
66.26021301065053,15400.774265444727
66.27020851042552,15410.069331979685
66.2802040102005,15419.368605375948
66.2901995099755,15428.672086902643
66.30019500975048,15437.979777829098
66.31019050952547,15447.29167942483
66.32018600930046,15456.607792959541
66.33018150907544,15465.92811970313
66.34017700885045,15475.252660925706
66.35017250862543,15484.581417897518
66.36016800840042,15493.914391889055
66.37016350817541,15503.251584170981
66.3801590079504,15512.59299601415
66.39015450772538,15521.93862868961
66.40015000750037,15531.288483468597
66.41014550727536,15540.642561622548
66.42014100705035,15550.000864423078
66.43013650682533,15559.363393142
66.44013200660032,15568.730149051322
66.45012750637531,15578.101133423233
66.46012300615031,15587.47634753014
66.4701185059253,15596.855792644592
66.48011400570029,15606.23947003937
66.49010950547527,15615.627380987438
66.50010500525026,15625.019526761947
66.51010050502525,15634.415908636238
66.52009600480024,15643.816527883851
66.53009150457522,15653.221385778514
66.54008700435021,15662.630483594141
66.5500825041252,15672.043822604843
66.56007800390019,15681.461404084917
66.57007350367518,15690.883229308865
66.58006900345018,15700.309299551376
66.59006450322516,15709.739616087301
66.60006000300015,15719.174180191718
66.61005550277514,15728.612993139888
66.62005100255013,15738.05605620726
66.63004650232511,15747.503370669474
66.6400420021001,15756.95493780236
66.65003750187509,15766.410758881948
66.66003300165008,15775.870835184443
66.67002850142507,15785.335167986263
66.68002400120005,15794.803758563998
66.69001950097504,15804.27660819444
66.70001500075004,15813.753718154583
66.71001050052503,15823.235089721571
66.72000600030002,15832.720724172781
66.730001500075,15842.21062278577
66.73999699984999,15851.70478683828
66.74999249962498,15861.203217608256
66.75998799939997,15870.705916373818
66.76998349917496,15880.212884413297
66.77997899894994,15889.724123005195
66.78997449872493,15899.239633428218
66.79996999849992,15908.759416961268
66.8099654982749,15918.283474883423
66.8199609980499,15927.81180847396
66.8299564978249,15937.344419012368
66.83995199759988,15946.881307778276
66.84994749737487,15956.422476051552
66.85994299714986,15965.967925112232
66.86993849692485,15975.517656240561
66.87993399669983,15985.07167071696
66.88992949647482,15994.629969822046
66.89992499624981,16004.192554836627
66.9099204960248,16013.759427041705
66.91991599579978,16023.330587718474
66.92991149557477,16032.906038148309
66.93990699534976,16042.485779612793
66.94990249512476,16052.069813393702
66.95989799489975,16061.658140772966
66.96989349467474,16071.250763032747
66.97988899444972,16080.847681455387
66.98988449422471,16090.448897323418
66.9998799939997,16100.054411919557
67.00987549377469,16109.664226526726
67.01987099354967,16119.278342428024
67.02986649332466,16128.896760906755
67.03986199309965,16138.519483246402
67.04985749287464,16148.146510730647
67.05985299264962,16157.777844643362
67.06984849242463,16167.41348626862
67.07984399219961,16177.053436890652
67.0898394919746,16186.69769779392
67.09983499174959,16196.346270263051
67.10983049152458,16205.99915558288
67.11982599129956,16215.65635503843
67.12982149107455,16225.317869914903
67.13981699084954,16234.983701497713
67.14981249062453,16244.653851072442
67.15980799039951,16254.328319924885
67.1698034901745,16264.007109341013
67.17979898994949,16273.690220606999
67.18979448972448,16283.377655009199
67.19978998949948,16293.06941383418
67.20978548927447,16302.765498368655
67.21978098904945,16312.465909899574
67.22977648882444,16322.17064971406
67.23977198859943,16331.879719099428
67.24976748837442,16341.593119343192
67.2597629881494,16351.31085173305
67.26975848792439,16361.032917556886
67.27975398769938,16370.759318102793
67.28974948747437,16380.490054659036
67.29974498724935,16390.225128514085
67.30974048702434,16399.964540956593
67.31973598679934,16409.708293275427
67.32973148657433,16419.456386759597
67.33972698634932,16429.20882269834
67.3497224861243,16438.96560238109
67.3597179858993,16448.726727097455
67.36971348567428,16458.49219813724
67.37970898544927,16468.26201679044
67.38970448522426,16478.036184347242
67.39969998499924,16487.81470209803
67.40969548477423,16497.597571333372
67.41969098454922,16507.384793344034
67.42968648432421,16517.176369420962
67.43968198409921,16526.97230085532
67.4496774838742,16536.772588938413
67.45967298364918,16546.577234961787
67.46966848342417,16556.386240217158
67.47966398319916,16566.19960599644
67.48965948297415,16576.01733359173
67.49965498274914,16585.83942429532
67.50965048252412,16595.665879399705
67.51964598229911,16605.496700197553
67.5296414820741,16615.33188798173
67.53963698184909,16625.1714440453
67.54963248162407,16635.01536968151
67.55962798139907,16644.86366618382
67.56962348117406,16654.71633484583
67.57961898094905,16664.57337696138
67.58961448072404,16674.43479382449
67.59960998049903,16684.30058672936
67.60960548027401,16694.170756970398
67.619600980049,16704.045305842188
67.62959647982399,16713.92423463951
67.63959197959898,16723.807544657346
67.64958747937396,16733.69523719085
67.65958297914895,16743.587313535383
67.66957847892394,16753.483774986493
67.67957397869893,16763.384622839916
67.68956947847393,16773.2898583916
67.69956497824892,16783.19948293763
67.7095604780239,16793.113497774346
67.71955597779889,16803.03190419824
67.72955147757388,16812.954703506013
67.73954697734887,16822.881896994557
67.74954247712385,16832.81348596094
67.75953797689884,16842.749471702442
67.76953347667383,16852.689855516517
67.77952897644882,16862.63463870082
67.7895244762238,16872.583822553195
67.79951997599879,16882.537408371685
67.8095154757738,16892.495397454517
67.81951097554878,16902.45779110009
67.82950647532377,16912.42459060703
67.83950197509876,16922.395797274134
67.84949747487374,16932.37141240039
67.85949297464873,16942.351437284993
67.86948847442372,16952.335873227312
67.8794839741987,16962.32472152691
67.8894794739737,16972.317983483557
67.89947497374868,16982.315660397187
67.90947047352367,16992.317753567957
67.91946597329866,17002.324264296192
67.92946147307366,17012.335193882427
67.93945697284865,17022.35054362735
67.94945247262363,17032.37031483189
67.95944797239862,17042.394508797133
67.96944347217361,17052.42312682438
67.9794389719486,17062.4561702151
67.98943447172358,17072.49364027098
67.99942997149857,17082.53553829387
68.00942547127356,17092.58186558583
68.01942097104855,17102.632623449113
68.02941647082353,17112.687813186145
68.03941197059852,17122.747436099566
68.04940747037351,17132.811493492187
68.05940297014851,17142.879986667045
68.0693984699235,17152.95291692731
68.07939396969849,17163.030285576388
68.08938946947347,17173.11209391787
68.09938496924846,17183.19834325553
68.10938046902345,17193.289034893343
68.11937596879844,17203.384170135465
68.12937146857342,17213.48375028625
68.13936696834841,17223.58777665024
68.1493624681234,17233.69625053217
68.15935796789839,17243.80917323697
68.16935346767337,17253.92654606975
68.17934896744838,17264.048370335844
68.18934446722336,17274.17464734071
68.19933996699835,17284.305378390072
68.20933546677334,17294.440564789795
68.21933096654833,17304.580207845967
68.22932646632331,17314.724308864847
68.2393219660983,17324.872869152892
68.24931746587329,17335.025890016757
68.25931296564828,17345.18337276328
68.26930846542326,17355.34531869949
68.27930396519825,17365.511729132613
68.28929946497324,17375.68260537006
68.29929496474824,17385.85794871946
68.30929046452323,17396.037760488573
68.31928596429822,17406.222041985402
68.3292814640732,17416.41079451813
68.33927696384819,17426.60401939513
68.34927246362318,17436.801717924962
68.35926796339817,17447.003891416385
68.36926346317316,17457.21054117834
68.37925896294814,17467.421668519968
68.38925446272313,17477.637274750596
68.39924996249812,17487.85736117974
68.4092454622731,17498.08192911712
68.41924096204811,17508.310979872647
68.4292364618231,17518.544514756388
68.43923196159808,17528.78253507864
68.44922746137307,17539.025042149886
68.45922296114806,17549.272037280793
68.46921846092305,17559.52352178222
68.47921396069803,17569.779496965217
68.48920946047302,17580.03996414103
68.49920496024801,17590.304924621083
68.509200460023,17600.574379717018
68.51919595979798,17610.84833074064
68.52919145957297,17621.126779003964
68.53918695934796,17631.409725819183
68.54918245912296,17641.69717249871
68.55917795889795,17651.98912035509
68.56917345867294,17662.28557070112
68.57916895844792,17672.58652484976
68.58916445822291,17682.891984114172
68.5991599579979,17693.2019498077
68.60915545777289,17703.51642324388
68.61915095754787,17713.835405736456
68.62914645732286,17724.158898599333
68.63914195709785,17734.48690314664
68.64913745687284,17744.819420692675
68.65913295664782,17755.156452551935
68.66912845642283,17765.498000039122
68.67912395619781,17775.844064469093
68.6891194559728,17786.194647156924
68.69911495574779,17796.549749417885
68.70911045552278,17806.90937256742
68.71910595529776,17817.27351792119
68.72910145507275,17827.642186795016
68.73909695484774,17838.015380504934
68.74909245462273,17848.393100367157
68.75908795439771,17858.775347698105
68.7690834541727,17869.162123814374
68.77907895394769,17879.55343003276
68.78907445372269,17889.94926767026
68.79906995349768,17900.349638044023
68.80906545327267,17910.75454247143
68.81906095304765,17921.163982270045
68.82905645282264,17931.577958757614
68.83905195259763,17941.99647325208
68.84904745237262,17952.41952707157
68.8590429521476,17962.84712153442
68.86903845192259,17973.279257959144
68.87903395169758,17983.715937664445
68.88902945147257,17994.157161969226
68.89902495124755,18004.602932192574
68.90902045102256,18015.05324965379
68.91901595079754,18025.50811567231
68.92901145057253,18035.96753156782
68.93900695034752,18046.43149866018
68.9490024501225,18056.900018269425
68.9589979498975,18067.373091715806
68.96899344967248,18077.850720319748
68.97898894944747,18088.33290540187
68.98898444922246,18098.81964828299
68.99897994899744,18109.31095028411
69.00897544877243,18119.80681272643
69.01897094854742,18130.307236931334
69.02896644832241,18140.8122242204
69.03896194809741,18151.321775915414
69.0489574478724,18161.835893338306
69.05895294764738,18172.35457781125
69.06894844742237,18182.877830656584
69.07894394719736,18193.405653196845
69.08893944697235,18203.938046754763
69.09893494674733,18214.475012653256
69.10893044652232,18225.016552215428
69.11892594629731,18235.562666764592
69.1289214460723,18246.113357624232
69.13891694584728,18256.668626118033
69.14891244562227,18267.228473569874
69.15890794539727,18277.792901303837
69.16890344517226,18288.361910644147
69.17889894494725,18298.93550291527
69.18889444472224,18309.51367944185
69.19888994449722,18320.096441548714
69.20888544427221,18330.683790560895
69.2188809440472,18341.2757278036
69.22887644382219,18351.87225460224
69.23887194359718,18362.473372282413
69.24886744337216,18373.079082169912
69.25886294314715,18383.68938559071
69.26885844292214,18394.304283870988
69.27885394269714,18404.92377833712
69.28884944247213,18415.54787031563
69.29884494224711,18426.176561133285
69.3088404420221,18436.809852117025
69.31883594179709,18447.44774459397
69.32883144157208,18458.090239891448
69.33882694134707,18468.73733933697
69.34882244112205,18479.389044258238
69.35881794089704,18490.04535598315
69.36881344067203,18500.70627583979
69.37880894044702,18511.371805156443
69.388804440222,18522.04194526157
69.39879993999699,18532.716697483836
69.40879543977199,18543.396063152108
69.41879093954698,18554.080043595393
69.42878643932197,18564.768640142953
69.43878193909696,18575.46185412421
69.44877743887194,18586.159686868774
69.45877293864693,18596.862139706467
69.46876843842192,18607.569213967283
69.4787639381969,18618.28091098141
69.4887594379719,18628.997232079244
69.49875493774688,18639.718178591345
69.50875043752187,18650.443751848492
69.51874593729686,18661.173953181635
69.52874143707186,18671.908783921943
69.53873693684685,18682.648245400724
69.54873243662183,18693.39233894952
69.55872793639682,18704.14106590007
69.56872343617181,18714.89442758427
69.5787189359468,18725.652425334236
69.58871443572178,18736.415060482264
69.59870993549677,18747.18233436085
69.60870543527176,18757.954248302663
69.61870093504675,18768.73080364058
69.62869643482173,18779.512001707666
69.63869193459672,18790.297843837172
69.64868743437172,18801.08833136256
69.65868293414671,18811.88346561744
69.6686784339217,18822.683247935656
69.67867393369669,18833.48767965122
69.68866943347167,18844.296762098358
69.69866493324666,18855.11049661146
69.70866043302165,18865.928884525132
69.71865593279664,18876.75192717415
69.72865143257162,18887.5796258935
69.73864693234661,18898.41198201834
69.7486424321216,18909.24899688404
69.75863793189659,18920.090671826147
69.76863343167159,18930.93700818042
69.77862893144658,18941.78800728276
69.78862443122156,18952.64367046932
69.79861993099655,18963.503999076398
69.80861543077154,18974.368994440516
69.81861093054653,18985.238657898375
69.82860643032151,18996.112990786856
69.8386019300965,19006.991994443055
69.84859742987149,19017.875670204234
69.85859292964648,19028.76401940787
69.86858842942146,19039.65704339161
69.87858392919645,19050.554743493307
69.88857942897144,19061.457121051
69.89857492874644,19072.364177402942
69.90857042852143,19083.27591388751
69.91856592829642,19094.19233184335
69.9285614280714,19105.113432609258
69.93855692784639,19116.03921752423
69.94855242762138,19126.969687927463
69.95854792739637,19137.90484515833
69.96854342717135,19148.8446905564
69.97853892694634,19159.78922546144
69.98853442672133,19170.73845121341
69.99852992649632,19181.69236915244
70.0085254262713,19192.650980618877
70.0185209260463,19203.614286953263
70.0285164258213,19214.582289496288
70.03851192559628,19225.554989588876
70.04850742537127,19236.53238857213
70.05850292514626,19247.514487787343
70.06849842492124,19258.501288576004
70.07849392469623,19269.492792279787
70.08848942447122,19280.48900024056
70.09848492424621,19291.489913800382
70.1084804240212,19302.495534301503
70.11847592379618,19313.505863086368
70.12847142357117,19324.52090149761
70.13846692334617,19335.54065087807
70.14846242312116,19346.565112570734
70.15845792289615,19357.59428791882
70.16845342267113,19368.62817826573
70.17844892244612,19379.666784955058
70.18844442222111,19390.710109330586
70.1984399219961,19401.75815273628
70.20843542177109,19412.81091651632
70.21843092154607,19423.868402015047
70.22842642132106,19434.930610577016
70.23842192109605,19445.997543546964
70.24841742087104,19457.069202269824
70.25841292064602,19468.145588090712
70.26840842042103,19479.22670235497
70.27840392019601,19490.31254640806
70.288399419971,19501.403121595693
70.29839491974599,19512.498429263764
70.30839041952098,19523.59847075835
70.31838591929596,19534.703247425714
70.32838141907095,19545.812760612327
70.33837691884594,19556.92701166484
70.34837241862093,19568.046001930095
70.35836791839591,19579.169732755134
70.3683634181709,19590.298205487175
70.37835891794589,19601.431421473644
70.38835441772089,19612.569382062167
70.39834991749588,19623.71208860051
70.40834541727087,19634.85954243669
70.41834091704585,19646.011744918884
70.42833641682084,19657.168697395467
70.43833191659583,19668.330401215007
70.44832741637082,19679.49685772627
70.4583229161458,19690.6680682782
70.46831841592079,19701.844034219936
70.47831391569578,19713.02475690082
70.48830941547077,19724.21023767037
70.49830491524575,19735.4004778783
70.50830041502076,19746.595478874537
70.51829591479574,19757.795242009146
70.52829141457073,19768.999768632435
70.53828691434572,19780.209060094883
70.5482824141207,19791.423117747167
70.5582779138957,19802.641942940147
70.56827341367068,19813.865537024878
70.57826891344567,19825.093901352608
70.58826441322066,19836.327037274776
70.59825991299564,19847.564946143015
70.60825541277063,19858.807629309144
70.61825091254562,19870.05508812517
70.62824641232062,19881.307323943325
70.63824191209561,19892.56433811596
70.6482374118706,19903.826131995684
70.65823291164558,19915.092706935277
70.66822841142057,19926.364064287707
70.67822391119556,19937.640205406136
70.68821941097055,19948.921131643914
70.69821491074553,19960.206844354587
70.70821041052052,19971.49734489189
70.71820591029551,19982.79263460975
70.7282014100705,19994.09271486228
70.73819690984548,20005.397587003794
70.74819240962047,20016.7072523888
70.75818790939547,20028.021712371996
70.76818340917046,20039.34096830824
70.77817890894545,20050.665021552617
70.78817440872044,20061.993873460397
70.79816990849542,20073.32752538704
70.80816540827041,20084.665978688194
70.8181609080454,20096.0092347197
70.82815640782039,20107.357294837588
70.83815190759537,20118.710160398085
70.84814740737036,20130.067832757606
70.85814290714535,20141.43031327275
70.86813840692034,20152.79760330033
70.87813390669534,20164.16970419734
70.88812940647033,20175.546617320924
70.89812490624531,20186.92834402848
70.9081204060203,20198.314885677573
70.91811590579529,20209.70624362595
70.92811140557028,20221.102419231564
70.93810690534526,20232.503413852548
70.94810240512025,20243.90922884723
70.95809790489524,20255.31986557414
70.96809340467023,20266.735325391975
70.97808890444522,20278.155609659654
70.9880844042202,20289.58071973626
70.9980799039952,20301.010656981103
71.00807540377019,20312.445422753626
71.01807090354518,20323.88501841351
71.02806640332017,20335.32944532062
71.03806190309516,20346.778704835007
71.04805740287014,20358.232798316913
71.05805290264513,20369.691727126774
71.06804840242012,20381.155492625217
71.0780439021951,20392.62409617306
71.0880394019701,20404.097539131304
71.09803490174508,20415.575822861156
71.10803040152007,20427.05894872401
71.11802590129506,20438.546918081447
71.12802140107006,20450.039732295256
71.13801690084505,20461.53739272737
71.14801240062003,20473.03990073996
71.15800790039502,20484.547257695387
71.16800340017001,20496.059464956175
71.177998899945,20507.576523885065
71.18799439971998,20519.098435844982
71.19798989949497,20530.625202199033
71.20798539926996,20542.15682431053
71.21798089904495,20553.693303542965
71.22797639881993,20565.23464126003
71.23797189859492,20576.7808388256
71.24796739836992,20588.331897603774
71.25796289814491,20599.88781895877
71.2679583979199,20611.448604255063
71.27795389769489,20623.014254857302
71.28794939746987,20634.58477213032
71.29794489724486,20646.160157439146
71.30794039701985,20657.740412149
71.31793589679484,20669.325537625296
71.32793139656982,20680.915535233635
71.33792689634481,20692.510406339807
71.3479223961198,20704.110152309804
71.35791789589479,20715.714774509797
71.36791339566979,20727.324274306175
71.37790889544478,20738.938653065463
71.38790439521976,20750.55791215443
71.39789989499475,20762.182052940014
71.40789539476974,20773.811076789356
71.41789089454473,20785.44498506978
71.42788639431971,20797.083779148794
71.4378818940947,20808.727460394115
71.44787739386969,20820.376030173644
71.45787289364468,20832.029489855468
71.46786839341966,20843.687840807866
71.47786389319465,20855.351084399317
71.48785939296965,20867.0192219985
71.49785489274464,20878.692254974238
71.50785039251963,20890.3701846956
71.51784589229462,20902.053012531822
71.5278413920696,20913.74073985234
71.53783689184459,20925.433368026766
71.54783239161958,20937.13089842492
71.55782789139457,20948.83333241681
71.56782339116955,20960.540671372626
71.57781889094454,20972.25291666276
71.58781439071953,20983.97006965779
71.59780989049452,20995.692131728483
71.6078053902695,21007.41910424581
71.6178008900445,21019.150988580932
71.6277963898195,21030.887786105166
71.63779188959448,21042.629498190065
71.64778738936947,21054.376126207357
71.65778288914446,21066.127671528957
71.66777838891944,21077.884135526976
71.67777388869443,21089.64551957372
71.68776938846942,21101.411825041683
71.69776488824441,21113.183053303546
71.7077603880194,21124.959205732186
71.71775588779438,21136.74028370067
71.72775138756937,21148.526288582256
71.73774688734437,21160.317221750414
71.74774238711936,21172.113084578756
71.75773788689435,21183.913878441123
71.76773338666933,21195.719604711543
71.77772888644432,21207.53026476424
71.78772438621931,21219.345859973608
71.7977198859943,21231.166391714254
71.80771538576928,21242.991861360966
71.81771088554427,21254.822270288725
71.82770638531926,21266.65761987271
71.83770188509425,21278.497911488277
71.84769738486924,21290.343146510986
71.85769288464424,21302.193326316603
71.86768838441922,21314.04845228103
71.87768388419421,21325.908525780414
71.8876793839692,21337.773548191075
71.89767488374419,21349.64352088953
71.90767038351918,21361.518445252488
71.91766588329416,21373.39832265683
71.92766138306915,21385.283154479657
71.93765688284414,21397.17294209824
71.94765238261913,21409.067686890052
71.95764788239411,21420.967390232752
71.9676433821691,21432.872053504194
71.97763888194409,21444.781678082425
71.98763438171909,21456.696265345694
71.99762988149408,21468.615816672394
72.00762538126907,21480.540333441164
72.01762088104405,21492.46981703081
72.02761638081904,21504.404268820334
72.03761188059403,21516.343690188933
72.04760738036902,21528.288082515985
72.057602880144,21540.23744718107
72.06759837991899,21552.191785563948
72.07759387969398,21564.151099044586
72.08758937946897,21576.115389003124
72.09758487924395,21588.084656819916
72.10758037901896,21600.058903875502
72.11757587879394,21612.038131550573
72.12757137856893,21624.02234122606
72.13756687834392,21636.01153428308
72.1475623781189,21648.005712102917
72.1575578778939,21660.00487606707
72.16755337766888,21672.009027557215
72.17754887744387,21684.01816795523
72.18754437721886,21696.03229864317
72.19753987699384,21708.051421003296
72.20753537676883,21720.07553641806
72.21753087654382,21732.10464627009
72.22752637631882,21744.138751942235
72.23752187609381,21756.177854817484
72.2475173758688,21768.221956279063
72.25751287564378,21780.271057710383
72.26750837541877,21792.32516049503
72.27750387519376,21804.3842660168
72.28749937496875,21816.44837565966
72.29749487474373,21828.517490807786
72.30749037451872,21840.591612845536
72.31748587429371,21852.670743157465
72.3274813740687,21864.754883128313
72.33747687384368,21876.84403414302
72.34747237361869,21888.938197586725
72.35746787339367,21901.037374844713
72.36746337316866,21913.14156730251
72.37745887294365,21925.250776345812
72.38745437271864,21937.365003360523
72.39744987249362,21949.48424973271
72.40744537226861,21961.608516848664
72.4174408720436,21973.73780609484
72.42743637181859,21985.8721188579
72.43743187159357,21998.01145652469
72.44742737136856,22010.155820482258
72.45742287114355,22022.305212117826
72.46741837091854,22034.459632818824
72.47741387069354,22046.61908397288
72.48740937046853,22058.783566967766
72.49740487024351,22070.9530831915
72.5074003700185,22083.127634032266
72.51739586979349,22095.30722087845
72.52739136956848,22107.491845118617
72.53738686934346,22119.681508141533
72.54738236911845,22131.876211336155
72.55737786889344,22144.07595609163
72.56737336866843,22156.280743797288
72.57736886844341,22168.490575842665
72.5873643682184,22180.705453617473
72.5973598679934,22192.92537851165
72.60735536776839,22205.150351915254
72.61735086754338,22217.38037521861
72.62734636731837,22229.61544981219
72.63734186709335,22241.855577086684
72.64733736686834,22254.10075843295
72.65733286664333,22266.350995242054
72.66732836641832,22278.606288905245
72.6773238661933,22290.86664081396
72.68731936596829,22303.132052359848
72.69731486574328,22315.40252493472
72.70731036551827,22327.678059930608
72.71730586529327,22339.95865873972
72.72730136506826,22352.24432275443
72.73729686484324,22364.53505336735
72.74729236461823,22376.83085197126
72.75728786439322,22389.131719959132
72.76728336416821,22401.43765872413
72.7772788639432,22413.748669659613
72.78727436371818,22426.064754159135
72.79726986349317,22438.385913616425
72.80726536326816,22450.712149425424
72.81726086304315,22463.043462980248
72.82725636281813,22475.37985567521
72.83725186259312,22487.72132890482
72.84724736236812,22500.067884063792
72.85724286214311,22512.419522546978
72.8672383619181,22524.776245749472
72.87723386169309,22537.13805506655
72.88722936146807,22549.50495189367
72.89722486124306,22561.876937626486
72.90722036101805,22574.25401366085
72.91721586079304,22586.636181392787
72.92721136056802,22599.023442218535
72.93720686034301,22611.415797534508
72.947202360118,22623.813248737322
72.95719785989299,22636.215797223773
72.96719335966799,22648.623444390876
72.97718885944298,22661.036191635776
72.98718435921796,22673.454040355875
72.99717985899295,22685.876991948735
73.00717535876794,22698.30504781212
73.01717085854293,22710.738209343974
73.02716635831791,22723.176477942445
73.0371618580929,22735.619855005858
73.04715735786789,22748.06834193275
73.05715285764288,22760.52194012183
73.06714835741786,22772.980650972007
73.07714385719285,22785.444475882377
73.08713935696785,22797.913416252253
73.09713485674284,22810.387473481085
73.10713035651783,22822.866648968553
73.11712585629282,22835.35094411453
73.1271213560678,22847.840360319067
73.13711685584279,22860.334898982415
73.14711235561778,22872.834561505017
73.15710785539277,22885.33934928749
73.16710335516775,22897.84926373067
73.17709885494274,22910.364306235566
73.18709435471773,22922.884478203378
73.19708985449272,22935.409781035505
73.20708535426772,22947.940216133553
73.2170808540427,22960.475784899267
73.2270763538177,22973.01648873463
73.23707185359268,22985.562329041804
73.24706735336767,22998.113307223146
73.25706285314266,23010.6694246812
73.26705835291764,23023.230682818703
73.27705385269263,23035.797083038575
73.28704935246762,23048.368626743944
73.2970448522426,23060.94531533811
73.3070403520176,23073.527150224585
73.31703585179258,23086.114132807055
73.32703135156757,23098.70626448941
73.33702685134257,23111.303546675736
73.34702235111756,23123.90598077027
73.35701785089255,23136.513568177485
73.36701335066753,23149.126310302032
73.37700885044252,23161.744208548753
73.38700435021751,23174.367264322686
73.3969998499925,23186.995479029047
73.40699534976748,23199.628854073253
73.41699084954247,23212.267390860914
73.42698634931746,23224.911090797825
73.43698184909245,23237.559955289977
73.44697734886743,23250.213985743554
73.45697284864244,23262.873183564945
73.46696834841742,23275.53755016068
73.47696384819241,23288.207086937527
73.4869593479674,23300.881795302437
73.49695484774239,23313.561676662543
73.50695034751737,23326.24673242518
73.51694584729236,23338.936963997872
73.52694134706735,23351.632372788325
73.53693684684234,23364.332960204443
73.54693234661733,23377.038727654326
73.55692784639231,23389.749676546257
73.5669233461673,23402.465808288714
73.5769188459423,23415.18712429039
73.58691434571729,23427.913625960104
73.59690984549228,23440.64531470693
73.60690534526726,23453.382191940105
73.61690084504225,23466.12425906907
73.62689634481724,23478.871517503452
73.63689184459223,23491.623968653068
73.64688734436722,23504.381613927926
73.6568828441422,23517.144454738227
73.66687834391719,23529.912492494364
73.67687384369218,23542.68572860692
73.68686934346717,23555.46416448667
73.69686484324217,23568.2478015446
73.70686034301715,23581.036641191833
73.71685584279214,23593.830684839733
73.72685134256713,23606.62993389984
73.73684684234212,23619.434389783884
73.7468423421171,23632.244053903796
73.7568378418921,23645.05892767169
73.76683334166708,23657.879012499863
73.77682884144207,23670.70430980082
73.78682434121706,23683.534820987254
73.79681984099204,23696.370547472037
73.80681534076703,23709.211490668244
73.81681084054202,23722.057651989137
73.82680634031702,23734.909032848194
73.83680184009201,23747.765634659016
73.846797339867,23760.62745883547
73.85679283964198,23773.494506791572
73.86678833941697,23786.366779941556
73.87678383919196,23799.244279699826
73.88677933896695,23812.127007480987
73.89677483874193,23825.01496469983
73.90677033851692,23837.908152771346
73.91676583829191,23850.806573110705
73.9267613380669,23863.710227133288
73.93675683784188,23876.619116254646
73.94675233761689,23889.53324189055
73.95674783739187,23902.452605456903
73.96674333716686,23915.37720836987
73.97673883694185,23928.307052045766
73.98673433671684,23941.24213790111
73.99672983649182,23954.182467352617
74.00672533626681,23967.128041817177
74.0167208360418,23980.07886271189
74.02671633581679,23993.034931454033
74.03671183559177,24005.996249461085
74.04670733536676,24018.962818150707
74.05670283514175,24031.93463894076
74.06669833491675,24044.91171324931
74.07669383469174,24057.894042494558
74.08668933446673,24070.881628094958
74.09668483424171,24083.874471469127
74.1066803340167,24096.872574035886
74.11667583379169,24109.875937214234
74.12667133356668,24122.88456242337
74.13666683334166,24135.898451082685
74.14666233311665,24148.917604611757
74.15665783289164,24161.942024430355
74.16665333266663,24174.971711958446
74.17664883244161,24188.00666861618
74.1866443322166,24201.046895823907
74.1966398319916,24214.092395002175
74.20663533176659,24227.143167571685
74.21663083154158,24240.199214953365
74.22662633131657,24253.260538568335
74.23662183109155,24266.32713983789
74.24661733086654,24279.39902018353
74.25661283064153,24292.476181026937
74.26660833041652,24305.558623789988
74.2766038301915,24318.646349894752
74.28659932996649,24331.739360763484
74.29659482974148,24344.837657818643
74.30659032951647,24357.941242482866
74.31658582929147,24371.050116179
74.32658132906646,24384.16428033005
74.33657682884144,24397.283736359233
74.34657232861643,24410.408485689968
74.35656782839142,24423.53852974585
74.36656332816641,24436.673869950668
74.3765588279414,24449.81450772841
74.38655432771638,24462.960444503242
74.39654982749137,24476.111681699538
74.40654532726636,24489.268220741844
74.41654082704135,24502.43006305492
74.42653632681633,24515.597210063694
74.43653182659133,24528.76966319332
74.44652732636632,24541.947423869085
74.45652282614131,24555.130493516517
74.4665183259163,24568.318873561326
74.47651382569128,24581.5125654294
74.48650932546627,24594.711570546835
74.49650482524126,24607.915890339904
74.50650032501625,24621.12552623508
74.51649582479124,24634.340479659026
74.52649132456622,24647.560752038593
74.53648682434121,24660.78634480083
74.5464823241162,24674.017259372966
74.5564778238912,24687.253497182453
74.56647332366619,24700.495059656874
74.57646882344118,24713.741948224048
74.58646432321616,24726.99416431199
74.59645982299115,24740.251709348882
74.60645532276614,24753.514584763114
74.61645082254113,24766.782791983263
74.62644632231611,24780.056332438093
74.6364418220911,24793.335207556567
74.64643732186609,24806.61941876783
74.65643282164108,24819.908967501226
74.66642832141606,24833.20385518629
74.67642382119105,24846.504083252745
74.68641932096605,24859.809653130524
74.69641482074104,24873.120566249698
74.70641032051603,24886.436824040582
74.71640582029102,24899.758427933673
74.726401320066,24913.085379359643
74.73639681984099,24926.417679749375
74.74639231961598,24939.755330533924
74.75638781939097,24953.09833314455
74.76638331916595,24966.4466890127
74.77637881894094,24979.800399570013
74.78637431871593,24993.15946624832
74.79636981849092,25006.523890479635
74.80636531826592,25019.8936736962
74.8163608180409,25033.268817330376
74.8263563178159,25046.649322814774
74.83635181759088,25060.03519158219
74.84634731736587,25073.42642506559
74.85634281714086,25086.82302469816
74.86633831691584,25100.224991913245
74.87633381669083,25113.63232814441
74.88632931646582,25127.045034825387
74.8963248162408,25140.463113390124
74.9063203160158,25153.88656527274
74.91631581579078,25167.315391907552
74.92631131556578,25180.7495947291
74.93630681534077,25194.18917517203
74.94630231511576,25207.634134671265
74.95629781489075,25221.084474661886
74.96629331466573,25234.54019657917
74.97628881444072,25248.00130185858
74.98628431421571,25261.46779193578
74.9962798139907,25274.93966824661
75.00627531376568,25288.41693222712
75.01627081354067,25301.89958531354
75.02626631331566,25315.387628942288
75.03626181309065,25328.881064549983
75.04625731286563,25342.379893573434
75.05625281264064,25355.884117449656
75.06624831241562,25369.3937376158
75.07624381219061,25382.90875550927
75.0862393119656,25396.42917256763
75.09623481174059,25409.95499022865
75.10623031151557,25423.486209930277
75.11622581129056,25437.02283311067
75.12622131106555,25450.564861208157
75.13621681084054,25464.11229566127
75.14621231061552,25477.66513790873
75.15620781039051,25491.22338938945
75.1662033101655,25504.78705154253
75.1761988099405,25518.356125807288
75.18619430971549,25531.930613623168
75.19618980949048,25545.510516429873
75.20618530926546,25559.09583566726
75.21618080904045,25572.686572775405
75.22617630881544,25586.282729194547
75.23617180859043,25599.88430636514
75.24616730836541,25613.49130572781
75.2561628081404,25627.103728723385
75.26615830791539,25640.721576792886
75.27615380769038,25654.34485137752
75.28614930746537,25667.973553918684
75.29614480724037,25681.607685857995
75.30614030701535,25695.24724863719
75.31613580679034,25708.892243698272
75.32613130656533,25722.542672483403
75.33612680634032,25736.19853643494
75.3461223061153,25749.859836995427
75.35611780589029,25763.52657560761
75.36611330566528,25777.19875371442
75.37610880544027,25790.87637275898
75.38610430521526,25804.559434184604
75.39609980499024,25818.247939434797
75.40609530476523,25831.941889953254
75.41609080454023,25845.641287183887
75.42608630431522,25859.34613257074
75.43608180409021,25873.056427558095
75.4460773038652,25886.77217359042
75.45607280364018,25900.49337211237
75.46606830341517,25914.220024568793
75.47606380319016,25927.952132404716
75.48605930296515,25941.68969706538
75.49605480274013,25955.432719996195
75.50605030251512,25969.181202642776
75.51604580229011,25982.93514645093
75.5260413020651,25996.694552866644
75.53603680184008,26010.45942333611
75.54603230161509,26024.229759305716
75.55602780139007,26038.005562222
75.56602330116506,26051.786833531736
75.57601880094005,26065.573574681875
75.58601430071504,26079.365787119565
75.59600980049002,26093.163472292137
75.60600530026501,26106.966631647112
75.61600080004,26120.775266632212
75.62599629981499,26134.589378695346
75.63599179958997,26148.408969284606
75.64598729936496,26162.234039848292
75.65598279913995,26176.064591834882
75.66597829891495,26189.90062669307
75.67597379868994,26203.74214587168
75.68596929846493,26217.589150819796
75.69596479823991,26231.441642986658
75.7059602980149,26245.29962382171
75.71595579778989,26259.163094774576
75.72595129756488,26273.032057295084
75.73594679733986,26286.906512833248
75.74594229711485,26300.786462839274
75.75593779688984,26314.671908763554
75.76593329666483,26328.562852056682
75.77592879643981,26342.459294169428
75.78592429621482,26356.36123655279
75.7959197959898,26370.268680657893
75.80591529576479,26384.1816279361
75.81591079553978,26398.100079838965
75.82590629531477,26412.02403781822
75.83590179508975,26425.953503325796
75.84589729486474,26439.88847781381
75.85589279463973,26453.828962734573
75.86588829441472,26467.774959540584
75.8758837941897,26481.72646968454
75.88587929396469,26495.68349461933
75.89587479373968,26509.646035798018
75.90587029351467,26523.614094673885
75.91586579328967,26537.587672700403
75.92586129306466,26551.56677133118
75.93585679283964,26565.551392020086
75.94585229261463,26579.541536221146
75.95584779238962,26593.53720538859
75.9658432921646,26607.53840097683
75.9758387919396,26621.545124440476
75.98583429171458,26635.55737723433
75.99582979148957,26649.57516081338
76.00582529126456,26663.5984766328
76.01582079103954,26677.627326147973
76.02581629081453,26691.66171081446
76.03581179058953,26705.70163208804
76.04580729036452,26719.747091424615
76.05580279013951,26733.798090280347
76.0657982899145,26747.854630111564
76.07579378968948,26761.91671237479
76.08578928946447,26775.98433852674
76.09578478923946,26790.05751002431
76.10578028901445,26804.136228324605
76.11577578878943,26818.220494884907
76.12577128856442,26832.3103111627
76.13576678833941,26846.405678615643
76.1457622881144,26860.506598701613
76.1557577878894,26874.613072878667
76.16575328766439,26888.725102605018
76.17574878743937,26902.84268933912
76.18574428721436,26916.965834539602
76.19573978698935,26931.09453966528
76.20573528676434,26945.22880617516
76.21573078653932,26959.368635528455
76.22572628631431,26973.514029184553
76.2357217860893,26987.664988603028
76.24571728586429,27001.821515243664
76.25571278563928,27015.98361056643
76.26570828541426,27030.15127603148
76.27570378518926,27044.32451309918
76.28569928496425,27058.50332323004
76.29569478473924,27072.687707884812
76.30569028451423,27086.877668524416
76.31568578428922,27101.073206609966
76.3256812840642,27115.274323602775
76.33567678383919,27129.48102096433
76.34567228361418,27143.693300156334
76.35566778338917,27157.91116264066
76.36566328316415,27172.13460987938
76.37565878293914,27186.36364333476
76.38565428271413,27200.598264469256
76.39564978248912,27214.838474745517
76.40564528226412,27229.084275626392
76.4156407820391,27243.33566857488
76.42563628181409,27257.592655054217
76.43563178158908,27271.855236527816
76.44562728136407,27286.123414459285
76.45562278113906,27300.397190312407
76.46561828091404,27314.67656555118
76.47561378068903,27328.961541639783
76.48560928046402,27343.252120042573
76.495604780239,27357.54830222412
76.505600280014,27371.85008964918
76.51559577978898,27386.15748378269
76.52559127956398,27400.470486089802
76.53558677933897,27414.78909803581
76.54558227911396,27429.113321086243
76.55557777888895,27443.44315670682
76.56557327866393,27457.778606363434
76.57556877843892,27472.119671522185
76.58556427821391,27486.466353649346
76.5955597779889,27500.8186542114
76.60555527776388,27515.176574675006
76.61555077753887,27529.54011650703
76.62554627731386,27543.909281174514
76.63554177708885,27558.284070144702
76.64553727686385,27572.66448488505
76.65553277663884,27587.05052686313
76.66552827641382,27601.442197546785
76.67552377618881,27615.83949840402
76.6855192759638,27630.242430903025
76.69551477573879,27644.650996512202
76.70551027551377,27659.065196700125
76.71550577528876,27673.48503293556
76.72550127506375,27687.910506687484
76.73549677483874,27702.34161942504
76.74549227461372,27716.778372617573
76.75548777438871,27731.22076773463
76.7654832741637,27745.66880624593
76.7754787739387,27760.12248962142
76.78547427371369,27774.58181933116
76.79546977348868,27789.046796845487
76.80546527326366,27803.51742363489
76.81546077303865,27817.993701170057
76.82545627281364,27832.47563092186
76.83545177258863,27846.963214361374
76.84544727236361,27861.456452959854
76.8554427721386,27875.95534818875
76.86543827191359,27890.45990151971
76.87543377168858,27904.970114424563
76.88542927146356,27919.48598837534
76.89542477123857,27934.007524844277
76.90542027101355,27948.534725303736
76.91541577078854,27963.067591226347
76.92541127056353,27977.606124084898
76.93540677033852,27992.150325352366
76.9454022701135,28006.70019650193
76.95539776988849,28021.255739006952
76.96539326966348,28035.816954340993
76.97538876943847,28050.3838439778
76.98538426921345,28064.95640939131
76.99537976898844,28079.53465205566
77.00537526876343,28094.11857344517
77.01537076853843,28108.708175034368
77.02536626831342,28123.303458297927
77.0353617680884,28137.90442471076
77.0453572678634,28152.51107574796
77.05535276763838,28167.123412884794
77.06534826741337,28181.741437596753
77.07534376718836,28196.365151359478
77.08533926696335,28210.994555648835
77.09533476673833,28225.62965194087
77.10533026651332,28240.270441711815
77.11532576628831,28254.9169264381
77.1253212660633,28269.569107596348
77.1353167658383,28284.22698666338
77.14531226561328,28298.89056511617
77.15530776538827,28313.55984443192
77.16530326516326,28328.234826088024
77.17529876493825,28342.91551156206
77.18529426471324,28357.60190233178
77.19528976448822,28372.29399987516
77.20528526426321,28386.99180567035
77.2152807640382,28401.695321195682
77.22527626381319,28416.4045479297
77.23527176358817,28431.119487351116
77.24526726336316,28445.84014093886
77.25526276313815,28460.56651017203
77.26525826291315,28475.298596529952
77.27525376268814,28490.036401492074
77.28524926246313,28504.779926538096
77.29524476223811,28519.52917314789
77.3052402620131,28534.284142801527
77.31523576178809,28549.044836979258
77.32523126156308,28563.811257161535
77.33522676133806,28578.583404828994
77.34522226111305,28593.36128146247
77.35521776088804,28608.14488854297
77.36521326066303,28622.934227551723
77.37520876043801,28637.72929997013
77.38520426021302,28652.530107279803
77.395199759988,28667.336650962494
77.40519525976299,28682.1489325002
77.41519075953798,28696.96695337509
77.42518625931297,28711.79071506953
77.43518175908795,28726.620219066066
77.44517725886294,28741.455466847445
77.45517275863793,28756.296459896606
77.46516825841292,28771.14319969668
77.4751637581879,28785.99568773097
77.48515925796289,28800.853925483
77.49515475773788,28815.71791443647
77.50515025751288,28830.587656075295
77.51514575728787,28845.46315188351
77.52514125706286,28860.34440334541
77.53513675683784,28875.231411945482
77.54513225661283,28890.124179168357
77.55512775638782,28905.02270649891
77.5651232561628,28919.926995422167
77.5751187559378,28934.83704742336
77.58511425571278,28949.752863987924
77.59510975548777,28964.674446601468
77.60510525526276,28979.601796749794
77.61510075503774,28994.534915918914
77.62509625481275,29009.473805595026
77.63509175458773,29024.418467264473
77.64508725436272,29039.36890241385
77.65508275413771,29054.325112529925
77.6650782539127,29069.28709909965
77.67507375368768,29084.254863610164
77.68506925346267,29099.22840754882
77.69506475323766,29114.207732403138
77.70506025301265,29129.192839660842
77.71505575278763,29144.183730809844
77.72505125256262,29159.180407338245
77.73504675233761,29174.18287073435
77.7450422521126,29189.19112248663
77.7550377518876,29204.205164083793
77.76503325166259,29219.22499701467
77.77502875143757,29234.25062276834
77.78502425121256,29249.282042834056
77.79501975098755,29264.31925870126
77.80501525076254,29279.362271859587
77.81501075053752,29294.411083798866
77.82500625031251,29309.465696009105
77.8350017500875,29324.526109980532
77.84499724986249,29339.592327203536
77.85499274963747,29354.66434916871
77.86498824941246,29369.742177366836
77.87498374918746,29384.825813288913
77.88497924896245,29399.915258426066
77.89497474873744,29415.010514269674
77.90497024851243,29430.111582311285
77.91496574828741,29445.21846404264
77.9249612480624,29460.331160955666
77.93495674783739,29475.449674542495
77.94495224761238,29490.574006295443
77.95494774738737,29505.704157707
77.96494324716235,29520.840130269884
77.97493874693734,29535.981925476975
77.98493424671233,29551.12954482135
77.99492974648733,29566.282989796313
78.00492524626232,29581.44226189527
78.0149207460373,29596.60736261191
78.02491624581229,29611.778293440075
78.03491174558728,29626.955055873797
78.04490724536227,29642.137651407313
78.05490274513726,29657.32608153504
78.06489824491224,29672.520347751586
78.07489374468723,29687.720451551766
78.08488924446222,29702.92639443056
78.0948847442372,29718.138177883164
78.1048802440122,29733.355803404953
78.11487574378718,29748.57927249149
78.12487124356218,29763.808586638566
78.13486674333717,29779.043747342082
78.14486224311216,29794.28475609821
78.15485774288715,29809.53161440328
78.16485324266213,29824.784323753818
78.17484874243712,29840.04288564654
78.18484424221211,29855.30730157836
78.1948397419871,29870.577573046372
78.20483524176208,29885.853701547865
78.21483074153707,29901.135688580332
78.22482624131206,29916.423535641443
78.23482174108705,29931.71724422906
78.24481724086205,29947.016815841267
78.25481274063704,29962.322251976268
78.26480824041202,29977.63355413252
78.27480374018701,29992.950723808663
78.284799239962,30008.273762503508
78.29479473973699,30023.60267171608
78.30479023951197,30038.937452945574
78.31478573928696,30054.278107691403
78.32478123906195,30069.624637453144
78.33477673883694,30084.977043730578
78.34477223861192,30100.335328023673
78.35476773838691,30115.6994918326
78.36476323816191,30131.06953665773
78.3747587379369,30146.445463999567
78.38475423771189,30161.82727535886
78.39474973748688,30177.214972236554
78.40474523726186,30192.608556133753
78.41474073703685,30208.008028551783
78.42473623681184,30223.41339099213
78.43473173658683,30238.8246449565
78.44472723636181,30254.24179194678
78.4547227361368,30269.664833465034
78.46471823591179,30285.09377101354
78.47471373568678,30300.52860609476
78.48470923546178,30315.969340211355
78.49470473523677,30331.415974866133
78.50470023501175,30346.86851156215
78.51469573478674,30362.326951802617
78.52469123456173,30377.791297090975
78.53468673433672,30393.26154893081
78.5446822341117,30408.737708825935
78.55467773388669,30424.219778280338
78.56467323366168,30439.70775879819
78.57466873343667,30455.201651883886
78.58466423321165,30470.70145904197
78.59465973298664,30486.207181777216
78.60465523276163,30501.718821594553
78.61465073253663,30517.236379999158
78.62464623231162,30532.759858496316
78.6346417320866,30548.289258591558
78.6446372318616,30563.82458179061
78.65463273163658,30579.36582959938
78.66462823141157,30594.91300352395
78.67462373118656,30610.466105070616
78.68461923096154,30626.02513574586
78.69461473073653,30641.59009705635
78.70461023051152,30657.16099050894
78.71460573028651,30672.737817610694
78.7246012300615,30688.320579868854
78.7345967298365,30703.909278790878
78.74459222961148,30719.50391588435
78.75458772938647,30735.10449265711
78.76458322916146,30750.711010617164
78.77457872893645,30766.32347127272
78.78457422871143,30781.94187613217
78.79456972848642,30797.5662267041
78.80456522826141,30813.19652449728
78.8145607280364,30828.832771020676
78.82455622781139,30844.47496778346
78.83455172758637,30860.123116294973
78.84454722736136,30875.77721806476
78.85454272713636,30891.437274602566
78.86453822691135,30907.10328741829
78.87453372668634,30922.775258022048
78.88452922646132,30938.453187924166
78.89452472623631,30954.13707863513
78.9045202260113,30969.826931665637
78.91451572578629,30985.52274852657
78.92451122556128,31001.224530728996
78.93450672533626,31016.93227978418
78.94450222511125,31032.645997203585
78.95449772488624,31048.365684498847
78.96449322466123,31064.09134318181
78.97448872443621,31079.822974764513
78.98448422421122,31095.560580759186
78.9944797239862,31111.3041626782
79.00447522376119,31127.053722034187
79.01447072353618,31142.80926033994
79.02446622331117,31158.57077910844
79.03446172308615,31174.33827985287
79.04445722286114,31190.111764086603
79.05445272263613,31205.891233323193
79.06444822241112,31221.6766890764
79.0744437221861,31237.468132860173
79.08443922196109,31253.26556618863
79.09443472173608,31269.06899057611
79.10443022151108,31284.878407537155
79.11442572128607,31300.693818586416
79.12442122106106,31316.51522523884
79.13441672083604,31332.342629009498
79.14441222061103,31348.17603141368
79.15440772038602,31364.015433966866
79.164403220161,31379.86083818472
79.174398719936,31395.712245583098
79.18439421971098,31411.569657678054
79.19438971948597,31427.433075985824
79.20438521926096,31443.302502022845
79.21438071903594,31459.17793730574
79.22437621881095,31475.059383351338
79.23437171858593,31490.946841676614
79.24436721836092,31506.840313798773
79.25436271813591,31522.739801235224
79.2643582179109,31538.645305503534
79.27435371768588,31554.556828121476
79.28434921746087,31570.47437060702
79.29434471723586,31586.397934478315
79.30434021701085,31602.32752125371
79.31433571678583,31618.263132451742
79.32433121656082,31634.204769591135
79.33432671633581,31650.152434190823
79.34432221611081,31666.106127769926
79.3543177158858,31682.065851847718
79.36431321566079,31698.0316079437
79.37430871543577,31714.003397577566
79.38430421521076,31729.981222269198
79.39429971498575,31745.965083538656
79.40429521476074,31761.954982906205
79.41429071453572,31777.9509218923
79.42428621431071,31793.952902017583
79.4342817140857,31809.960924802886
79.44427721386069,31825.97499176923
79.45427271363567,31841.995104437847
79.46426821341066,31858.021264330135
79.47426371318566,31874.053472967717
79.48425921296065,31890.091731872344
79.49425471273564,31906.136042566017
79.50425021251063,31922.186406570912
79.51424571228561,31938.242825409405
79.5242412120606,31954.305300604035
79.53423671183559,31970.373833677564
79.54423221161058,31986.448426152936
79.55422771138556,32002.529079553267
79.56422321116055,32018.61579540189
79.57421871093554,32034.708575222317
79.58421421071053,32050.807420538258
79.59420971048553,32066.912332873628
79.60420521026052,32083.023313752477
79.6142007100355,32099.1403646991
79.62419620981049,32115.263487237968
79.63419170958548,32131.392682893744
79.64418720936047,32147.527953191293
79.65418270913545,32163.66929965565
79.66417820891044,32179.816723812055
79.67417370868543,32195.970227185935
79.68416920846042,32212.12981130292
79.6941647082354,32228.295477688804
79.70416020801039,32244.4672278696
79.7141557077854,32260.645063371525
79.72415120756038,32276.828985720917
79.73414670733537,32293.018996444378
79.74414220711036,32309.215097068678
79.75413770688534,32325.417289120767
79.76413320666033,32341.625574127804
79.77412870643532,32357.839953617135
79.78412420621031,32374.06042911629
79.7941197059853,32390.287002152985
79.80411520576028,32406.51967425515
79.81411070553527,32422.75844695089
79.82410620531026,32439.003321768505
79.83410170508525,32455.25430023648
79.84409720486025,32471.511383883528
79.85409270463524,32487.774574238476
79.86408820441022,32504.043872830403
79.87408370418521,32520.31928118858
79.8840792039602,32536.600800842447
79.89407470373519,32552.888433321637
79.90407020351017,32569.182180155996
79.91406570328516,32585.482042875537
79.92406120306015,32601.788023010475
79.93405670283514,32618.10012209122
79.94405220261012,32634.41834164836
79.95404770238511,32650.742683212684
79.96404320216011,32667.073148315198
79.9740387019351,32683.409738487033
79.98403420171009,32699.752455259557
79.99402970148508,32716.10130016434
80.00402520126006,32732.45627473312
80.01402070103505,32748.817380497836
80.02401620081004,32765.18461899061
80.03401170058503,32781.55799174377
80.04400720036001,32797.93750028982
80.054002700135,32814.32314616146
80.06399819990999,32830.71493089159
80.07399369968498,32847.1128560133
80.08398919945998,32863.51692305988
80.09398469923497,32879.927133564735
80.10398019900995,32896.34348906158
80.11397569878494,32912.76599108425
80.12397119855993,32929.19464116679
80.13396669833492,32945.629440843426
80.1439621981099,32962.07039164858
80.15395769788489,32978.51749511689
80.16395319765988,32994.97075278314
80.17394869743487,33011.43016618235
80.18394419720985,33027.89573684968
80.19393969698484,33044.36746632054
80.20393519675984,33060.84535613052
80.21393069653483,33077.329407815334
80.22392619630982,33093.81962291096
80.2339216960848,33110.31600295354
80.2439171958598,33126.81854947943
80.25391269563478,33143.32726402515
80.26390819540977,33159.84214812742
80.27390369518476,33176.36320332315
80.28389919495974,33192.890431149455
80.29389469473473,33209.42383314361
80.30389019450972,33225.96341084314
80.3138856942847,33242.50916578569
80.3238811940597,33259.06109950914
80.3338766938347,33275.61921355158
80.34387219360968,33292.18350945121
80.35386769338467,33308.7539887465
80.36386319315966,33325.33065297609
80.37385869293465,33341.91350367879
80.38385419270963,33358.50254239364
80.39384969248462,33375.097770659835
80.40384519225961,33391.69919001679
80.4138406920346,33408.30680200409
80.42383619180958,33424.92060816151
80.43383169158457,33441.54061002904
80.44382719135956,33458.16680914684
80.45382269113456,33474.799207055294
80.46381819090955,33491.43780529491
80.47381369068454,33508.08260540644
80.48380919045952,33524.73360893082
80.49380469023451,33541.390817409185
80.5038001900095,33558.05423238284
80.51379568978449,33574.72385539329
80.52379118955947,33591.399687982244
80.53378668933446,33608.08173169159
80.54378218910945,33624.769988063395
80.55377768888444,33641.464458639944
80.56377318865943,33658.1651449637
80.57376868843443,33674.87204857734
80.58376418820941,33691.58517102365
80.5937596879844,33708.304513845724
80.60375518775939,33725.03007858676
80.61375068753438,33741.76186679019
80.62374618730937,33758.49987999963
80.63374168708435,33775.244119758885
80.64373718685934,33791.994587611945
80.65373268663433,33808.751285103
80.66372818640932,33825.51421377642
80.6737236861843,33842.28337517678
80.68371918595929,33859.058770848846
80.69371468573428,33875.84040233756
80.70371018550928,33892.6282711881
80.71370568528427,33909.42237894574
80.72370118505926,33926.22272715604
80.73369668483424,33943.029317364715
80.74369218460923,33959.84215111768
80.75368768438422,33976.66122996103
80.7636831841592,33993.48655544106
80.7736786839342,34010.31812910424
80.78367418370918,34027.15595249726
80.79366968348417,34044.000027166985
80.80366518325916,34060.85035466047
80.81366068303414,34077.70693652496
80.82365618280915,34094.56977430792
80.83365168258413,34111.43886955694
80.84364718235912,34128.31422381986
80.85364268213411,34145.195838644715
80.8636381819091,34162.08371557968
80.87363368168408,34178.97785617318
80.88362918145907,34195.87826197378
80.89362468123406,34212.784934530275
80.90362018100905,34229.697875391634
80.91361568078403,34246.61708610701
80.92361118055902,34263.542568225785
80.93360668033401,34280.47432329747
80.94360218010901,34297.412352871856
80.953597679884,34314.35665849881
80.96359317965899,34331.30724172847
80.97358867943397,34348.264104111164
80.98358417920896,34365.227247197385
80.99357967898395,34382.19667253782
81.00357517875894,34399.17238168336
81.01357067853392,34416.1543761851
81.02356617830891,34433.14265759429
81.0335616780839,34450.13722746239
81.04355717785889,34467.13808734106
81.05355267763387,34484.145238782134
81.06354817740888,34501.15868333767
81.07354367718386,34518.17842255986
81.08353917695885,34535.20445800113
81.09353467673384,34552.2367912141
81.10353017650883,34569.27542375155
81.11352567628381,34586.32035716649
81.1235211760588,34603.37159301211
81.13351667583379,34620.42913284176
81.14351217560878,34637.49297820902
81.15350767538376,34654.56313066765
81.16350317515875,34671.63959177158
81.17349867493374,34688.72236307497
81.18349417470873,34705.811446132146
81.19348967448373,34722.90684249765
81.20348517425872,34740.00855372615
81.2134806740337,34757.11658137257
81.22347617380869,34774.23092699202
81.23347167358368,34791.35159213978
81.24346717335867,34808.47857837132
81.25346267313365,34825.61188724233
81.26345817290864,34842.751520308666
81.27345367268363,34859.897479126375
81.28344917245862,34877.04976525171
81.2934446722336,34894.2083802411
81.30344017200859,34911.37332565118
81.3134356717836,34928.54460303879
81.32343117155858,34945.72221396089
81.33342667133357,34962.906159974715
81.34342217110856,34980.09644263765
81.35341767088354,34997.293063507284
81.36341317065853,35014.496024141394
81.37340867043352,35031.70532609795
81.38340417020851,35048.920970935105
81.3933996699835,35066.14296021121
81.40339516975848,35083.371295484816
81.41339066953347,35100.60597831465
81.42338616930846,35117.84701025963
81.43338166908346,35135.09439287891
81.44337716885845,35152.34812773175
81.45337266863343,35169.60821637767
81.46336816840842,35186.87466037634
81.47336366818341,35204.14746128767
81.4833591679584,35221.42662067173
81.49335466773339,35238.71214008876
81.50335016750837,35256.004021099245
81.51334566728336,35273.30226526382
81.52334116705835,35290.60687414333
81.53333666683334,35307.9178492988
81.54333216660832,35325.235192291446
81.55332766638331,35342.55890468269
81.56332316615831,35359.88898803417
81.5733186659333,35377.22544390761
81.58331416570829,35394.56827386504
81.59330966548328,35411.91747946863
81.60330516525826,35429.273062280765
81.61330066503325,35446.63502386398
81.62329616480824,35464.003365781056
81.63329166458323,35481.37808959492
81.64328716435821,35498.75919686871
81.6532826641332,35516.146689165755
81.66327816390819,35533.54056804958
81.67327366368318,35550.940835083886
81.68326916345818,35568.34749183261
81.69326466323317,35585.76053985979
81.70326016300815,35603.17998072973
81.71325566278314,35620.60581600691
81.72325116255813,35638.038047256
81.73324666233312,35655.47667604185
81.7432421621081,35672.92170392952
81.75323766188309,35690.373132484245
81.76323316165808,35707.83096327146
81.77322866143307,35725.29519785679
81.78322416120805,35742.76583780605
81.79321966098304,35760.24288468524
81.80321516075804,35777.7263400606
81.81321066053303,35795.216205498466
81.82320616030802,35812.712482565425
81.833201660083,35830.21517282827
81.843197159858,35847.72427785396
81.85319265963298,35865.239799209645
81.86318815940797,35882.76173846268
81.87318365918296,35900.290097180594
81.88317915895794,35917.824876931125
81.89317465873293,35935.36607928218
81.90317015850792,35952.913705801904
81.9131656582829,35970.46775805856
81.92316115805791,35988.0282376207
81.9331566578329,36005.59514605694
81.94315215760788,36023.16848493621
81.95314765738287,36040.74825582754
81.96314315715786,36058.33446030022
81.97313865693285,36075.9270999237
81.98313415670783,36093.52617626761
81.99312965648282,36111.1316909018
82.00312515625781,36128.74364539629
82.0131206560328,36146.36204132129
82.02311615580778,36163.98688024723
82.03311165558277,36181.61816374469
82.04310715535776,36199.25589338448
82.05310265513276,36216.90007073759
82.06309815490775,36234.55069737516
82.07309365468274,36252.20777486858
82.08308915445772,36269.87130478939
82.09308465423271,36287.54128870937
82.1030801540077,36305.21772820044
82.11307565378269,36322.900624834736
82.12307115355767,36340.58998018457
82.13306665333266,36358.28579582248
82.14306215310765,36375.98807332116
82.15305765288264,36393.69681425351
82.16305315265762,36411.41202019262
82.17304865243263,36429.133692711795
82.18304415220761,36446.86183338444
82.1930396519826,36464.59644378428
82.20303515175759,36482.337525485134
82.21303065153258,36500.08508006107
82.22302615130756,36517.839109086315
82.23302165108255,36535.5996141353
82.24301715085754,36553.36659678265
82.25301265063253,36571.14005860318
82.26300815040752,36588.92000117188
82.2730036501825,36606.70642606395
82.28299914995749,36624.49933485479
82.29299464973249,36642.298729119975
82.30299014950748,36660.10461043525
82.31298564928247,36677.91698037658
82.32298114905745,36695.73584052013
82.33297664883244,36713.56119244224
82.34297214860743,36731.39303771944
82.35296764838242,36749.23137792847
82.3629631481574,36767.07621464623
82.37295864793239,36784.927549449836
82.38295414770738,36802.78538391659
82.39294964748237,36820.64971962398
82.40294514725736,36838.520558149685
82.41294064703236,36856.39790107162
82.42293614680734,36874.281749967784
82.43293164658233,36892.17210641647
82.44292714635732,36910.068971996116
82.45292264613231,36927.97234828537
82.4629181459073,36945.882236863064
82.47291364568228,36963.79863930822
82.48290914545727,36981.72155720005
82.49290464523226,36999.65099211796
82.50290014500725,37017.58694564154
82.51289564478223,37035.52941935059
82.52289114455722,37053.4784148251
82.53288664433221,37071.4339336452
82.54288214410721,37089.39597739133
82.5528776438822,37107.364547643956
82.56287314365719,37125.33964598386
82.57286864343217,37143.32127399198
82.58286414320716,37161.30943324945
82.59285964298215,37179.304125337585
82.60285514275714,37197.305351837895
82.61285064253212,37215.31311433208
82.62284614230711,37233.32741440203
82.6328416420821,37251.348253629854
82.64283714185709,37269.375633597796
82.65283264163207,37287.40955588835
82.66282814140708,37305.45002208419
82.67282364118206,37323.49703376811
82.68281914095705,37341.550592523185
82.69281464073204,37359.61069993265
82.70281014050703,37377.67735757994
82.71280564028201,37395.75056704865
82.722801140057,37413.830329922595
82.73279663983199,37431.91664778579
82.74279213960698,37450.009522222404
82.75278763938196,37468.10895481683
82.76278313915695,37486.21494715365
82.77277863893194,37504.327500817606
82.78277413870694,37522.4466173937
82.79276963848193,37540.57229846703
82.80276513825692,37558.70454562294
82.8127606380319,37576.84336044698
82.82275613780689,37594.98874452487
82.83275163758188,37613.14069944252
82.84274713735687,37631.299226786025
82.85274263713185,37649.4643281417
82.86273813690684,37667.63600509602
82.87273363668183,37685.81425923567
82.88272913645682,37703.99909214751
82.8927246362318,37722.19050541862
82.90272013600679,37740.38850063625
82.9127156357818,37758.59307938785
82.92271113555678,37776.804243261024
82.93270663533177,37795.02199384362
82.94270213510676,37813.24633272366
82.95269763488174,37831.477261489345
82.96269313465673,37849.71478172909
82.97268863443172,37867.95889503148
82.9826841342067,37886.2096029853
82.9926796339817,37904.46690717953
83.00267513375668,37922.730809203335
83.01267063353167,37941.00131064607
83.02266613330666,37959.27841309729
83.03266163308166,37977.562118146765
83.04265713285665,37995.852427384365
83.05265263263163,38014.149342400255
83.06264813240662,38032.45286478474
83.07264363218161,38050.76299612834
83.0826391319566,38069.079738021734
83.09263463173158,38087.40309205583
83.10263013150657,38105.733059821694
83.11262563128156,38124.06964291062
83.12262113105655,38142.412842914055
83.13261663083154,38160.76266142366
83.14261213060652,38179.11910003128
83.15260763038152,38197.48216032898
83.16260313015651,38215.851843908946
83.1725986299315,38234.22815236361
83.18259412970649,38252.61108728561
83.19258962948147,38271.00065026772
83.20258512925646,38289.39684290295
83.21258062903145,38307.799666784485
83.22257612880644,38326.20912350571
83.23257162858143,38344.62521466019
83.24256712835641,38363.04794184169
83.2525626281314,38381.47730664415
83.26255812790639,38399.91331066172
83.27255362768139,38418.355955488776
83.28254912745638,38436.805242719776
83.29254462723136,38455.26117394947
83.30254012700635,38473.72375077276
83.31253562678134,38492.19297478477
83.32253112655633,38510.66884758076
83.33252662633132,38529.15137075624
83.3425221261063,38547.64054590688
83.35251762588129,38566.136374628535
83.36251312565628,38584.63885851727
83.37250862543127,38603.14799916934
83.38250412520625,38621.66379818117
83.39249962498124,38640.18625714942
83.40249512475624,38658.71537767092
83.41249062453123,38677.25116134263
83.42248612430622,38695.79360976179
83.4324816240812,38714.3427245258
83.4424771238562,38732.89850723225
83.45247262363118,38751.46095947891
83.46246812340617,38770.03008286376
83.47246362318116,38788.60587898497
83.48245912295614,38807.18834944089
83.49245462273113,38825.77749583006
83.50245012250612,38844.37331975122
83.5124456222811,38862.9758228033
83.52244112205611,38881.58500658546
83.5324366218311,38900.20087269694
83.54243212160608,38918.82342273729
83.55242762138107,38937.45265830618
83.56242312115606,38956.08858100351
83.57241862093105,38974.73119242937
83.58241412070603,38993.380494184
83.59240962048102,39012.03648786789
83.60240512025601,39030.69917508167
83.612400620031,39049.36855742619
83.62239611980598,39068.0446365025
83.63239161958097,39086.7274139118
83.64238711935597,39105.41689125555
83.65238261913096,39124.1130701353
83.66237811890595,39142.815952152894
83.67237361868094,39161.5255389103
83.68236911845592,39180.241832009706
83.69236461823091,39198.964833053506
83.7023601180059,39217.69454364424
83.71235561778089,39236.43096538468
83.72235111755587,39255.17409987777
83.73234661733086,39273.92394872666
83.74234211710585,39292.680513534666
83.75233761688084,39311.44379590532
83.76233311665582,39330.21379744234
83.77232861643083,39348.99051974965
83.78232411620581,39367.7739644313
83.7923196159808,39386.5641330916
83.80231511575579,39405.361027335035
83.81231061553078,39424.16464876627
83.82230611530576,39442.97499899018
83.83230161508075,39461.792079611805
83.84229711485574,39480.615892236405
83.85229261463073,39499.44643846941
83.86228811440571,39518.28371991645
83.8722836141807,39537.127738183335
83.88227911395569,39555.978494876086
83.89227461373069,39574.835991600936
83.90227011350568,39593.70022996422
83.91226561328067,39612.571211572555
83.92226111305565,39631.44893803271
83.93225661283064,39650.33341095166
83.94225211260563,39669.22463193656
83.95224761238062,39688.12260259476
83.9622431121556,39707.02732453382
83.97223861193059,39725.93879936145
83.98223411170558,39744.85702868559
83.99222961148057,39763.782014114346
84.00222511125556,39782.71375725604
84.01222061103056,39801.65225971919
84.02221611080554,39820.59752311244
84.03221161058053,39839.54954904468
84.04220711035552,39858.50833912501
84.05220261013051,39877.473894962684
84.0621981099055,39896.446218167155
84.07219360968048,39915.42531034807
84.08218910945547,39934.41117311528
84.09218460923046,39953.40380807881
84.10218010900545,39972.40321684888
84.11217560878043,39991.409401035904
84.12217110855542,40010.42236225049
84.13216660833042,40029.44210210345
84.14216210810541,40048.46862220574
84.1521576078804,40067.501924168544
84.16215310765539,40086.542009603254
84.17214860743037,40105.58888012142
84.18214410720536,40124.64253733479
84.19213960698035,40143.70298285532
84.20213510675534,40162.77021829514
84.21213060653032,40181.844245266584
84.22212610630531,40200.925065382165
84.2321216060803,40220.01268025459
84.24211710585529,40239.10709149677
84.25211260563027,40258.2083007218
84.26210810540528,40277.31630954299
84.27210360518026,40296.431119573754
84.28209910495525,40315.552732427794
84.29209460473024,40334.68114971896
84.30209010450523,40353.81637306132
84.31208560428021,40372.958404069104
84.3220811040552,40392.10724435675
84.33207660383019,40411.26289553887
84.34207210360518,40430.42535923031
84.35206760338016,40449.59463704604
84.36206310315515,40468.770730601274
84.37205860293014,40487.95364151142
84.38205410270514,40507.14337139206
84.39204960248013,40526.33992185893
84.40204510225512,40545.54329452802
84.4120406020301,40564.75349101547
84.42203610180509,40583.97051293765
84.43203160158008,40603.19436191109
84.44202710135507,40622.425039552516
84.45202260113005,40641.66254747885
84.46201810090504,40660.90688730722
84.47201360068003,40680.15806065491
84.48200910045502,40699.41606913942
84.49200460023,40718.68091437845
84.502000100005,40737.95259798989
84.51199559978,40757.231121591765
84.52199109955498,40776.516486802364
84.53198659932997,40795.808695240135
84.54198209910496,40815.10774852372
84.55197759887994,40834.41364827197
84.56197309865493,40853.72639610389
84.57196859842992,40873.04599363872
84.5819640982049,40892.372442495864
84.5919595979799,40911.70574429491
84.60195509775488,40931.04590065566
84.61195059752987,40950.392913198106
84.62194609730486,40969.74678354241
84.63194159707986,40989.107513308976
84.64193709685485,41008.475104118304
84.65193259662983,41027.849557591166
84.66192809640482,41047.23087534851
84.67192359617981,41066.61905901148
84.6819190959548,41086.014110201366
84.69191459572978,41105.416030539716
84.70191009550477,41124.82482164823
84.71190559527976,41144.240485148795
84.72190109505475,41163.66302266351
84.73189659482973,41183.09243581465
84.74189209460472,41202.52872622469
84.75188759437972,41221.971895516326
84.76188309415471,41241.42194531235
84.7718785939297,41260.878877235846
84.78187409370469,41280.342692910046
84.79186959347967,41299.81339395838
84.80186509325466,41319.290982004466
84.81186059302965,41338.77545867213
84.82185609280464,41358.26682558536
84.83185159257962,41377.765084368344
84.84184709235461,41397.2702366455
84.8518425921296,41416.78228404137
84.86183809190459,41436.30122818075
84.87183359167959,41455.82707068862
84.88182909145458,41475.35981319007
84.89182459122956,41494.89945731049
84.90182009100455,41514.44600467538
84.91181559077954,41533.99945691051
84.92181109055453,41553.55981564176
84.93180659032951,41573.127082495266
84.9418020901045,41592.70125909732
84.95179758987949,41612.2823470744
84.96179308965448,41631.870348053206
84.97178858942947,41651.46526366061
84.98178408920445,41671.06709552368
84.99177958897945,41690.675845269696
85.00177508875444,41710.291514526056
85.01177058852943,41729.91410492042
85.02176608830442,41749.543618080635
85.0317615880794,41769.1800556347
85.04175708785439,41788.82341921086
85.05175258762938,41808.4737104375
85.06174808740437,41828.13093094322
85.07174358717936,41847.795082356824
85.08173908695434,41867.46616630728
85.09173458672933,41887.14418442375
85.10173008650432,41906.829138335605
85.1117255862793,41926.52102967241
85.12172108605431,41946.21986006394
85.1317165858293,41965.92563114005
85.14171208560428,41985.638344530926
85.15170758537927,42005.35800186687
85.16170308515426,42025.08460477841
85.17169858492925,42044.81815489623
85.18169408470423,42064.55865385124
85.19168958447922,42084.306103274525
85.20168508425421,42104.060504797344
85.2116805840292,42123.82186005118
85.22167608380418,42143.5901706677
85.23167158357917,42163.36543827874
85.24166708335417,42183.14766451639
85.25166258312916,42202.936851012804
85.26165808290415,42222.732999400454
85.27165358267914,42242.53611131195
85.28164908245412,42262.3461883801
85.29164458222911,42282.16323223791
85.3016400820041,42301.98724451856
85.31163558177909,42321.818226855445
85.32163108155407,42341.656180882135
85.33162658132906,42361.50110823239
85.34162208110405,42381.35301054017
85.35161758087904,42401.21188943963
85.36161308065404,42421.07774656513
85.37160858042903,42440.95058355115
85.38160408020401,42460.83040203244
85.391599579979,42480.717203643915
85.40159507975399,42500.610990020665
85.41159057952898,42520.511762798014
85.42158607930396,42540.419523611425
85.43158157907895,42560.334274096596
85.44157707885394,42580.25601588938
85.45157257862893,42600.184750625864
85.46156807840391,42620.12047994228
85.4715635781789,42640.06320547508
85.48155907795389,42660.01292886091
85.49155457772889,42679.9696517366
85.50155007750388,42699.93337573915
85.51154557727887,42719.904102505774
85.52154107705385,42739.88183367388
85.53153657682884,42759.866570881066
85.54153207660383,42779.85831576511
85.55152757637882,42799.85706996399
85.5615230761538,42819.86283511588
85.57151857592879,42839.875612859134
85.58151407570378,42859.8954048323
85.59150957547877,42879.92221267413
85.60150507525375,42899.95603802355
85.61150057502876,42919.99688251972
85.62149607480374,42940.04474780189
85.63149157457873,42960.0996355096
85.64148707435372,42980.16154728255
85.6514825741287,43000.230484760636
85.6614780739037,43020.306449583935
85.67147357367868,43040.38944339271
85.68146907345367,43060.47946782744
85.69146457322866,43080.576524528784
85.70146007300364,43100.680615137586
85.71145557277863,43120.791741294874
85.72145107255362,43140.909904641885
85.73144657232862,43161.035106820076
85.74144207210361,43181.167349471
85.7514375718786,43201.306634236484
85.76143307165358,43221.45296275853
85.77142857142857,43241.606336679324
85.78142407120356,43261.76675764125
85.79141957097855,43281.93422728687
85.80141507075354,43302.10874725894
85.81141057052852,43322.29031920044
85.82140607030351,43342.47894475449
85.8314015700785,43362.674625564425
85.84139706985349,43382.87736327379
85.85139256962849,43403.087159526316
85.86138806940347,43423.30401596586
85.87138356917846,43443.52793423657
85.88137906895345,43463.75891598271
85.89137456872844,43483.99696284878
85.90137006850343,43504.24207647946
85.91136556827841,43524.49425851961
85.9213610680534,43544.75351061429
85.93135656782839,43565.01983440875
85.94135206760338,43585.29323154843
85.95134756737836,43605.573703678965
85.96134306715335,43625.86125244618
85.97133856692834,43646.15587949608
85.98133406670334,43666.45758647492
85.99132956647833,43686.76637502903
86.00132506625332,43707.082246805025
86.0113205660283,43727.4052034497
86.02131606580329,43747.735246610006
86.03131156557828,43768.07237793313
86.04130706535327,43788.41659906642
86.05130256512825,43808.767911657415
86.06129806490324,43829.12631735386
86.07129356467823,43849.49181780368
86.08128906445322,43869.86441465501
86.0912845642282,43890.244109556144
86.1012800640032,43910.63090415562
86.1112755637782,43931.02480010209
86.12127106355318,43951.425799044446
86.13126656332817,43971.83390263179
86.14126206310316,43992.24911251338
86.15125756287814,44012.67143033867
86.16125306265313,44033.10085775732
86.17124856242812,44053.53739641918
86.1812440622031,44073.98104797428
86.1912395619781,44094.43181407284
86.20123506175308,44114.88969636529
86.21123056152807,44135.354696502225
86.22122606130307,44155.82681613449
86.23122156107806,44176.30605691301
86.24121706085305,44196.792420489
86.25121256062803,44217.28590851383
86.26120806040302,44237.786522639086
86.27120356017801,44258.2942645165
86.281199059953,44278.80913579803
86.29119455972798,44299.33113813583
86.30119005950297,44319.86027318222
86.31118555927796,44340.39654258972
86.32118105905295,44360.93994801105
86.33117655882793,44381.490491099124
86.34117205860292,44402.04817350703
86.35116755837792,44422.61299688809
86.36116305815291,44443.18496289572
86.3711585579279,44463.76407318363
86.38115405770289,44484.35032940568
86.39114955747787,44504.94373321593
86.40114505725286,44525.54428626861
86.41114055702785,44546.151990218175
86.42113605680284,44566.76684671925
86.43113155657782,44587.38885742665
86.44112705635281,44608.01802399539
86.4511225561278,44628.65434808067
86.46111805590279,44649.2978313379
86.47111355567779,44669.948475422665
86.48110905545278,44690.60628199072
86.49110455522776,44711.27125269804
86.50110005500275,44731.94338920078
86.51109555477774,44752.62269315531
86.52109105455273,44773.30916621817
86.53108655432771,44794.002810046084
86.5410820541027,44814.703626295995
86.55107755387769,44835.411616625
86.56107305365268,44856.126782690415
86.57106855342766,44876.84912614975
86.58106405320265,44897.57864866068
86.59105955297765,44918.31535188113
86.60105505275264,44939.05923746912
86.61105055252763,44959.81030708293
86.62104605230262,44980.56856238102
86.6310415520776,45001.33400502205
86.64103705185259,45022.10663666486
86.65103255162758,45042.88645896846
86.66102805140257,45063.6734735921
86.67102355117756,45084.46768219517
86.68101905095254,45105.26908643729
86.69101455072753,45126.07768797826
86.70101005050252,45146.89348847806
86.71100555027752,45167.71648959691
86.72100105005251,45188.54669299511
86.7309965498275,45209.38410033325
86.74099204960248,45230.228713272096
86.75098754937747,45251.08053347258
86.76098304915246,45271.93956259586
86.77097854892745,45292.80580230324
86.78097404870243,45313.67925425626
86.79096954847742,45334.559920116626
86.80096504825241,45355.44780154623
86.8109605480274,45376.34290020717
86.82095604780238,45397.245217761745
86.83095154757737,45418.15475587242
86.84094704735237,45439.07151620189
86.85094254712736,45459.99550041295
86.86093804690235,45480.92671016871
86.87093354667734,45501.86514713238
86.88092904645232,45522.81081296741
86.89092454622731,45543.76370933742
86.9009200460023,45564.723837906226
86.91091554577729,45585.69120033784
86.92091104555227,45606.66579829646
86.93090654532726,45627.64763344648
86.94090204510225,45648.63670745248
86.95089754487724,45669.63302197923
86.96089304465224,45690.63657869172
86.97088854442723,45711.64737925507
86.98088404420221,45732.66542533463
86.9908795439772,45753.69071859596
87.00087504375219,45774.72326070478
87.01087054352718,45795.763053327006
87.02086604330216,45816.810098128764
87.03086154307715,45837.864396776364
87.04085704285214,45858.925950936275
87.05085254262713,45879.99476227522
87.06084804240211,45901.07083246006
87.0708435421771,45922.15416315786
87.0808390419521,45943.244756035914
87.09083454172709,45964.34261276163
87.10083004150208,45985.44773500267
87.11082554127707,46006.56012442688
87.12082104105205,46027.67978270227
87.13081654082704,46048.80671149707
87.14081204060203,46069.940912479695
87.15080754037702,46091.08238731874
87.160803040152,46112.231137683004
87.17079853992699,46133.38716524146
87.18079403970198,46154.55047166331
87.19078953947697,46175.721058617884
87.20078503925197,46196.8989277748
87.21078053902696,46218.08408080373
87.22077603880194,46239.27651937467
87.23077153857693,46260.476245157726
87.24076703835192,46281.68325982324
87.2507625381269,46302.89756504172
87.2607580379019,46324.119162483876
87.27075353767688,46345.348053820606
87.28074903745187,46366.584240723
87.29074453722686,46387.827724862334
87.30074003700184,46409.0785079101
87.31073553677683,46430.33659153794
87.32073103655182,46451.60197741772
87.33072653632682,46472.87466722151
87.34072203610181,46494.154662621506
87.3507175358768,46515.441965290156
87.36071303565178,46536.73657690008
87.37070853542677,46558.03849912409
87.38070403520176,46579.3477336352
87.39069953497675,46600.66428210659
87.40069503475173,46621.98814621167
87.41069053452672,46643.319327624
87.42068603430171,46664.65782801735
87.4306815340767,46686.00364906568
87.44067703385168,46707.356792443155
87.45067253362669,46728.717259824145
87.46066803340167,46750.08505288312
87.47066353317666,46771.46017329484
87.48065903295165,46792.84262273422
87.49065453272664,46814.23240287638
87.50065003250162,46835.62951539661
87.51064553227661,46857.03396197042
87.5206410320516,46878.44574427346
87.53063653182659,46899.86486398164
87.54063203160158,46921.291322771
87.55062753137656,46942.725122317825
87.56062303115155,46964.16626429854
87.57061853092655,46985.61475038983
87.58061403070154,47007.07058226846
87.59060953047653,47028.5337616115
87.60060503025151,47050.00429009614
87.6106005300265,47071.48216939981
87.62059602980149,47092.96740120009
87.63059152957648,47114.45998717478
87.64058702935147,47135.95992900186
87.65058252912645,47157.4672283595
87.66057802890144,47178.981886926056
87.67057352867643,47200.5039063801
87.68056902845142,47222.033288400366
87.6905645282264,47243.5700346658
87.7005600280014,47265.11414685555
87.71055552777639,47286.665626648886
87.72055102755138,47308.22447572535
87.73054652732637,47329.790695764634
87.74054202710136,47351.36428844665
87.75053752687634,47372.94525545148
87.76053302665133,47394.53359845939
87.77052852642632,47416.12931915087
87.7805240262013,47437.73241920655
87.7905195259763,47459.34290030731
87.80051502575128,47480.96076413418
87.81051052552627,47502.586012368396
87.82050602530127,47524.21864669142
87.83050152507626,47545.85866878481
87.84049702485125,47567.50608033039
87.85049252462623,47589.16088301018
87.86048802440122,47610.823078506364
87.87048352417621,47632.49266850132
87.8804790239512,47654.16965467763
87.89047452372618,47675.85403871805
87.90047002350117,47697.54582230555
87.91046552327616,47719.245007123274
87.92046102305115,47740.95159485455
87.93045652282613,47762.66558718294
87.94045202260114,47784.38698579217
87.95044752237612,47806.1157923661
87.96044302215111,47827.852008588874
87.9704385219261,47849.59563614478
87.98043402170109,47871.34667671831
87.99042952147607,47893.10513199415
88.00042502125106,47914.871003657165
88.01042052102605,47936.644293392426
88.02041602080104,47958.42500288517
88.03041152057602,47980.21313382086
88.04040702035101,48002.00868788512
88.050402520126,48023.811666763795
88.060398019901,48045.62207214292
88.07039351967599,48067.43990570865
88.08038901945098,48089.265169147424
88.09038451922596,48111.09786414583
88.10038001900095,48132.93799239065
88.11037551877594,48154.78555556888
88.12037101855093,48176.64055536767
88.13036651832591,48198.50299347438
88.1403620181009,48220.37287157657
88.15035751787589,48242.25019136198
88.16035301765088,48264.13495451854
88.17034851742586,48286.027162734375
88.18034401720085,48307.92681769781
88.19033951697585,48329.83392109737
88.20033501675084,48351.748474621716
88.21033051652583,48373.67047995975
88.22032601630082,48395.599938800566
88.2303215160758,48417.53685283342
88.24031701585079,48439.48122374781
88.25031251562578,48461.433053233355
88.26030801540077,48483.39234297993
88.27030351517575,48505.359094677566
88.28029901495074,48527.3333100165
88.29029451472573,48549.31499068713
88.30029001450072,48571.3041383801
88.31028551427572,48593.30075478623
88.3202810140507,48615.304841596466
88.3302765138257,48637.316400502015
88.34027201360068,48659.33543319426
88.35026751337567,48681.361941364776
88.36026301315066,48703.39592670532
88.37025851292564,48725.43739090785
88.38025401270063,48747.4863356645
88.39024951247562,48769.542762667625
88.40024501225061,48791.60667360974
88.4102405120256,48813.678070183574
88.42023601180058,48835.756954082026
88.43023151157558,48857.843326998234
88.44022701135057,48879.93719062543
88.45022251112556,48902.03854665713
88.46021801090055,48924.14739678701
88.47021351067553,48946.26374270894
88.48020901045052,48968.38758611697
88.49020451022551,48990.518928705365
88.5002000100005,49012.65777216856
88.51019550977549,49034.80411820119
88.52019100955047,49056.95796849807
88.53018650932546,49079.119324754225
88.54018200910045,49101.28818866487
88.55017750887544,49123.46456192538
88.56017300865044,49145.648446231404
88.57016850842543,49167.83984327865
88.58016400820041,49190.03875476312
88.5901595079754,49212.245182380975
88.60015500775039,49234.45912782858
88.61015050752538,49256.68059280248
88.62014600730036,49278.90957899942
88.63014150707535,49301.14608811631
88.64013700685034,49323.39012185029
88.65013250662533,49345.64168189866
88.66012800640031,49367.90076995895
88.6701235061753,49390.16738772883
88.6801190059503,49412.44153690622
88.69011450572529,49434.72321918915
88.70011000550028,49457.012436275916
88.71010550527527,49479.30918986498
88.72010100505025,49501.61348165499
88.73009650482524,49523.925313344786
88.74009200460023,49546.24468663342
88.75008750437522,49568.57160322011
88.7600830041502,49590.90606480427
88.77007850392519,49613.24807308552
88.78007400370018,49635.59762976365
88.79006950347517,49657.95473653866
88.80006500325017,49680.31939511077
88.81006050302516,49702.69160718028
88.82005600280014,49725.0713744478
88.83005150257513,49747.458698614086
88.84004700235012,49769.853581380085
88.8500425021251,49792.256024446935
88.8600380019001,49814.66602951598
88.87003350167508,49837.08359828873
88.88002900145007,49859.508732466915
88.89002450122506,49881.94143375243
88.90002000100004,49904.38170384737
88.91001550077503,49926.82954445405
88.92001100055003,49949.284957274955
88.93000650032502,49971.7479440127
88.94000200010001,49994.21850637019
88.949997499875,50016.69664605048
88.95999299964998,50039.18236475681
88.96998849942497,50061.67566419261
88.97998399919996,50084.17654606153
88.98997949897495,50106.68501206738
88.99997499874993,50129.201063914166
89.00997049852492,50151.72470330611
89.01996599829991,50174.25593194758
89.0299614980749,50196.79475154319
89.03995699784988,50219.341163797704
89.04995249762489,50241.89517041612
89.05994799739987,50264.45677310356
89.06994349717486,50287.02597356537
89.07993899694985,50309.60277350712
89.08993449672484,50332.187174634535
89.09992999649982,50354.779178653545
89.10992549627481,50377.37878727027
89.1199209960498,50399.986002191006
89.12991649582479,50422.600825122274
89.13991199559977,50445.223257770755
89.14990749537476,50467.85330184334
89.15990299514975,50490.490959047085
89.16989849492475,50513.1362310893
89.17989399469974,50535.789119677385
89.18988949447473,50558.44962651902
89.19988499424971,50581.11775332203
89.2098804940247,50603.79350179447
89.21987599379969,50626.47687364455
89.22987149357468,50649.16787058068
89.23986699334966,50671.86649431148
89.24986249312465,50694.57274654573
89.25985799289964,50717.286628992435
89.26985349267463,50740.00814336077
89.27984899244962,50762.7372913601
89.28984449222462,50785.474074700025
89.2998399919996,50808.218495090245
89.30983549177459,50830.970554240725
89.31983099154958,50853.73025386161
89.32982649132457,50876.49759566323
89.33982199109956,50899.2725813561
89.34981749087454,50922.05521265093
89.35981299064953,50944.845491258624
89.36980849042452,50967.64341889028
89.3798039901995,50990.44899725718
89.3897994899745,51013.26222807081
89.39979498974948,51036.08311304283
89.40979048952447,51058.9116538851
89.41978598929947,51081.747852309716
89.42978148907446,51104.591710028835
89.43977698884945,51127.44322875494
89.44977248862443,51150.30241020065
89.45976798839942,51173.16925607879
89.46976348817441,51196.043768102354
89.4797589879494,51218.925947984564
89.48975448772438,51241.81579743879
89.49974998749937,51264.71331817862
89.50974548727436,51287.61851191783
89.51974098704935,51310.5313803704
89.52973648682433,51333.45192525046
89.53973198659934,51356.38014827241
89.54972748637432,51379.316051150716
89.55972298614931,51402.25963560015
89.5697184859243,51425.210903335625
89.57971398569929,51448.169856072265
89.58970948547427,51471.13649552537
89.59970498524926,51494.11082341043
89.60970048502425,51517.09284144315
89.61969598479924,51540.082551339394
89.62969148457422,51563.07995481524
89.63968698434921,51586.085053586954
89.6496824841242,51609.097849370984
89.6596779838992,51632.11834388401
89.66967348367419,51655.1465388428
89.67966898344918,51678.182435964416
89.68966448322416,51701.22603696609
89.69965998299915,51724.277343565205
89.70965548277414,51747.3363574794
89.71965098254913,51770.40308042643
89.72964648232411,51793.477514124315
89.7396419820991,51816.559660291205
89.74963748187409,51839.649520645486
89.75963298164908,51862.74709690571
89.76962848142406,51885.85239079063
89.77962398119907,51908.96540401921
89.78961948097405,51932.08613831054
89.79961498074904,51955.21459538396
89.80961048052403,51978.35077695899
89.81960598029902,52001.49468475534
89.829601480074,52024.6463204929
89.83959697984899,52047.805685891784
89.84959247962398,52070.97278267225
89.85958797939897,52094.14761255479
89.86958347917395,52117.33017726005
89.87957897894894,52140.5204785089
89.88957447872393,52163.71851802239
89.89956997849892,52186.92429752174
89.90956547827392,52210.137818728435
89.9195609780489,52233.35908336403
89.9295564778239,52256.58809315034
89.93955197759888,52279.82484980941
89.94954747737387,52303.06935506342
89.95954297714886,52326.32161063475
89.96953847692384,52349.581618246
89.97953397669883,52372.8493796199
89.98952947647382,52396.124896479465
89.99952497624881,52419.40817054781
90.0095204760238,52442.6992035483
90.01951597579878,52465.997997204446
90.02951147557378,52489.304553240036
90.03950697534877,52512.61887337891
90.04950247512376,52535.9409593452
90.05949797489875,52559.27081286324
90.06949347467373,52582.608435657494
90.07948897444872,52605.95382945265
90.08948447422371,52629.306995973595
90.0994799739987,52652.66793694539
90.10947547377368,52676.036654093296
90.11947097354867,52699.41314914276
90.12946647332366,52722.79742381942
90.13946197309865,52746.18947984913
90.14945747287365,52769.589318957915
90.15945297264864,52792.99694287195
90.16944847242362,52816.41235331765
90.17944397219861,52839.83555202165
90.1894394719736,52863.26654071071
90.19943497174859,52886.705321111825
90.20943047152358,52910.151894952156
90.21942597129856,52933.60626395908
90.22942147107355,52957.068429860155
90.23941697084854,52980.53839438311
90.24941247062353,53004.0161592559
90.25940797039851,53027.50172620665
90.2694034701735,53050.99509696366
90.2793989699485,53074.496273255514
90.28939446972349,53098.00525681083
90.29938996949848,53121.52204935854
90.30938546927347,53145.04665262772
90.31938096904845,53168.579068347666
90.32937646882344,53192.11929824783
90.33937196859843,53215.66734405789
90.34936746837342,53239.22320750768
90.3593629681484,53262.78689032727
90.36935846792339,53286.35839424687
90.37935396769838,53309.93772099691
90.38934946747337,53333.524872308015
90.39934496724837,53357.11984991103
90.40934046702336,53380.72265553689
90.41933596679834,53404.333290916824
90.42933146657333,53427.9517577822
90.43932696634832,53451.5780578646
90.4493224661233,53475.21219289579
90.4593179658983,53498.854164607736
90.46931346567328,53522.503974732586
90.47930896544827,53546.161625002664
90.48930446522326,53569.827117150526
90.49929996499824,53593.50045290888
90.50929546477323,53617.181634010645
90.51929096454823,53640.870662188965
90.52928646432322,53664.56753917706
90.53928196409821,53688.27226670846
90.5492774638732,53711.984846516854
90.55927296364818,53735.7052803361
90.56926846342317,53759.43356990027
90.57926396319816,53783.169716943616
90.58925946297315,53806.91372320058
90.59925496274813,53830.665590405806
90.60925046252312,53854.42532029411
90.61924596229811,53878.19291460054
90.6292414620731,53901.968375060285
90.6392369618481,53925.75170340878
90.64923246162309,53949.542901381574
90.65922796139807,53973.34197071447
90.66922346117306,53997.14891314344
90.67921896094805,54020.963730404685
90.68921446072304,54044.78642423452
90.69920996049802,54068.61699636953
90.70920546027301,54092.45544854644
90.719200960048,54116.301782502196
90.72919645982299,54140.15599997391
90.73919195959797,54164.01810269892
90.74918745937296,54187.88809241472
90.75918295914795,54211.765970859014
90.76917845892295,54235.65173976973
90.77917395869794,54259.54540088489
90.78916945847293,54283.44695594278
90.79916495824791,54307.35640668188
90.8091604580229,54331.273754840855
90.81915595779789,54355.199002158544
90.82915145757288,54379.132150373975
90.83914695734786,54403.07320122641
90.84914245712285,54427.022156455234
90.85913795689784,54450.979017800106
90.86913345667283,54474.94378700079
90.87912895644781,54498.91646579731
90.88912445622282,54522.897055929876
90.8991199559978,54546.8855591388
90.90911545577279,54570.88197716469
90.91911095554778,54594.886311748305
90.92910645532277,54618.89856463062
90.93910195509775,54642.91873755275
90.94909745487274,54666.94683225605
90.95909295464773,54690.98285048204
90.96908845442272,54715.02679397245
90.9790839541977,54739.078664469176
90.98907945397269,54763.13846371434
90.99907495374768,54787.20619345023
91.00907045352268,54811.28185541936
91.01906595329767,54835.36545136433
91.02906145307266,54859.456983028045
91.03905695284764,54883.55645215359
91.04905245262263,54907.66386048419
91.05904795239762,54931.77920976329
91.06904345217261,54955.90250173455
91.0790389519476,54980.033738141756
91.08903445172258,55004.17292072894
91.09902995149757,55028.32005124032
91.10902545127256,55052.47513142029
91.11902095104755,55076.63816301345
91.12901645082255,55100.80914776458
91.13901195059753,55124.98808741863
91.14900745037252,55149.17498372078
91.15900295014751,55173.369838416394
91.1689984499225,55197.572653250994
91.17899394969749,55221.78342997036
91.18898944947247,55246.00217032039
91.19898494924746,55270.228876047215
91.20898044902245,55294.46354889716
91.21897594879744,55318.70619061671
91.22897144857242,55342.95680295258
91.23896694834741,55367.21538765165
91.2489624481224,55391.481946461
91.2589579478974,55415.75648112794
91.26895344767239,55440.03899339985
91.27894894744738,55464.329485024435
91.28894444722236,55488.627957749515
91.29893994699735,55512.93441332316
91.30893544677234,55537.24885349356
91.31893094654733,55561.571280009164
91.32892644632231,55585.90169461857
91.3389219460973,55610.240099070594
91.34891744587229,55634.5864951142
91.35891294564728,55658.9408844986
91.36890844542226,55683.303268973155
91.37890394519727,55707.67365028748
91.38889944497225,55732.052030191255
91.39889494474724,55756.438410434464
91.40889044452223,55780.83279276724
91.41888594429722,55805.23517893995
91.4288814440722,55829.645570703084
91.43887694384719,55854.06396980737
91.44887244362218,55878.49037800371
91.45886794339717,55902.924797043226
91.46886344317215,55927.367228677176
91.47885894294714,55951.81767465707
91.48885444272213,55976.27613673455
91.49884994249713,56000.74261666154
91.50884544227212,56025.21711619002
91.5188409420471,56049.69963707227
91.5288364418221,56074.19018106073
91.53883194159708,56098.68874990803
91.54882744137207,56123.19534536699
91.55882294114706,56147.709969190626
91.56881844092204,56172.232623132135
91.57881394069703,56196.76330894493
91.58880944047202,56221.30202838257
91.598804940247,56245.84878319885
91.608800440022,56270.40357514775
91.61879593979698,56294.96640598342
91.62879143957198,56319.537277460244
91.63878693934697,56344.1161913327
91.64878243912196,56368.70314935556
91.65877793889695,56393.29815328375
91.66877343867193,56417.901204872396
91.67876893844692,56442.51230587679
91.68876443822191,56467.13145805245
91.6987599379969,56491.75866315506
91.70875543777188,56516.3939229405
91.71875093754687,56541.037239164856
91.72874643732186,56565.68861358438
91.73874193709685,56590.34804795556
91.74873743687185,56615.01554403504
91.75873293664684,56639.69110357963
91.76872843642182,56664.374728346374
91.77872393619681,56689.066420092495
91.7887194359718,56713.76618057542
91.79871493574679,56738.47401155275
91.80871043552177,56763.18991478228
91.81870593529676,56787.913892022
91.82870143507175,56812.645945030104
91.83869693484674,56837.386075564944
91.84869243462173,56862.134285385095
91.85868793439671,56886.89057624932
91.86868343417171,56911.654949916585
91.8786789339467,56936.42740814596
91.88867443372169,56961.207952696815
91.89866993349668,56985.99658532867
91.90866543327166,57010.79330780124
91.91866093304665,57035.598121874435
91.92865643282164,57060.41102930832
91.93865193259663,57085.23203186321
91.94864743237162,57110.061131299575
91.9586429321466,57134.898329378084
91.96863843192159,57159.7436278596
91.97863393169658,57184.59702850516
91.98862943147158,57209.45853307607
91.99862493124657,57234.32814333367
92.00862043102155,57259.20586103963
92.01861593079654,57284.09168795576
92.02861143057153,57308.985625844085
92.03860693034652,57333.887676466795
92.0486024301215,57358.797841586296
92.0585979298965,57383.716122965154
92.06859342967148,57408.64252236614
92.07858892944647,57433.577041552235
92.08858442922146,57458.5196822866
92.09857992899644,57483.47044633257
92.10857542877143,57508.42933545369
92.11857092854643,57533.39635141372
92.12856642832142,57558.37149597653
92.13856192809641,57583.354770906255
92.1485574278714,57608.34617796721
92.15855292764638,57633.345718923876
92.16854842742137,57658.353395540966
92.17854392719636,57683.36920958335
92.18853942697135,57708.39316281607
92.19853492674633,57733.42525700445
92.20853042652132,57758.4654939139
92.21852592629631,57783.51387531007
92.2285214260713,57808.57040295881
92.2385169258463,57833.63507862617
92.24851242562129,57858.70790407833
92.25850792539627,57883.788881081695
92.26850342517126,57908.87801140289
92.27849892494625,57933.975296808705
92.28849442472124,57959.08073906613
92.29848992449622,57984.19433994233
92.30848542427121,58009.31610120469
92.3184809240462,58034.44602462077
92.32847642382119,58059.584111958306
92.33847192359617,58084.73036498524
92.34846742337116,58109.88478546972
92.35846292314616,58135.047375180104
92.36845842292115,58160.21813588484
92.37845392269614,58185.39706935266
92.38844942247113,58210.58417735247
92.39844492224611,58235.77946165337
92.4084404220211,58260.98292402463
92.41843592179609,58286.19456623573
92.42843142157108,58311.41439005633
92.43842692134606,58336.6423972563
92.44842242112105,58361.87858960567
92.45841792089604,58387.12296887468
92.46841342067103,58412.375536833795
92.47840892044601,58437.63629525359
92.48840442022102,58462.90524590495
92.498399919996,58488.18239055879
92.50839541977099,58513.46773098635
92.51839091954598,58538.761268959
92.52838641932097,58564.063006248354
92.53838191909595,58589.37294462617
92.54837741887094,58614.69108586439
92.55837291864593,58640.017431735185
92.56836841842092,58665.3519840109
92.5783639181959,58690.69474446407
92.58835941797089,58716.04571486741
92.59835491774588,58741.40489699387
92.60835041752088,58766.77229261656
92.61834591729587,58792.14790350874
92.62834141707086,58817.531731443916
92.63833691684584,58842.9237781958
92.64833241662083,58868.32404553824
92.65832791639582,58893.732535245326
92.66832341617081,58919.14924909129
92.6783189159458,58944.57418885062
92.68831441572078,58970.00735629793
92.69830991549577,58995.44875320806
92.70830541527076,59020.89838135604
92.71830091504575,59046.35624251708
92.72829641482075,59071.82233846663
92.73829191459573,59097.29667098021
92.74828741437072,59122.779241833654
92.75828291414571,59148.270052802945
92.7682784139207,59173.769105664236
92.77827391369568,59199.276402193915
92.78826941347067,59224.79194416852
92.79826491324566,59250.31573336482
92.80826041302065,59275.84777155974
92.81825591279564,59301.388060530415
92.82825141257062,59326.936602054164
92.83824691234561,59352.493397908496
92.84824241212061,59378.058449871154
92.8582379118956,59403.63175971996
92.86823341167059,59429.213329233055
92.87822891144558,59454.80316018868
92.88822441122056,59480.40125436535
92.89821991099555,59506.0076135417
92.90821541077054,59531.622239496595
92.91821091054553,59557.24513400907
92.92820641032051,59582.87629885835
92.9382019100955,59608.515735823894
92.94819740987049,59634.16344668529
92.95819290964548,59659.819433222365
92.96818840942046,59685.48369721511
92.97818390919547,59711.156240443765
92.98817940897045,59736.83706468865
92.99817490874544,59762.526171730344
93.00817040852043,59788.22356334964
93.01816590829542,59813.92924132748
93.0281614080704,59839.64320744504
93.03815690784539,59865.36546348364
93.04815240762038,59891.09601122483
93.05814790739537,59916.834852450294
93.06814340717035,59942.581988941994
93.07813890694534,59968.337422482015
93.08813440672033,59994.101154852666
93.09812990649533,60019.873187836456
93.10812540627032,60045.65352321601
93.1181209060453,60071.442162774234
93.1281164058203,60097.239108294176
93.13811190559528,60123.044361559114
93.14810740537027,60148.85792435247
93.15810290514526,60174.67979845791
93.16809840492024,60200.50998565925
93.17809390469523,60226.34848774051
93.18808940447022,60252.1953064859
93.1980849042452,60278.05044367983
93.2080804040202,60303.91390110689
93.2180759037952,60329.7856805519
93.22807140357018,60355.665783799785
93.23806690334517,60381.554212635725
93.24806240312016,60407.45096884509
93.25805790289515,60433.35605421345
93.26805340267013,60459.269470526524
93.27804890244512,60485.19121957026
93.28804440222011,60511.12130313078
93.2980399019951,60537.059722994396
93.30803540177008,60563.006480947624
93.31803090154507,60588.961578777176
93.32802640132006,60614.925018269925
93.33802190109505,60640.89680121296
93.34801740087005,60666.87692939361
93.35801290064504,60692.86540459924
93.36800840042002,60718.86222861756
93.37800390019501,60744.867403236414
93.38799939997,60770.88093024386
93.39799489974499,60796.902811428095
93.40799039951997,60822.93304857758
93.41798589929496,60848.9716434809
93.42798139906995,60875.01859792688
93.43797689884494,60901.07391370451
93.44797239861992,60927.13759260299
93.45796789839491,60953.20963641168
93.46796339816991,60979.2900469202
93.4779588979449,61005.37882591824
93.48795439771989,61031.47597519578
93.49794989749488,61057.581496542996
93.50794539726986,61083.69539175019
93.51794089704485,61109.81766260792
93.52793639681984,61135.94831090688
93.53793189659483,61162.08733843801
93.54792739636981,61188.23474699239
93.5579228961448,61214.390538361324
93.56791839591979,61240.55471433629
93.57791389569478,61266.72727670898
93.58790939546978,61292.90822727129
93.59790489524477,61319.0975678152
93.60790039501975,61345.29530013302
93.61789589479474,61371.50142601717
93.62789139456973,61397.715947260294
93.63788689434472,61423.93886565522
93.6478823941197,61450.17018299496
93.65787789389469,61476.40990107272
93.66787339366968,61502.65802168191
93.67786889344467,61528.91454661611
93.68786439321966,61555.17947766913
93.69785989299464,61581.45281663491
93.70785539276964,61607.73456530766
93.71785089254463,61634.02472548168
93.72784639231962,61660.323298951545
93.73784189209461,61686.63028751198
93.7478373918696,61712.94569295795
93.75783289164458,61739.26951708455
93.76782839141957,61765.601761687096
93.77782389119456,61791.94242856111
93.78781939096955,61818.291519502265
93.79781489074453,61844.64903630647
93.80781039051952,61871.01498076981
93.81780589029451,61897.38935468853
93.8278013900695,61923.772159859116
93.8377968898445,61950.16339807824
93.84779238961949,61976.563071142686
93.85778788939447,62002.97118084953
93.86778338916946,62029.387728995986
93.87777888894445,62055.81271737949
93.88777438871944,62082.24614779764
93.89776988849442,62108.68802204824
93.90776538826941,62135.1383419293
93.9177608880444,62161.59710923899
93.92775638781939,62188.064325775675
93.93775188759437,62214.53999333795
93.94774738736936,62241.02411372456
93.95774288714436,62267.5166887345
93.96773838691935,62294.01772016682
93.97773388669434,62320.52720982092
93.98772938646933,62347.045159496294
93.99772488624431,62373.57157099268
94.0077203860193,62400.106446109974
94.01771588579429,62426.64978664828
94.02771138556928,62453.2015944079
94.03770688534426,62479.7618711893
94.04770238511925,62506.33061879315
94.05769788489424,62532.90783902033
94.06769338466923,62559.49353367189
94.07768888444423,62586.087704549114
94.08768438421922,62612.69035345337
94.0976798839942,62639.30148218632
94.10767538376919,62665.92109254978
94.11767088354418,62692.549186345794
94.12766638331917,62719.185765376526
94.13766188309415,62745.8308314444
94.14765738286914,62772.48438635199
94.15765288264413,62799.146431902096
94.16764838241912,62825.816969897656
94.1776438821941,62852.496002141845
94.18763938196909,62879.18353043804
94.19763488174408,62905.87955658974
94.20763038151908,62932.58408240076
94.21762588129407,62959.29710967493
94.22762138106906,62986.01864021642
94.23761688084404,63012.74867582953
94.24761238061903,63039.48721831876
94.25760788039402,63066.23426948881
94.267603380169,63092.98983114456
94.277598879944,63119.7539050911
94.28759437971898,63146.52649313367
94.29758987949397,63173.30759707774
94.30758537926896,63200.09721872898
94.31758087904394,63226.89535989321
94.32757637881895,63253.7020223765
94.33757187859393,63280.517207985016
94.34756737836892,63307.340918525195
94.35756287814391,63334.17315580365
94.3675583779189,63361.01392162718
94.37755387769388,63387.86321780278
94.38754937746887,63414.72104613761
94.39754487724386,63441.587408439074
94.40754037701885,63468.4623065147
94.41753587679383,63495.345742172285
94.42753137656882,63522.23771721976
94.43752687634381,63549.138233465244
94.44752237611881,63576.047292717114
94.4575178758938,63602.96489678384
94.46751337566879,63629.89104747414
94.47750887544377,63656.82574659694
94.48750437521876,63683.76899596133
94.49749987499375,63710.720797376576
94.50749537476874,63737.68115265219
94.51749087454372,63764.65006359782
94.52748637431871,63791.62753202333
94.5374818740937,63818.61355973879
94.54747737386869,63845.60814855442
94.55747287364368,63872.61130028067
94.56746837341868,63899.62301672818
94.57746387319366,63926.64329970773
94.58745937296865,63953.67215103034
94.59745487274364,63980.709572507236
94.60745037251863,64007.75556594979
94.61744587229362,64034.81013316958
94.6274413720686,64061.873275978396
94.63743687184359,64088.944996188206
94.64743237161858,64116.02529561115
94.65742787139357,64143.1141760596
94.66742337116855,64170.21163934608
94.67741887094354,64197.317687283336
94.68741437071853,64224.43232168428
94.69740987049353,64251.55554436206
94.70740537026852,64278.68735712993
94.7174008700435,64305.82776180141
94.72739636981849,64332.97676019019
94.73739186959348,64360.13435411014
94.74738736936847,64387.30054537536
94.75738286914346,64414.47533580008
94.76737836891844,64441.658727198796
94.77737386869343,64468.850721386116
94.78736936846842,64496.05132017689
94.7973648682434,64523.26052538614
94.8073603680184,64550.47833882912
94.8173558677934,64577.70476232124
94.82735136756838,64604.939797678046
94.83734686734337,64632.18344671537
94.84734236711836,64659.43571124919
94.85733786689335,64686.6965930957
94.86733336666833,64713.96609407125
94.87732886644332,64741.24421599241
94.88732436621831,64768.53096067593
94.8973198659933,64795.826329938754
94.90731536576828,64823.130325598024
94.91731086554327,64850.44294947106
94.92730636531826,64877.76420337536
94.93730186509326,64905.09408912871
94.94729736486825,64932.432608548894
94.95729286464324,64959.77976345407
94.96728836441822,64987.13555566252
94.97728386419321,65014.499986992705
94.9872793639682,65041.873059263286
94.99727486374319,65069.254774293135
95.00727036351817,65096.64513390131
95.01726586329316,65124.04413990702
95.02726136306815,65151.45179412972
95.03725686284314,65178.86809838902
95.04725236261812,65206.29305450476
95.05724786239311,65233.726664296904
95.06724336216811,65261.16892958572
95.0772388619431,65288.619852191514
95.08723436171809,65316.0794339349
95.09722986149308,65343.54767663665
95.10722536126806,65371.02458211772
95.11722086104305,65398.51015219927
95.12721636081804,65426.00438870266
95.13721186059303,65453.5072934494
95.14720736036801,65481.018868261235
95.157202860143,65508.53911496009
95.16719835991799,65536.06803536805
95.17719385969298,65563.60563130745
95.18718935946798,65591.1519046008
95.19718485924297,65618.70685707073
95.20718035901795,65646.27049054013
95.21717585879294,65673.84280683208
95.22717135856793,65701.42380776984
95.23716685834292,65729.01349517687
95.2471623581179,65756.6118708768
95.25715785789289,65784.21893669346
95.26715335766788,65811.8346944509
95.27714885744287,65839.45914597329
95.28714435721785,65867.0922930851
95.29713985699284,65894.73413761087
95.30713535676784,65922.38468137548
95.31713085654283,65950.04392620378
95.32712635631782,65977.71187392104
95.3371218560928,66005.3885263526
95.3471173558678,66033.073885324
95.35711285564278,66060.76795266102
95.36710835541777,66088.47073018957
95.37710385519276,66116.1822197358
95.38709935496775,66143.90242312603
95.39709485474273,66171.63134218677
95.40709035451772,66199.36897874471
95.41708585429271,66227.11533462677
95.42708135406771,66254.87041166007
95.4370768538427,66282.63421167182
95.44707235361768,66310.4067364895
95.45706785339267,66338.1879879408
95.46706335316766,66365.97796785356
95.47705885294265,66393.77667805583
95.48705435271764,66421.58412037586
95.49704985249262,66449.40029664205
95.50704535226761,66477.22520868303
95.5170408520426,66505.05885832763
95.52703635181759,66532.90124740482
95.53703185159257,66560.7523777438
95.54702735136756,66588.61225117398
95.55702285114256,66616.48086952495
95.56701835091755,66644.35823462642
95.57701385069254,66672.24434830836
95.58700935046753,66700.13921240094
95.59700485024251,66728.04282873451
95.6070003500175,66755.95519913957
95.61699584979249,66783.87632544688
95.62699134956748,66811.80620948735
95.63698684934246,66839.74485309207
95.64698234911745,66867.69225809234
95.65697784889244,66895.64842631966
95.66697334866743,66923.61335960572
95.67696884844243,66951.58705978241
95.68696434821742,66979.56952868174
95.6969598479924,67007.56076813598
95.70695534776739,67035.56077997759
95.71695084754238,67063.56956603922
95.72694634731737,67091.5871281537
95.73694184709235,67119.61346815403
95.74693734686734,67147.64858787342
95.75693284664233,67175.6924891453
95.76692834641732,67203.74517380325
95.7769238461923,67231.80664368106
95.78691934596729,67259.87690061271
95.7969148457423,67287.95594643241
95.80691034551728,67316.04378297445
95.81690584529227,67344.14041207341
95.82690134506726,67372.24583556403
95.83689684484224,67400.36005528124
95.84689234461723,67428.48307306021
95.85688784439222,67456.61489073621
95.8668833441672,67484.75551014478
95.8768788439422,67512.90493312161
95.88687434371718,67541.06316150258
95.89686984349217,67569.23019712378
95.90686534326716,67597.40604182151
95.91686084304216,67625.59069743224
95.92685634281715,67653.78416579259
95.93685184259213,67681.98644873941
95.94684734236712,67710.19754810976
95.95684284214211,67738.41746574087
95.9668383419171,67766.64620347017
95.97683384169208,67794.88376313525
95.98682934146707,67823.13014657397
95.99682484124206,67851.38535562427
96.00682034101705,67879.64939212437
96.01681584079203,67907.92225791264
96.02681134056702,67936.20395482765
96.03680684034201,67964.49448470818
96.04680234011701,67992.79384939322
96.056797839892,68021.10205072182
96.06679333966699,68049.41909053338
96.07678883944197,68077.74497066742
96.08678433921696,68106.07969296366
96.09677983899195,68134.42325926201
96.10677533876694,68162.77567140257
96.11677083854192,68191.13693122564
96.12676633831691,68219.50704057173
96.1367618380919,68247.88600128147
96.14675733786689,68276.27381519576
96.15675283764187,68304.67048415566
96.16674833741688,68333.07601000246
96.17674383719186,68361.49039457751
96.18673933696685,68389.91363972252
96.19673483674184,68418.34574727927
96.20673033651683,68446.7867190898
96.21672583629181,68475.23655699633
96.2267213360668,68503.69526284124
96.23671683584179,68532.16283846713
96.24671233561678,68560.6392857168
96.25670783539177,68589.1246064332
96.26670333516675,68617.61880245949
96.27669883494174,68646.12187563904
96.28669433471674,68674.63382781546
96.29668983449173,68703.1546608324
96.30668533426672,68731.68437653381
96.3166808340417,68760.22297676382
96.32667633381669,68788.77046336676
96.33667183359168,68817.32683818713
96.34666733336667,68845.89210306962
96.35666283314166,68874.46625985914
96.36665833291664,68903.04931040073
96.37665383269163,68931.6412565397
96.38664933246662,68960.2421001215
96.3966448322416,68988.85184299177
96.4066403320166,69017.47048699639
96.4166358317916,69046.0980339814
96.42663133156658,69074.73448579297
96.43662683134157,69103.37984427754
96.44662233111656,69132.03411128176
96.45661783089155,69160.6972886524
96.46661333066653,69189.36937823646
96.47660883044152,69218.05038188113
96.48660433021651,69246.74030143379
96.4965998299915,69275.43913874199
96.50659532976648,69304.14689565352
96.51659082954147,69332.86357401632
96.52658632931646,69361.58917567851
96.53658182909146,69390.3237024885
96.54657732886645,69419.06715629472
96.55657282864144,69447.81953894591
96.56656832841642,69476.58085229102
96.57656382819141,69505.3510981791
96.5865593279664,69534.13027845947
96.59655482774139,69562.9183949816
96.60655032751637,69591.7154495952
96.61654582729136,69620.52144415009
96.62654132706635,69649.33638049634
96.63653682684134,69678.1602604842
96.64653232661632,69706.99308596412
96.65652782639133,69735.83485878675
96.66652332616631,69764.68558080286
96.6765188259413,69793.54525386349
96.68651432571629,69822.41387981984
96.69650982549128,69851.29146052331
96.70650532526626,69880.17799782548
96.71650082504125,69909.07349357815
96.72649632481624,69937.97794963328
96.73649182459123,69966.89136784303
96.74648732436621,69995.81375005975
96.7564828241412,70024.74509813599
96.76647832391619,70053.6854139245
96.77647382369119,70082.6346992782
96.78646932346618,70111.59295605021
96.79646482324117,70140.56018609382
96.80646032301615,70169.53639126255
96.81645582279114,70198.52157341006
96.82645132256613,70227.51573439031
96.83644682234112,70256.51887605731
96.8464423221161,70285.53100026536
96.85643782189109,70314.5521088689
96.86643332166608,70343.58220372259
96.87642882144107,70372.62128668127
96.88642432121605,70401.66935959998
96.89641982099104,70430.72642433395
96.90641532076604,70459.79248273862
96.91641082054103,70488.86753666951
96.92640632031602,70517.95158798249
96.936401820091,70547.04463853354
96.946397319866,70576.14669017881
96.95639281964098,70605.25774477472
96.96638831941597,70634.37780417781
96.97638381919096,70663.50687024483
96.98637931896594,70692.64494483276
96.99637481874093,70721.7920297987
97.00637031851592,70750.948127
97.01636581829091,70780.11323829419
97.02636131806591,70809.28736553898
97.0363568178409,70838.47051059225
97.04635231761588,70867.66267531211
97.05634781739087,70896.86386155685
97.06634331716586,70926.07407118495
97.07633881694085,70955.29330605507
97.08633431671583,70984.52156802607
97.09632981649082,71013.75885895704
97.10632531626581,71043.00518070719
97.1163208160408,71072.26053513595
97.12631631581579,71101.52492410297
97.13631181559077,71130.79834946805
97.14630731536577,71160.08081309128
97.15630281514076,71189.37231683271
97.16629831491575,71218.67286255283
97.17629381469074,71247.98245211222
97.18628931446572,71277.30108737164
97.19628481424071,71306.62877019204
97.2062803140157,71335.96550243463
97.21627581379069,71365.31128596069
97.22627131356568,71394.66612263184
97.23626681334066,71424.03001430974
97.24626231311565,71453.40296285637
97.25625781289064,71482.78497013383
97.26625331266563,71512.1760380044
97.27624881244063,71541.57616833063
97.28624431221562,71570.98536297516
97.2962398119906,71600.40362380088
97.30623531176559,71629.83095267088
97.31623081154058,71659.2673514484
97.32622631131557,71688.71282199693
97.33622181109055,71718.16736618009
97.34621731086554,71747.63098586172
97.35621281064053,71777.10368290586
97.36620831041552,71806.58545917673
97.3762038101905,71836.07631653873
97.38619930996549,71865.57625685648
97.39619480974049,71895.0852819948
97.40619030951548,71924.60339381862
97.41618580929047,71954.13059419314
97.42618130906546,71983.66688498372
97.43617680884044,72013.21226805594
97.44617230861543,72042.76674527554
97.45616780839042,72072.33031850848
97.4661633081654,72101.90298962088
97.4761588079404,72131.48476047908
97.48615430771538,72161.07563294958
97.49614980749037,72190.6756088991
97.50614530726536,72220.28469019453
97.51614080704036,72249.90287870303
97.52613630681535,72279.53017629177
97.53613180659033,72309.16658482829
97.54612730636532,72338.81210618024
97.55612280614031,72368.46674221547
97.5661183059153,72398.13049480207
97.57611380569028,72427.80336580824
97.58610930546527,72457.48535710241
97.59610480524026,72487.17647055324
97.60610030501525,72516.87670802954
97.61609580479023,72546.58607140026
97.62609130456522,72576.30456253467
97.63608680434022,72606.03218330214
97.64608230411521,72635.76893557223
97.6560778038902,72665.5148212147
97.66607330366519,72695.26984209954
97.67606880344017,72725.03400009689
97.68606430321516,72754.8072970771
97.69605980299015,72784.58973491073
97.70605530276514,72814.38131546848
97.71605080254012,72844.18204062126
97.72604630231511,72873.99191224022
97.7360418020901,72903.81093219663
97.74603730186509,72933.63910236202
97.75603280164007,72963.47642460804
97.76602830141508,72993.32290080666
97.77602380119006,73023.17853282978
97.78601930096505,73053.04332254978
97.79601480074004,73082.91727183909
97.80601030051503,73112.80038257033
97.81600580029001,73142.69265661636
97.826001300065,73172.59409585019
97.83599679983999,73202.50470214503
97.84599229961498,73232.42447737433
97.85598779938996,73262.35342341164
97.86598329916495,73292.29154213078
97.87597879893994,73322.23883540575
97.88597429871494,73352.19530511071
97.89596979848993,73382.16095312
97.90596529826492,73412.13578130817
97.9159607980399,73442.11979155001
97.92595629781489,73472.11298572044
97.93595179758988,73502.1153656946
97.94594729736487,73532.12693334778
97.95594279713985,73562.14769055555
97.96593829691484,73592.17763919356
97.97593379668983,73622.21678113774
97.98592929646482,73652.26511826419
97.9959247962398,73682.32265244915
98.0059202960148,73712.38938556916
98.0159157957898,73742.4653195008
98.02591129556478,73772.55045612095
98.03590679533977,73802.64479730667
98.04590229511476,73832.74834493519
98.05589779488975,73862.86110088394
98.06589329466473,73892.98306703052
98.07588879443972,73923.11424525277
98.08588429421471,73953.25463742869
98.0958797939897,73983.40424543647
98.10587529376468,74013.56307115448
98.11587079353967,74043.7311164613
98.12586629331466,74073.90838323573
98.13586179308966,74104.09487335673
98.14585729286465,74134.29058870338
98.15585279263964,74164.49553115509
98.16584829241462,74194.70970259135
98.17584379218961,74224.93310489193
98.1858392919646,74255.1657399367
98.19583479173959,74285.4076096058
98.20583029151457,74315.65871577951
98.21582579128956,74345.91906033835
98.22582129106455,74376.18864516298
98.23581679083954,74406.46747213427
98.24581229061452,74436.7555431333
98.25580779038953,74467.05286004135
98.26580329016451,74497.3594247398
98.2757987899395,74527.67523911034
98.28579428971449,74558.00030503477
98.29578978948948,74588.33462439512
98.30578528926446,74618.67819907363
98.31578078903945,74649.03103095268
98.32577628881444,74679.39312191487
98.33577178858943,74709.764473843
98.34576728836441,74740.14508862003
98.3557627881394,74770.53496812914
98.36575828791439,74800.93411425369
98.37575378768939,74831.34252887729
98.38574928746438,74861.76021388356
98.39574478723937,74892.18717115652
98.40574028701435,74922.6234025803
98.41573578678934,74953.06891003918
98.42573128656433,74983.5236954177
98.43572678633932,75013.98776060055
98.4457222861143,75044.46110747263
98.45571778588929,75074.94373791903
98.46571328566428,75105.43565382501
98.47570878543927,75135.93685707604
98.48570428521425,75166.4473495578
98.49569978498926,75196.96713315615
98.50569528476424,75227.49620975707
98.51569078453923,75258.03458124681
98.52568628431422,75288.58224951183
98.5356817840892,75319.13921643874
98.5456772838642,75349.70548391432
98.55567278363918,75380.28105382559
98.56566828341417,75410.86592805973
98.57566378318916,75441.46010850412
98.58565928296414,75472.06359704636
98.59565478273913,75502.67639557416
98.60565028251412,75533.29850597554
98.6156457822891,75563.9299301386
98.62564128206411,75594.57066995175
98.6356367818391,75625.22072730341
98.64563228161408,75655.88010408235
98.65562778138907,75686.54880217751
98.66562328116406,75717.22682347795
98.67561878093905,75747.91416987298
98.68561428071403,75778.61084325211
98.69560978048902,75809.316845505
98.70560528026401,75840.03217852153
98.715600780039,75870.75684419175
98.72559627981398,75901.49084440591
98.73559177958897,75932.23418105446
98.74558727936397,75962.98685602809
98.75558277913896,75993.74887121751
98.76557827891395,76024.52022851382
98.77557377868894,76055.3009298082
98.78556927846392,76086.09097699207
98.79556477823891,76116.89037195701
98.8055602780139,76147.6991165948
98.81555577778889,76178.51721279742
98.82555127756387,76209.34466245705
98.83554677733886,76240.18146746604
98.84554227711385,76271.02762971692
98.85553777688884,76301.88315110245
98.86553327666384,76332.74803351561
98.87552877643883,76363.62227884943
98.88552427621381,76394.50588899727
98.8955197759888,76425.39886585264
98.90551527576379,76456.30121130923
98.91551077553878,76487.21292726092
98.92550627531377,76518.13401560181
98.93550177508875,76549.06447822617
98.94549727486374,76580.00431702845
98.95549277463873,76610.95353390332
98.96548827441372,76641.91213074562
98.9754837741887,76672.88010945039
98.98547927396369,76703.85747191285
98.99547477373869,76734.84422002848
99.00547027351368,76765.84035569278
99.01546577328867,76796.84588080161
99.02546127306366,76827.86079725099
99.03545677283864,76858.88510693707
99.04545227261363,76889.91881175624
99.05544777238862,76920.96191360508
99.0654432721636,76952.01441438033
99.0754387719386,76983.07631597896
99.08543427171358,77014.14762029811
99.09542977148857,77045.2283292351
99.10542527126356,77076.31844468747
99.11542077103856,77107.41796855298
99.12541627081355,77138.52690272944
99.13541177058853,77169.64524911501
99.14540727036352,77200.77300960798
99.15540277013851,77231.91018610682
99.1653982699135,77263.05678051022
99.17539376968848,77294.21279471704
99.18538926946347,77325.37823062632
99.19538476923846,77356.55309013734
99.20538026901345,77387.73737514952
99.21537576878843,77418.9310875625
99.22537126856342,77450.13422927608
99.23536676833842,77481.34680219037
99.24536226811341,77512.56880820543
99.2553577678884,77543.80024922173
99.26535326766339,77575.04112713985
99.27534876743837,77606.2914438606
99.28534426721336,77637.5512012849
99.29533976698835,77668.82040131395
99.30533526676334,77700.09904584909
99.31533076653832,77731.38713679188
99.32532626631331,77762.68467604402
99.3353217660883,77793.99166550749
99.34531726586329,77825.30810708438
99.35531276563829,77856.63400267705
99.36530826541328,77887.96935418791
99.37530376518826,77919.3141635197
99.38529926496325,77950.6684325753
99.39529476473824,77982.03216325781
99.40529026451323,78013.40535747047
99.41528576428821,78044.78801711678
99.4252812640632,78076.18014410033
99.43527676383819,78107.58174032503
99.44527226361318,78138.99280769486
99.45526776338816,78170.41334811406
99.46526326316315,78201.84336348707
99.47525876293814,78233.28285571847
99.48525426271314,78264.73182671312
99.49524976248813,78296.19027837591
99.50524526226312,78327.65821261208
99.5152407620381,78359.135631327
99.52523626181309,78390.62253642622
99.53523176158808,78422.11892981552
99.54522726136307,78453.62481340083
99.55522276113805,78485.1401890883
99.56521826091304,78516.66505878426
99.57521376068803,78548.19942439524
99.58520926046302,78579.74328782792
99.595204760238,78611.29665098924
99.605200260013,78642.85951578633
99.615195759788,78674.43188412639
99.62519125956298,78706.01375791694
99.63518675933797,78737.60513906566
99.64518225911296,78769.20602948038
99.65517775888794,78800.81643106921
99.66517325866293,78832.43634574035
99.67516875843792,78864.06577540225
99.68516425821291,78895.70472196353
99.6951597579879,78927.35318733304
99.70515525776288,78959.01117341974
99.71515075753787,78990.67868213287
99.72514625731287,79022.35571538187
99.73514175708786,79054.0422750762
99.74513725686285,79085.73836312573
99.75513275663783,79117.44398144037
99.76512825641282,79149.15913193033
99.77512375618781,79180.88381650593
99.7851192559628,79212.61803707773
99.79511475573779,79244.36179555644
99.80511025551277,79276.11509385302
99.81510575528776,79307.87793387855
99.82510125506275,79339.65031754438
99.83509675483774,79371.43224676196
99.84509225461272,79403.223723443
99.85508775438772,79435.02474949945
99.86508325416271,79466.83532684327
99.8750787539377,79498.65545738676
99.88507425371269,79530.48514304239
99.89506975348768,79562.3243857228
99.90506525326266,79594.17318734084
99.91506075303765,79626.03154980953
99.92505625281264,79657.89947504211
99.93505175258763,79689.77696495196
99.94504725236261,79721.66402145271
99.9550427521376,79753.56064645815
99.96503825191259,79785.46684188227
99.97503375168759,79817.38260963929
99.98502925146258,79849.30795164348
99.99502475123757,79881.24286980946
100.00502025101255,79913.18736605198
100.01501575078754,79945.14144228597
100.02501125056253,79977.1051004266
100.03500675033752,80009.07834238916
100.0450022501125,80041.06117008919
100.05499774988749,80073.0535854424
100.06499324966248,80105.05559036467
100.07498874943747,80137.06718677212
100.08498424921245,80169.08837658101
100.09497974898746,80201.11916170789
100.10497524876244,80233.1595440693
100.11497074853743,80265.20952558218
100.12496624831242,80297.26910816354
100.1349617480874,80329.33829373066
100.1449572478624,80361.41708420096
100.15495274763738,80393.50548149204
100.16494824741237,80425.60348752174
100.17494374718736,80457.71110420808
100.18493924696234,80489.82833346922
100.19493474673733,80521.95517722357
100.20493024651232,80554.09163738972
100.21492574628732,80586.23771588648
100.22492124606231,80618.39341463271
100.2349167458373,80650.55873554763
100.24491224561228,80682.73368055059
100.25490774538727,80714.91825156109
100.26490324516226,80747.1124504989
100.27489874493725,80779.31627928391
100.28489424471223,80811.52973983627
100.29488974448722,80843.75283407627
100.30488524426221,80875.98556392438
100.3148807440372,80908.2279313013
100.32487624381218,80940.47993812792
100.33487174358717,80972.7415863253
100.34486724336217,81005.01287781475
100.35486274313716,81037.29381451762
100.36485824291215,81069.5843983556
100.37485374268714,81101.88463125055
100.38484924246212,81134.19451512447
100.39484474223711,81166.51405189959
100.4048402420121,81198.84324349831
100.41483574178709,81231.18209184325
100.42483124156207,81263.53059885718
100.43482674133706,81295.88876646307
100.44482224111205,81328.25659658413
100.45481774088704,81360.63409114373
100.46481324066204,81393.02125206543
100.47480874043703,81425.41808127293
100.48480424021201,81457.8245806902
100.494799739987,81490.24075224136
100.50479523976199,81522.66659785075
100.51479073953698,81555.10211944288
100.52478623931196,81587.54731894244
100.53478173908695,81620.00219827435
100.54477723886194,81652.4667593637
100.55477273863693,81684.94100413576
100.56476823841192,81717.42493451599
100.5747637381869,81749.91855243007
100.5847592379619,81782.42185980392
100.59475473773689,81814.93485856343
100.60475023751188,81847.45755063495
100.61474573728687,81879.98993794488
100.62474123706185,81912.53202241984
100.63473673683684,81945.08380598664
100.64473223661183,81977.64529057228
100.65472773638682,82010.21647810398
100.6647232361618,82042.7973705091
100.67471873593679,82075.38796971522
100.68471423571178,82107.9882776501
100.69470973548677,82140.59829624173
100.70470523526177,82173.21802741829
100.71470073503676,82205.84747310802
100.72469623481174,82238.48663523953
100.73469173458673,82271.13551574151
100.74468723436172,82303.7941165429
100.75468273413671,82336.4624395728
100.7646782339117,82369.14048676052
100.77467373368668,82401.82826003552
100.78466923346167,82434.52576132752
100.79466473323666,82467.23299256638
100.80466023301165,82499.94995568217
100.81465573278663,82532.67665260512
100.82465123256162,82565.41308526573
100.83464673233662,82598.15925559464
100.84464223211161,82630.9151655226
100.8546377318866,82663.68081698069
100.86463323166159,82696.45621190012
100.87462873143657,82729.2413522123
100.88462423121156,82762.03623984879
100.89461973098655,82794.84087674144
100.90461523076154,82827.65526482218
100.91461073053652,82860.47940602321
100.92460623031151,82893.31330227687
100.9346017300865,82926.15695551573
100.94459722986149,82959.01036767253
100.95459272963649,82991.87354068024
100.96458822941148,83024.74647647192
100.97458372918646,83057.62917698092
100.98457922896145,83090.52164414074
100.99457472873644,83123.42387988513
101.00457022851143,83156.33588614792
101.01456572828641,83189.25766486324
101.0245612280614,83222.18921796534
101.03455672783639,83255.1305473887
101.04455222761138,83288.08165506799
101.05454772738636,83321.04254293804
101.06454322716135,83354.0132129339
101.07453872693635,83386.99366699086
101.08453422671134,83419.98390704424
101.09452972648633,83452.9839350297
101.10452522626132,83485.99375288305
101.1145207260363,83519.01336254031
101.12451622581129,83552.04276593764
101.13451172558628,83585.08196501144
101.14450722536127,83618.13096169828
101.15450272513625,83651.18975793492
101.16449822491124,83684.25835565831
101.17449372468623,83717.33675680561
101.18448922446122,83750.42496331417
101.1944847242362,83783.52297712151
101.2044802240112,83816.63080016538
101.2144757237862,83849.74843438361
101.22447122356118,83882.87588171437
101.23446672333617,83916.01314409592
101.24446222311116,83949.1602234668
101.25445772288614,83982.31712176563
101.26445322266113,84015.48384093132
101.27444872243612,84048.66038290293
101.2844442222111,84081.84674961968
101.2944397219861,84115.04294302105
101.30443522176108,84148.24896504667
101.31443072153607,84181.46481763636
101.32442622131107,84214.69050273017
101.33442172108606,84247.92602226825
101.34441722086105,84281.17137819102
101.35441272063603,84314.42657243909
101.36440822041102,84347.69160695323
101.37440372018601,84380.96648367443
101.384399219961,84414.25120454385
101.39439471973598,84447.54577150285
101.40439021951097,84480.85018649299
101.41438571928596,84514.16445145599
101.42438121906095,84547.48856833379
101.43437671883594,84580.82253906853
101.44437221861094,84614.16636560253
101.45436771838592,84647.52004987827
101.46436321816091,84680.88359383843
101.4743587179359,84714.25699942594
101.48435421771089,84747.64026858387
101.49434971748587,84781.03340325551
101.50434521726086,84814.43640538427
101.51434071703585,84847.84927691387
101.52433621681084,84881.27201978813
101.53433171658583,84914.70463595107
101.54432721636081,84948.14712734694
101.5543227161358,84981.59949592016
101.5643182159108,85015.06174361538
101.57431371568579,85048.53387237733
101.58430921546078,85082.01588415104
101.59430471523577,85115.50778088169
101.60430021501075,85149.00956451466
101.61429571478574,85182.52123699553
101.62429121456073,85216.04280027005
101.63428671433572,85249.57425628418
101.6442822141107,85283.11560698405
101.65427771388569,85316.66685431602
101.66427321366068,85350.2280002266
101.67426871343567,85383.7990466625
101.68426421321065,85417.37999557065
101.69425971298566,85450.9708488982
101.70425521276064,85484.5716085923
101.71425071253563,85518.18227660054
101.72424621231062,85551.80285487058
101.7342417120856,85585.43334535026
101.7442372118606,85619.07374998766
101.75423271163558,85652.72407073101
101.76422821141057,85686.38430952879
101.77422371118556,85720.0544683296
101.78421921096054,85753.73454908226
101.79421471073553,85787.42455373582
101.80421021051052,85821.12448423944
101.81420571028552,85854.8343425426
101.82420121006051,85888.55413059477
101.8341967098355,85922.28385034579
101.84419220961048,85956.02350374564
101.85418770938547,85989.77309274446
101.86418320916046,86023.53261929263
101.87417870893545,86057.30208534069
101.88417420871043,86091.08149283937
101.89416970848542,86124.8708437396
101.90416520826041,86158.67013999251
101.9141607080354,86192.47938354939
101.92415620781038,86226.29857636176
101.93415170758539,86260.12772038135
101.94414720736037,86293.96681755998
101.95414270713536,86327.81586984974
101.96413820691035,86361.67487920292
101.97413370668534,86395.54384757199
101.98412920646032,86429.42277690956
101.99412470623531,86463.31166916851
102.0041202060103,86497.21052630186
102.01411570578529,86531.11935026284
102.02411120556027,86565.03814300487
102.03410670533526,86598.96690648157
102.04410220511025,86632.9056426467
102.05409770488524,86666.85435345427
102.06409320466024,86700.81304085854
102.07408870443523,86734.78170681375
102.08408420421021,86768.76035327456
102.0940797039852,86802.74898219567
102.10407520376019,86836.74759553204
102.11407070353518,86870.75619523885
102.12406620331016,86904.7747832714
102.13406170308515,86938.80336158522
102.14405720286014,86972.84193213603
102.15405270263513,87006.89049687971
102.16404820241011,87040.94905777239
102.1740437021851,87075.01761677033
102.1840392019601,87109.0961758301
102.19403470173509,87143.18473690822
102.20403020151008,87177.28330196165
102.21402570128507,87211.3918729474
102.22402120106005,87245.51045182275
102.23401670083504,87279.63904054511
102.24401220061003,87313.77764107214
102.25400770038502,87347.92625536164
102.26400320016,87382.0848853716
102.27399869993499,87416.25353306027
102.28399419970998,87450.43220038601
102.29398969948497,87484.62088930742
102.30398519925997,87518.81960178331
102.31398069903496,87553.02833977257
102.32397619880994,87587.2471052344
102.33397169858493,87621.47590012815
102.34396719835992,87655.71472641335
102.35396269813491,87689.96358604975
102.3639581979099,87724.22248099728
102.37395369768488,87758.49141321603
102.38394919745987,87792.77038466635
102.39394469723486,87827.05939730871
102.40394019700985,87861.35845310379
102.41393569678483,87895.66755401249
102.42393119655983,87929.98670199593
102.43392669633482,87964.31589901529
102.44392219610981,87998.65514703204
102.4539176958848,88033.00444800788
102.46391319565979,88067.3638039046
102.47390869543477,88101.73321668425
102.48390419520976,88136.11268830906
102.49389969498475,88170.50222074143
102.50389519475974,88204.90181594399
102.51389069453472,88239.3114758795
102.52388619430971,88273.73120251096
102.5338816940847,88308.16099780155
102.54387719385969,88342.60086371466
102.55387269363469,88377.05080221387
102.56386819340968,88411.51081526287
102.57386369318466,88445.98090482561
102.58385919295965,88480.46107286627
102.59385469273464,88514.95132134914
102.60385019250963,88549.45165223877
102.61384569228461,88583.96206749986
102.6238411920596,88618.4825690973
102.63383669183459,88653.0131589962
102.64383219160958,88687.55383916182
102.65382769138456,88722.10461155967
102.66382319115955,88756.66547815538
102.67381869093455,88791.23644091489
102.68381419070954,88825.81750180414
102.69380969048453,88860.40866278943
102.70380519025952,88895.00992583716
102.7138006900345,88929.621292914
102.72379618980949,88964.24276598672
102.73379168958448,88998.87434702237
102.74378718935947,89033.51603798813
102.75378268913445,89068.16784085138
102.76377818890944,89102.82975757972
102.77377368868443,89137.50179014092
102.78376918845942,89172.18394050292
102.79376468823442,89206.87621063394
102.8037601880094,89241.57860250224
102.8137556877844,89276.2911180764
102.82375118755938,89311.01375932516
102.83374668733437,89345.74652821741
102.84374218710936,89380.4894267223
102.85373768688434,89415.24245680911
102.86373318665933,89450.00562044735
102.87372868643432,89484.77891960669
102.8837241862093,89519.56235625703
102.8937196859843,89554.35593236842
102.90371518575928,89589.15964991112
102.91371068553427,89623.9735108556
102.92370618530927,89658.79751717256
102.93370168508426,89693.63167083272
102.94369718485925,89728.47597380713
102.95369268463423,89763.33042806706
102.96368818440922,89798.19503558389
102.97368368418421,89833.06979832923
102.9836791839592,89867.95471827486
102.99367468373418,89902.84979739279
103.00367018350917,89937.75503765517
103.01366568328416,89972.67044103437
103.02366118305915,90007.59600950294
103.03365668283413,90042.53174503367
103.04365218260914,90077.47764959952
103.05364768238412,90112.43372517351
103.06364318215911,90147.39997372904
103.0736386819341,90182.37639723961
103.08363418170909,90217.36299767894
103.09362968148407,90252.35977702092
103.10362518125906,90287.36673723963
103.11362068103405,90322.38388030935
103.12361618080904,90357.41120820458
103.13361168058402,90392.44872289995
103.14360718035901,90427.49642637034
103.153602680134,90462.55432059079
103.163598179909,90497.62240753659
103.17359367968399,90532.70068918304
103.18358917945898,90567.78916750585
103.19358467923396,90602.8878444808
103.20358017900895,90637.99672208393
103.21357567878394,90673.1158022914
103.22357117855893,90708.24508707963
103.23356667833391,90743.38457842516
103.2435621781089,90778.53427830478
103.25355767788389,90813.69418869544
103.26355317765888,90848.86431157433
103.27354867743387,90884.04464891873
103.28354417720887,90919.23520270627
103.29353967698385,90954.43597491457
103.30353517675884,90989.64696752158
103.31353067653383,91024.86818250542
103.32352617630882,91060.0996218444
103.3335216760838,91095.34128751699
103.34351717585879,91130.5931815019
103.35351267563378,91165.85530577798
103.36350817540877,91201.1276623243
103.37350367518376,91236.41025312014
103.38349917495874,91271.70308014493
103.39349467473373,91307.0061453783
103.40349017450872,91342.31945080009
103.41348567428372,91377.64299839038
103.42348117405871,91412.97679012928
103.4334766738337,91448.32082799726
103.44347217360868,91483.6751139749
103.45346767338367,91519.03965004299
103.46346317315866,91554.4144381825
103.47345867293365,91589.79948037464
103.48345417270863,91625.19477860072
103.49344967248362,91660.60033484234
103.50344517225861,91696.01615108122
103.5134406720336,91731.44222929931
103.52343617180858,91766.87857147872
103.53343167158359,91802.32517960184
103.54342717135857,91837.78205565109
103.55342267113356,91873.24920160919
103.56341817090855,91908.72661945903
103.57341367068354,91944.21431118375
103.58340917045852,91979.71227876657
103.59340467023351,92015.220524191
103.6034001700085,92050.73904944067
103.61339566978349,92086.26785649946
103.62339116955847,92121.80694735136
103.63338666933346,92157.35632398067
103.64338216910845,92192.91598837177
103.65337766888345,92228.48594250933
103.66337316865844,92264.06618837808
103.67336866843343,92299.65672796308
103.68336416820841,92335.25756324947
103.6933596679834,92370.86869622268
103.70335516775839,92406.49012886826
103.71335066753338,92442.12186317197
103.72334616730836,92477.76390111979
103.73334166708335,92513.41624469786
103.74333716685834,92549.07889589251
103.75333266663333,92584.75185669027
103.76332816640831,92620.43512907789
103.7733236661833,92656.12871504223
103.7833191659583,92691.83261657051
103.79331466573329,92727.54683564987
103.80331016550828,92763.27137426788
103.81330566528327,92799.00623441221
103.82330116505825,92834.75141807072
103.83329666483324,92870.50692723152
103.84329216460823,92906.2727638828
103.85328766438322,92942.04893001303
103.8632831641582,92977.83542761086
103.87327866393319,93013.63225866511
103.88327416370818,93049.43942516479
103.89326966348317,93085.2569290991
103.90326516325817,93121.08477245753
103.91326066303316,93156.92295722954
103.92325616280814,93192.77148540498
103.93325166258313,93228.63035897384
103.94324716235812,93264.49957992624
103.9532426621331,93300.37915025259
103.9632381619081,93336.26907194342
103.97323366168308,93372.16934698947
103.98322916145807,93408.07997738167
103.99322466123306,93444.00096511115
104.00322016100804,93479.93231216923
104.01321566078303,93515.8740205474
104.02321116055803,93551.82609223745
104.03320666033302,93587.78852923111
104.04320216010801,93623.76133352057
104.053197659883,93659.74450709806
104.06319315965798,93695.73805195607
104.07318865943297,93731.74197008726
104.08318415920796,93767.75626348444
104.09317965898295,93803.78093414068
104.10317515875794,93839.81598404922
104.11317065853292,93875.86141520346
104.12316615830791,93911.91722959702
104.1331616580829,93947.98342922369
104.1431571578579,93984.06001607754
104.15315265763289,94020.14699215263
104.16314815740787,94056.24435944342
104.17314365718286,94092.35211994447
104.18313915695785,94128.47027565051
104.19313465673284,94164.59882855655
104.20313015650783,94200.7377806577
104.21312565628281,94236.88713394928
104.2231211560578,94273.04689042683
104.23311665583279,94309.21705208611
104.24311215560778,94345.39762092297
104.25310765538276,94381.58859893354
104.26310315515775,94417.7899881141
104.27309865493275,94454.0017904612
104.28309415470774,94490.22400797141
104.29308965448273,94526.45664264164
104.30308515425772,94562.69969646896
104.3130806540327,94598.9531714506
104.32307615380769,94635.21706958403
104.33307165358268,94671.49139286685
104.34306715335767,94707.77614329691
104.35306265313265,94744.07132287222
104.36305815290764,94780.37693359097
104.37305365268263,94816.69297745159
104.38304915245762,94853.01945645262
104.39304465223262,94889.35637259296
104.4030401520076,94925.70372787141
104.4130356517826,94962.06152428723
104.42303115155758,94998.42976383977
104.43302665133257,95034.80844852855
104.44302215110756,95071.19758035336
104.45301765088254,95107.59716131407
104.46301315065753,95144.00719341083
104.47300865043252,95180.42767864396
104.4830041502075,95216.85861901395
104.4929996499825,95253.30001652149
104.50299514975748,95289.75187316748
104.51299064953248,95326.21419095305
104.52298614930747,95362.68697187936
104.53298164908246,95399.17021794792
104.54297714885745,95435.6639311604
104.55297264863243,95472.16811351861
104.56296814840742,95508.68276702461
104.57296364818241,95545.2078936806
104.5829591479574,95581.74349548905
104.59295464773238,95618.28957445253
104.60295014750737,95654.84613257383
104.61294564728236,95691.41317185598
104.62294114705735,95727.99069430213
104.63293664683233,95764.57870191567
104.64293214660734,95801.17719670023
104.65292764638232,95837.78618065943
104.66292314615731,95874.40565579731
104.6729186459323,95911.03562411797
104.68291414570729,95947.67608762578
104.69290964548227,95984.32704832524
104.70290514525726,96020.98850822107
104.71290064503225,96057.66046931817
104.72289614480724,96094.34293362165
104.73289164458222,96131.03590313678
104.74288714435721,96167.73937986908
104.7528826441322,96204.45336582419
104.7628781439072,96241.17786300802
104.77287364368219,96277.91287342653
104.78286914345718,96314.65839908602
104.79286464323216,96351.41444199292
104.80286014300715,96388.18100415388
104.81285564278214,96424.9580875757
104.82285114255713,96461.7456942654
104.83284664233211,96498.54382623018
104.8428421421071,96535.35248547742
104.85283764188209,96572.17167401472
104.86283314165708,96609.00139384987
104.87282864143206,96645.84164699083
104.88282414120707,96682.69243544579
104.89281964098205,96719.55376122303
104.90281514075704,96756.42562633111
104.91281064053203,96793.30803277879
104.92280614030702,96830.200982575
104.932801640082,96867.10447772883
104.94279713985699,96904.01852024962
104.95279263963198,96940.94311214685
104.96278813940697,96977.87825543022
104.97278363918196,97014.8239521096
104.98277913895694,97051.78020419508
104.99277463873193,97088.74701369692
105.00277013850693,97125.72438262562
105.01276563828192,97162.71231299173
105.02276113805691,97199.71080680615
105.0327566378319,97236.7198660799
105.04275213760688,97273.73949282421
105.05274763738187,97310.7696890505
105.06274313715686,97347.81045677036
105.07273863693185,97384.86179799557
105.08273413670683,97421.92371473816
105.09272963648182,97458.9962090103
105.10272513625681,97496.07928282434
105.1127206360318,97533.17293819287
105.12271613580678,97570.2771771286
105.13271163558179,97607.39200164458
105.14270713535677,97644.5174137538
105.15270263513176,97681.65341546967
105.16269813490675,97718.80000880569
105.17269363468174,97755.95719577558
105.18268913445672,97793.12497839324
105.19268463423171,97830.30335867277
105.2026801340067,97867.49233862845
105.21267563378169,97904.69192027474
105.22267113355667,97941.90210562633
105.23266663333166,97979.12289669807
105.24266213310665,98016.35429550502
105.25265763288165,98053.59630406246
105.26265313265664,98090.84892438575
105.27264863243163,98128.11215849052
105.28264413220661,98165.38600839261
105.2926396319816,98202.67047610803
105.30263513175659,98239.96556365298
105.31263063153158,98277.27127304385
105.32262613130656,98314.58760629722
105.33262163108155,98351.91456542986
105.34261713085654,98389.25215245874
105.35261263063153,98426.600369401
105.36260813040651,98463.95921827402
105.37260363018152,98501.32870109536
105.3825991299565,98538.70881988267
105.39259462973149,98576.09957665391
105.40259012950648,98613.50097342719
105.41258562928147,98650.91301222082
105.42258112905645,98688.3356950533
105.43257662883144,98725.76902394331
105.44257212860643,98763.21300090975
105.45256762838142,98800.66762797165
105.4625631281564,98838.1329071483
105.47255862793139,98875.60884045916
105.48255412770638,98913.09542992385
105.49254962748138,98950.59267756228
105.50254512725637,98988.10058539435
105.51254062703136,99025.61915544038
105.52253612680634,99063.1483897207
105.53253162658133,99100.68829025597
105.54252712635632,99138.23885906697
105.5525226261313,99175.8000981747
105.5625181259063,99213.37200960031
105.57251362568128,99250.95459536517
105.58250912545627,99288.54785749085
105.59250462523126,99326.15179799909
105.60250012500624,99363.76641891184
105.61249562478123,99401.39172225121
105.62249112455623,99439.02771003962
105.63248662433122,99476.67438429945
105.64248212410621,99514.33174705345
105.6524776238812,99551.99980032456
105.66247312365618,99589.67854613582
105.67246862343117,99627.36798651057
105.68246412320616,99665.06812347221
105.69245962298115,99702.77895904446
105.70245512275613,99740.50049525115
105.71245062253112,99778.23273411635
105.72244612230611,99815.97567766428
105.7324416220811,99853.72932791934
105.7424371218561,99891.49368690628
105.75243262163109,99929.26875664973
105.76242812140607,99967.0545391748
105.77242362118106,100004.85103650666
105.78241912095605,100042.65825067069
105.79241462073104,100080.4761836925
105.80241012050602,100118.30483759784
105.81240562028101,100156.14421441266
105.822401120056,100193.99431616311
105.83239661983099,100231.85514487558
105.84239211960598,100269.72670257655
105.85238761938096,100307.60899129277
105.86238311915596,100345.50201305121
105.87237861893095,100383.40576987887
105.88237411870594,100421.3202638031
105.89236961848093,100459.24549685142
105.90236511825591,100497.1814710515
105.9123606180309,100535.12818843119
105.92235611780589,100573.08565101857
105.93235161758088,100611.05386084192
105.94234711735587,100649.03281992965
105.95234261713085,100687.02253031044
105.96233811690584,100725.02299401308
105.97233361668083,100763.03421306664
105.98232911645582,100801.0561895003
105.99232461623082,100839.08892534355
106.0023201160058,100877.13242262584
106.01231561578079,100915.18668337705
106.02231111555578,100953.25170962715
106.03230661533077,100991.32750340628
106.04230211510576,101029.41406674487
106.05229761488074,101067.51140167342
106.06229311465573,101105.61951022269
106.07228861443072,101143.7383944236
106.0822841142057,101181.86805630733
106.0922796139807,101220.00849790516
106.10227511375568,101258.15972124861
106.11227061353068,101296.32172836944
106.12226611330567,101334.49452129944
106.13226161308066,101372.67810207073
106.14225711285565,101410.87247271562
106.15225261263063,101449.07763526656
106.16224811240562,101487.29359175618
106.17224361218061,101525.5203442174
106.1822391119556,101563.7578946832
106.19223461173058,101602.00624518686
106.20223011150557,101640.26539776179
106.21222561128056,101678.53535444158
106.22222111105555,101716.8161172601
106.23221661083055,101755.10768825133
106.24221211060554,101793.41006944941
106.25220761038052,101831.72326288876
106.26220311015551,101870.04727060394
106.2721986099305,101908.38209462973
106.28219410970549,101946.72773700109
106.29218960948047,101985.08419975315
106.30218510925546,102023.45148492127
106.31218060903045,102061.82959454098
106.32217610880544,102100.218530648
106.33217160858042,102138.61829527823
106.34216710835541,102177.02889046779
106.35216260813041,102215.45031825303
106.3621581079054,102253.88258067032
106.37215360768039,102292.32567975641
106.38214910745538,102330.77961754816
106.39214460723036,102369.24439608265
106.40214010700535,102407.72001739709
106.41213560678034,102446.20648352898
106.42213110655533,102484.70379651593
106.43212660633031,102523.21195839577
106.4421221061053,102561.73097120652
106.45211760588029,102600.26083698639
106.46211310565528,102638.80155777378
106.47210860543026,102677.35313560729
106.48210410520527,102715.91557252576
106.49209960498025,102754.48887056805
106.50209510475524,102793.07303177338
106.51209060453023,102831.66805818114
106.52208610430522,102870.27395183085
106.5320816040802,102908.89071476225
106.54207710385519,102947.5183490153
106.55207260363018,102986.1568566301
106.56206810340517,103024.80623964698
106.57206360318015,103063.46650010644
106.58205910295514,103102.13764004919
106.59205460273013,103140.81966151611
106.60205010250513,103179.51256654834
106.61204560228012,103218.21635718705
106.6220411020551,103256.93103547375
106.6320366018301,103295.65660345012
106.64203210160508,103334.39306315797
106.65202760138007,103373.14041663936
106.66202310115506,103411.89866593652
106.67201860093004,103450.66781309189
106.68201410070503,103489.44786014804
106.69200960048002,103528.2388091478
106.70200510025501,103567.04066213418
106.71200060003,103605.85342115036
106.721996099805,103644.67708823975
106.73199159957998,103683.51166544584
106.74198709935497,103722.35715481245
106.75198259912996,103761.21355838348
106.76197809890495,103800.08087820314
106.77197359867993,103838.95911631573
106.78196909845492,103877.8482747658
106.79196459822991,103916.74835559806
106.8019600980049,103955.65936085739
106.81195559777989,103994.58129258893
106.82195109755487,104033.51415283796
106.83194659732986,104072.45794364998
106.84194209710485,104111.41266707065
106.85193759687985,104150.37832514588
106.86193309665484,104189.35491992164
106.87192859642983,104228.34245344425
106.88192409620481,104267.3409277601
106.8919195959798,104306.35034491586
106.90191509575479,104345.37070695835
106.91191059552978,104384.40201593458
106.92190609530476,104423.44427389179
106.93190159507975,104462.49748287731
106.94189709485474,104501.56164493879
106.95189259462973,104540.63676212399
106.96188809440471,104579.72283648088
106.97188359417972,104618.81987005769
106.9818790939547,104657.92786490265
106.99187459372969,104697.04682306437
107.00187009350468,104736.1767465916
107.01186559327967,104775.31763753327
107.02186109305465,104814.46949793847
107.03185659282964,104853.63232985654
107.04185209260463,104892.80613533698
107.05184759237962,104931.99091642948
107.0618430921546,104971.18667518393
107.07183859192959,105010.39341365042
107.08183409170458,105049.6111338792
107.09182959147958,105088.8398379208
107.10182509125457,105128.07952782576
107.11182059102956,105167.33020564496
107.12181609080454,105206.59187342947
107.13181159057953,105245.8645332305
107.14180709035452,105285.14818709945
107.1518025901295,105324.44283708796
107.1617980899045,105363.74848524781
107.17179358967948,105403.06513363101
107.18178908945447,105442.39278428972
107.19178458922946,105481.73143927635
107.20178008900444,105521.08110064344
107.21177558877945,105560.44177044381
107.22177108855443,105599.81345073029
107.23176658832942,105639.19614355608
107.24176208810441,105678.58985097453
107.2517575878794,105717.99457503915
107.26175308765438,105757.41031780365
107.27174858742937,105796.83708132195
107.28174408720436,105836.27486764814
107.29173958697935,105875.72367883651
107.30173508675433,105915.18351694153
107.31173058652932,105954.6543840179
107.32172608630431,105994.13628212045
107.3317215860793,106033.62921330426
107.3417170858543,106073.13317962462
107.35171258562929,106112.64818313687
107.36170808540427,106152.17422589668
107.37170358517926,106191.71130995988
107.38169908495425,106231.25943738247
107.39169458472924,106270.81861022067
107.40169008450422,106310.38883053085
107.41168558427921,106349.97010036962
107.4216810840542,106389.56242179376
107.43167658382919,106429.16579686022
107.44167208360417,106468.78022762618
107.45166758337916,106508.40571614898
107.46166308315416,106548.04226448621
107.47165858292915,106587.6898746955
107.48165408270414,106627.34854883485
107.49164958247913,106667.01828896235
107.50164508225411,106706.69909713633
107.5116405820291,106746.3909754153
107.52163608180409,106786.0939258579
107.53163158157908,106825.80795052307
107.54162708135406,106865.53305146987
107.55162258112905,106905.26923075753
107.56161808090404,106945.01649044556
107.57161358067903,106984.77483259357
107.58160908045403,107024.54425926147
107.59160458022902,107064.3247725092
107.601600080004,107104.116374397
107.61159557977899,107143.91906698531
107.62159107955398,107183.73285233472
107.63158657932897,107223.55773250606
107.64158207910396,107263.39370956027
107.65157757887894,107303.24078555858
107.66157307865393,107343.09896256232
107.67156857842892,107382.96824263307
107.6815640782039,107422.84862783257
107.6915595779789,107462.7401202228
107.70155507775388,107502.6427218659
107.71155057752888,107542.55643482419
107.72154607730387,107582.48126116014
107.73154157707886,107622.4172029365
107.74153707685385,107662.36426221616
107.75153257662883,107702.32244106222
107.76152807640382,107742.29174153799
107.77152357617881,107782.27216570689
107.7815190759538,107822.26371563265
107.79151457572878,107862.2663933791
107.80151007550377,107902.2802010103
107.81150557527876,107942.30514059048
107.82150107505375,107982.3412141841
107.83149657482875,108022.38842385581
107.84149207460374,108062.44677167031
107.85148757437872,108102.51625969271
107.86148307415371,108142.59688998818
107.8714785739287,108182.68866462211
107.88147407370369,108222.79158566009
107.89146957347867,108262.90565516788
107.90146507325366,108303.03087521145
107.91146057302865,108343.16724785697
107.92145607280364,108383.31477517079
107.93145157257862,108423.47345921941
107.94144707235361,108463.64330206963
107.95144257212861,108503.82430578835
107.9614380719036,108544.01647244264
107.97143357167859,108584.21980409982
107.98142907145358,108624.43430282739
107.99142457122856,108664.65997069307
108.00142007100355,108704.89680976469
108.01141557077854,108745.14482211035
108.02141107055353,108785.40400979831
108.03140657032851,108825.67437489702
108.0414020701035,108865.95591947513
108.05139756987849,108906.24864560149
108.06139306965348,108946.55255534509
108.07138856942848,108986.86765077522
108.08138406920347,109027.19393396121
108.09137956897845,109067.53140697267
108.10137506875344,109107.88007187944
108.11137056852843,109148.23993075146
108.12136606830342,109188.61098565895
108.1313615680784,109228.99323867222
108.14135706785339,109269.38669186189
108.15135256762838,109309.79134729868
108.16134806740337,109350.20720705354
108.17134356717835,109390.63427319759
108.18133906695334,109431.07254780216
108.19133456672833,109471.52203293878
108.20133006650333,109511.98273067921
108.21132556627832,109552.45464309523
108.2213210660533,109592.93777225899
108.2313165658283,109633.43212024275
108.24131206560328,109673.937689119
108.25130756537827,109714.45448096044
108.26130306515326,109754.98249783988
108.27129856492824,109795.52174183037
108.28129406470323,109836.07221500516
108.29128956447822,109876.63391943768
108.30128506425321,109917.20685720156
108.3112805640282,109957.7910303706
108.3212760638032,109998.38644101885
108.33127156357818,110038.99309122041
108.34126706335317,110079.61098304973
108.35126256312816,110120.2401185814
108.36125806290315,110160.88049989016
108.37125356267813,110201.53212905096
108.38124906245312,110242.19500813898
108.39124456222811,110282.86913922959
108.4012400620031,110323.55452439825
108.41123556177808,110364.25116572075
108.42123106155307,110404.959065273
108.43122656132806,110445.67822513108
108.44122206110306,110486.4086473714
108.45121756087805,110527.15033407028
108.46121306065304,110567.90328730448
108.47120856042802,110608.66750915091
108.48120406020301,110649.4430016866
108.491199559978,110690.22976698882
108.50119505975299,110731.027807135
108.51119055952798,110771.83712420282
108.52118605930296,110812.65772027009
108.53118155907795,110853.48959741485
108.54117705885294,110894.33275771528
108.55117255862793,110935.18720324982
108.56116805840291,110976.05293609705
108.57116355817791,111016.92995833584
108.5811590579529,111057.818272045
108.59115455772789,111098.71787930385
108.60115005750288,111139.62878219166
108.61114555727787,111180.55098278805
108.62114105705285,111221.48448317277
108.63113655682784,111262.42928542571
108.64113205660283,111303.38539162702
108.65112755637782,111344.35280385702
108.6611230561528,111385.33152419624
108.67111855592779,111426.32155472533
108.68111405570278,111467.32289752529
108.69110955547778,111508.33555467715
108.70110505525277,111549.35952826215
108.71110055502776,111590.39482036179
108.72109605480274,111631.44143305771
108.73109155457773,111672.49936843179
108.74108705435272,111713.56862856606
108.7510825541277,111754.64921554278
108.7610780539027,111795.74113144433
108.77107355367768,111836.84437835337
108.78106905345267,111877.95895835271
108.79106455322766,111919.08487352531
108.80106005300264,111960.22212595439
108.81105555277765,112001.37071772339
108.82105105255263,112042.53065091578
108.83104655232762,112083.70192761537
108.84104205210261,112124.88454990611
108.8510375518776,112166.07851987214
108.86103305165258,112207.28383959785
108.87102855142757,112248.50051116772
108.88102405120256,112289.72853666652
108.89101955097755,112330.96791817909
108.90101505075253,112372.21865779063
108.91101055052752,112413.48075758637
108.92100605030251,112454.75421965183
108.93100155007751,112496.0390460727
108.9409970498525,112537.33523893483
108.95099254962749,112578.64280032426
108.96098804940247,112619.96173232728
108.97098354917746,112661.29203703033
108.98097904895245,112702.63371652002
108.99097454872744,112743.9867728832
109.00097004850242,112785.35120820694
109.01096554827741,112826.72702457836
109.0209610480524,112868.11422408493
109.03095654782739,112909.5128088142
109.04095204760237,112950.92278085399
109.05094754737736,112992.34414229226
109.06094304715236,113033.77689521725
109.07093854692735,113075.2210417172
109.08093404670234,113116.6765838807
109.09092954647733,113158.1435237965
109.10092504625231,113199.62186355355
109.1109205460273,113241.11160524098
109.12091604580229,113282.6127509481
109.13091154557728,113324.12530276438
109.14090704535226,113365.64926277958
109.15090254512725,113407.18463308357
109.16089804490224,113448.73141576641
109.17089354467723,113490.2896129184
109.18088904445223,113531.85922663005
109.19088454422722,113573.4402589919
109.2008800440022,113615.03271209488
109.21087554377719,113656.63658802999
109.22087104355218,113698.2518888885
109.23086654332717,113739.87861676181
109.24086204310215,113781.51677374155
109.25085754287714,113823.16636191947
109.26085304265213,113864.82738338766
109.27084854242712,113906.49984023825
109.2808440422021,113948.1837345636
109.29083954197709,113989.87906845633
109.3008350417521,114031.58584400926
109.31083054152708,114073.3040633152
109.32082604130207,114115.03372846736
109.33082154107706,114156.77484155908
109.34081704085204,114198.52740468386
109.35081254062703,114240.29141993546
109.36080804040202,114282.06688940778
109.37080354017701,114323.85381519493
109.380799039952,114365.6521993912
109.39079453972698,114407.46204409104
109.40079003950197,114449.28335138917
109.41078553927696,114491.11612338043
109.42078103905196,114532.96036215997
109.43077653882695,114574.81606982289
109.44077203860193,114616.6832484647
109.45076753837692,114658.56190018107
109.46076303815191,114700.45202706777
109.4707585379269,114742.35363122083
109.48075403770189,114784.26671473648
109.49074953747687,114826.19127971111
109.50074503725186,114868.1273282413
109.51074053702685,114910.07486242383
109.52073603680184,114952.0338843557
109.53073153657682,114994.00439613404
109.54072703635181,115035.98639985625
109.55072253612681,115077.9798976199
109.5607180359018,115119.9848915226
109.57071353567679,115162.00138366238
109.58070903545178,115204.02937613735
109.59070453522676,115246.06887104579
109.60070003500175,115288.11987048625
109.61069553477674,115330.1823765574
109.62069103455173,115372.25639135814
109.63068653432671,115414.34191698753
109.6406820341017,115456.43895554487
109.65067753387669,115498.5475091296
109.66067303365168,115540.66757984135
109.67066853342668,115582.79916978008
109.68066403320167,115624.94228104569
109.69065953297665,115667.09691573842
109.70065503275164,115709.26307595875
109.71065053252663,115751.44076380726
109.72064603230162,115793.62998138474
109.7306415320766,115835.83073079224
109.74063703185159,115878.04301413086
109.75063253162658,115920.26683350206
109.76062803140157,115962.50219100734
109.77062353117655,116004.74908874847
109.78061903095154,116047.00752882745
109.79061453072654,116089.27751334643
109.80061003050153,116131.55904440765
109.81060553027652,116173.85212411366
109.8206010300515,116216.15675456723
109.8305965298265,116258.47293787124
109.84059202960148,116300.80067612875
109.85058752937647,116343.1399714431
109.86058302915146,116385.49082591775
109.87057852892644,116427.85324165638
109.88057402870143,116470.22722076287
109.89056952847642,116512.61276534124
109.9005650282514,116555.00987749579
109.9105605280264,116597.4185593309
109.9205560278014,116639.83881295126
109.93055152757638,116682.27064046162
109.94054702735137,116724.71404396702
109.95054252712636,116767.16902557267
109.96053802690135,116809.63558738396
109.97053352667633,116852.11373150653
109.98052902645132,116894.60346004607
109.99052452622631,116937.1047751086
110.0005200260013,116979.61767880025
110.01051552577628,117022.14217322742
110.02051102555127,117064.67826049661
110.03050652532626,117107.22594271458
110.04050202510126,117149.78522198832
110.05049752487625,117192.35610042482
110.06049302465124,117234.93858013143
110.07048852442622,117277.53266321568
110.08048402420121,117320.13835178525
110.0904795239762,117362.75564794803
110.10047502375119,117405.38455381208
110.11047052352617,117448.02507148568
110.12046602330116,117490.6772030773
110.13046152307615,117533.34095069554
110.14045702285114,117576.01631644928
110.15045252262613,117618.70330244757
110.16044802240113,117661.40191079966
110.17044352217611,117704.11214361484
110.1804390219511,117746.83400300279
110.19043452172609,117789.56749107334
110.20043002150108,117832.31260993643
110.21042552127606,117875.06936170225
110.22042102105105,117917.83774848118
110.23041652082604,117960.61777238379
110.24041202060103,118003.40943552084
110.25040752037602,118046.21274000323
110.260403020151,118089.02768794216
110.27039851992599,118131.85428144892
110.28039401970099,118174.69252263512
110.29038951947598,118217.54241361233
110.30038501925097,118260.4039564925
110.31038051902595,118303.27715338774
110.32037601880094,118346.16200641036
110.33037151857593,118389.05851767279
110.34036701835092,118431.96668928776
110.3503625181259,118474.88652336806
110.3603580179009,118517.81802202678
110.37035351767588,118560.76118737715
110.38034901745087,118603.71602153264
110.39034451722586,118646.68252660683
110.40034001700084,118689.66070471359
110.41033551677585,118732.65055796692
110.42033101655083,118775.65208848094
110.43032651632582,118818.6652983701
110.44032201610081,118861.69018974897
110.4503175158758,118904.72676473238
110.46031301565078,118947.7750254352
110.47030851542577,118990.83497397265
110.48030401520076,119033.90661246008
110.49029951497575,119076.98994301302
110.50029501475073,119120.08496774717
110.51029051452572,119163.1916887785
110.52028601430071,119206.3101082231
110.53028151407571,119249.44022819733
110.5402770138507,119292.58205081758
110.55027251362569,119335.73557820062
110.56026801340067,119378.90081246328
110.57026351317566,119422.07775572267
110.58025901295065,119465.26641009604
110.59025451272564,119508.46677770083
110.60025001250062,119551.6788606547
110.61024551227561,119594.90266107551
110.6202410120506,119638.13818108123
110.63023651182559,119681.38542279015
110.64023201160057,119724.64438832062
110.65022751137558,119767.91507979135
110.66022301115056,119811.19749932096
110.67021851092555,119854.49164902854
110.68021401070054,119897.79753103325
110.69020951047553,119941.11514745446
110.70020501025051,119984.44450041174
110.7102005100255,120027.78559202485
110.72019600980049,120071.13842441369
110.73019150957548,120114.50299969842
110.74018700935046,120157.87931999935
110.75018250912545,120201.26738743705
110.76017800890044,120244.66720413216
110.77017350867543,120288.07877220561
110.78016900845043,120331.50209377856
110.79016450822542,120374.93717097216
110.8001600080004,120418.38400590795
110.81015550777539,120461.84260070758
110.82015100755038,120505.31295749289
110.83014650732537,120548.79507838599
110.84014200710035,120592.28896550907
110.85013750687534,120635.79462098458
110.86013300665033,120679.31204693513
110.87012850642532,120722.84124548355
110.8801240062003,120766.38221875281
110.89011950597529,120809.93496886615
110.9001150057503,120853.49949794702
110.91011050552528,120897.07580811883
110.92010600530027,120940.66390150542
110.93010150507526,120984.26378023082
110.94009700485024,121027.87544641909
110.95009250462523,121071.49890219464
110.96008800440022,121115.13414968197
110.97008350417521,121158.78119100582
110.9800790039502,121202.44002829114
110.99007450372518,121246.11066366297
111.00007000350017,121289.7930992467
111.01006550327516,121333.48733716775
111.02006100305016,121377.19337955189
111.03005650282515,121420.91122852487
111.04005200260013,121464.64088621284
111.05004750237512,121508.38235474205
111.06004300215011,121552.13563623892
111.0700385019251,121595.90073283014
111.08003400170008,121639.67764664252
111.09002950147507,121683.46637980307
111.10002500125006,121727.26693443902
111.11002050102505,121771.07931267776
111.12001600080004,121814.90351664693
111.13001150057502,121858.73954847429
111.14000700035002,121902.58741028787
111.15000250012501,121946.44710421577
111.1599979999,121990.31863238636
111.16999349967499,122034.20199692823
111.17998899944998,122078.09719997013
111.18998449922496,122122.00424364097
111.19997999899995,122165.92313006989
111.20997549877494,122209.85386138623
111.21997099854993,122253.79643971947
111.22996649832491,122297.75086719934
111.2399619980999,122341.71714595574
111.24995749787489,122385.69527811874
111.25995299764988,122429.68526581864
111.26994849742488,122473.68711118594
111.27994399719987,122517.7008163512
111.28993949697485,122561.72638344532
111.29993499674984,122605.76381459937
111.30993049652483,122649.81311194455
111.31992599629982,122693.87427761231
111.3299214960748,122737.94731373427
111.33991699584979,122782.03222244223
111.34991249562478,122826.12900586819
111.35990799539977,122870.23766614436
111.36990349517475,122914.3582054031
111.37989899494974,122958.490625777
111.38989449472474,123002.63492939888
111.39988999449973,123046.79111840157
111.40988549427472,123090.9591949183
111.4198809940497,123135.13916108242
111.4298764938247,123179.33101902742
111.43987199359968,123223.53477088705
111.44986749337467,123267.75041879523
111.45986299314966,123311.97796488606
111.46985849292464,123356.21741129384
111.47985399269963,123400.46876015303
111.48984949247462,123444.73201359836
111.4998449922496,123489.0071737647
111.50984049202461,123533.29424278712
111.5198359917996,123577.5932228008
111.52983149157458,123621.90411594124
111.53982699134957,123666.22692434407
111.54982249112456,123710.56165014513
111.55981799089955,123754.90829548043
111.56981349067453,123799.26686248615
111.57980899044952,123843.63735329878
111.58980449022451,123888.01977005483
111.5997999899995,123932.41411489113
111.60979548977448,123976.82038994465
111.61979098954947,124021.23859735255
111.62978648932446,124065.6687392522
111.63978198909946,124110.11081778123
111.64977748887445,124154.56483507721
111.65977298864944,124199.03079327817
111.66976848842442,124243.50869452226
111.67976398819941,124287.99854094774
111.6897594879744,124332.50033469316
111.69975498774939,124377.01407789721
111.70975048752437,124421.5397726988
111.71974598729936,124466.07742123699
111.72974148707435,124510.62702565103
111.73973698684934,124555.18858808045
111.74973248662432,124599.76211066483
111.75972798639933,124644.34759554417
111.76972348617431,124688.94504485832
111.7797189859493,124733.55446074759
111.78971448572429,124778.17584535242
111.79970998549928,124822.80920081341
111.80970548527426,124867.45452927134
111.81970098504925,124912.11183286729
111.82969648482424,124956.78111374236
111.83969198459923,125001.46237403795
111.84968748437421,125046.15561589567
111.8596829841492,125090.86084145724
111.86967848392419,125135.57805286464
111.87967398369919,125180.30725226009
111.88966948347418,125225.04844178575
111.89966498324917,125269.80162358425
111.90966048302415,125314.56679979833
111.91965598279914,125359.34397257083
111.92965148257413,125404.13314404493
111.93964698234912,125448.9343163639
111.9496424821241,125493.74749167121
111.95963798189909,125538.57267211053
111.96963348167408,125583.40985982574
111.97962898144907,125628.25905696093
111.98962448122406,125673.1202656603
111.99961998099906,125717.9934880684
112.00961548077404,125762.87872632971
112.01961098054903,125807.77598258913
112.02960648032402,125852.68525899164
112.03960198009901,125897.60655768252
112.049597479874,125942.53988080712
112.05959297964898,125987.48523051104
112.06958847942397,126032.44260894005
112.07958397919896,126077.41201824015
112.08957947897395,126122.3934605575
112.09957497874893,126167.38693803846
112.10957047852392,126212.39245282956
112.11956597829891,126257.41000707755
112.12956147807391,126302.4396029294
112.1395569778489,126347.48124253217
112.14955247762389,126392.53492803316
112.15954797739887,126437.60066157993
112.16954347717386,126482.67844532015
112.17953897694885,126527.76828140172
112.18953447672384,126572.8701719727
112.19952997649882,126617.98411918138
112.20952547627381,126663.11012517623
112.2195209760488,126708.24819210588
112.22951647582379,126753.39832211919
112.23951197559877,126798.5605173652
112.24950747537378,126843.73477999319
112.25950297514876,126888.92111215244
112.26949847492375,126934.11951599266
112.27949397469874,126979.32999366363
112.28948947447373,127024.55254731534
112.29948497424871,127069.78717909798
112.3094804740237,127115.03389116193
112.31947597379869,127160.29268565775
112.32947147357368,127205.5635647362
112.33946697334866,127250.84653054825
112.34946247312365,127296.14158524503
112.35945797289864,127341.44873097785
112.36945347267364,127386.76796989834
112.37944897244863,127432.09930415804
112.38944447222362,127477.44273590898
112.3994399719986,127522.79826730318
112.40943547177359,127568.16590049303
112.41943097154858,127613.54563763092
112.42942647132357,127658.93748086959
112.43942197109855,127704.34143236186
112.44941747087354,127749.75749426079
112.45941297064853,127795.18566871967
112.46940847042352,127840.6259578919
112.4794039701985,127886.07836393111
112.48939946997349,127931.54288899114
112.4993949697485,127977.01953522606
112.50939046952348,128022.50830478995
112.51938596929847,128068.00919983725
112.52938146907346,128113.52222252256
112.53937696884844,128159.04737500066
112.54937246862343,128204.58465942655
112.55936796839842,128250.13407795534
112.5693634681734,128295.6956327424
112.5793589679484,128341.26932594329
112.58935446772338,128386.85515971374
112.59934996749837,128432.45313620966
112.60934546727336,128478.06325758719
112.61934096704836,128523.6855260027
112.62933646682335,128569.31994361254
112.63933196659833,128614.96651257349
112.64932746637332,128660.6252350424
112.65932296614831,128706.29611317643
112.6693184659233,128751.97914913278
112.67931396569828,128797.6743450689
112.68930946547327,128843.38170314247
112.69930496524826,128889.1012255113
112.70930046502325,128934.83291433347
112.71929596479823,128980.57677176716
112.72929146457322,129026.33279997081
112.73928696434822,129072.1010011031
112.74928246412321,129117.88137732266
112.7592779638982,129163.67393078859
112.76927346367319,129209.47866366002
112.77926896344817,129255.29557809638
112.78926446322316,129301.12467625717
112.79925996299815,129346.96596030222
112.80925546277314,129392.81943239144
112.81925096254813,129438.68509468493
112.82924646232311,129484.56294934306
112.8392419620981,129530.45299852637
112.84923746187309,129576.35524439553
112.85923296164809,129622.26968911153
112.86922846142308,129668.19633483535
112.87922396119806,129714.1351837283
112.88921946097305,129760.08623795188
112.89921496074804,129806.04949966779
112.90921046052303,129852.02497103781
112.91920596029802,129898.01265422409
112.929201460073,129944.0125513888
112.93919695984799,129990.02466469443
112.94919245962298,130036.04899630358
112.95918795939797,130082.08554837905
112.96918345917295,130128.13432308387
112.97917895894794,130174.19532258125
112.98917445872294,130220.26854903459
112.99916995849793,130266.35400460742
113.00916545827292,130312.45169146355
113.0191609580479,130358.56161176693
113.02915645782289,130404.68376768175
113.03915195759788,130450.81816137233
113.04914745737287,130496.96479500321
113.05914295714786,130543.12367073915
113.06913845692284,130589.29479074503
113.07913395669783,130635.47815718602
113.08912945647282,130681.67377222737
113.0991249562478,130727.88163803463
113.10912045602281,130774.10175677351
113.1191159557978,130820.33413060979
113.12911145557278,130866.57876170959
113.13910695534777,130912.83565223917
113.14910245512276,130959.104804365
113.15909795489775,131005.38622025373
113.16909345467273,131051.67990207217
113.17908895444772,131097.98585198738
113.18908445422271,131144.30407216656
113.1990799539977,131190.6345647771
113.20907545377268,131236.97733198668
113.21907095354767,131283.33237596301
113.22906645332267,131329.6996988742
113.23906195309766,131376.07930288825
113.24905745287265,131422.47119017364
113.25905295264764,131468.87536289886
113.26904845242262,131515.29182323275
113.27904395219761,131561.7205733442
113.2890394519726,131608.16161540235
113.29903495174759,131654.61495157654
113.30903045152257,131701.08058403627
113.31902595129756,131747.5585149513
113.32902145107255,131794.0487464914
113.33901695084754,131840.55128082682
113.34901245062252,131887.06612012774
113.35900795039753,131933.59326656474
113.36900345017251,131980.13272230834
113.3789989499475,132026.68448952946
113.38899444972249,132073.24857039916
113.39898994949748,132119.82496708867
113.40898544927246,132166.41368176945
113.41898094904745,132213.01471661308
113.42897644882244,132259.6280737914
113.43897194859743,132306.25375547638
113.44896744837241,132352.89176384028
113.4589629481474,132399.54210105547
113.46895844792239,132446.20476929448
113.47895394769739,132492.8797707302
113.48894944747238,132539.5671075354
113.49894494724737,132586.26678188337
113.50894044702235,132632.97879594745
113.51893594679734,132679.70315190114
113.52893144657233,132726.43985191814
113.53892694634732,132773.18889817243
113.5489224461223,132819.95029283813
113.55891794589729,132866.72403808948
113.56891344567228,132913.51013610105
113.57890894544727,132960.30858904743
113.58890444522225,133007.11939910357
113.59889994499726,133053.9425684446
113.60889544477224,133100.7780992456
113.61889094454723,133147.62599368216
113.62888644432222,133194.48625392985
113.63888194409721,133241.3588821645
113.6488774438722,133288.24388056222
113.65887294364718,133335.14125129915
113.66886844342217,133382.05099655173
113.67886394319716,133428.97311849656
113.68885944297215,133475.9076193104
113.69885494274713,133522.85450117028
113.70885044252212,133569.8137662533
113.71884594229712,133616.78541673697
113.72884144207211,133663.7694547987
113.7388369418471,133710.76588261625
113.74883244162208,133757.7747023676
113.75882794139707,133804.7959162309
113.76882344117206,133851.82952638445
113.77881894094705,133898.87553500675
113.78881444072204,133945.9339442765
113.79880994049702,133993.00475637263
113.80880544027201,134040.0879734742
113.818800940047,134087.1835977605
113.82879643982199,134134.291631411
113.83879193959697,134181.41207660537
113.84878743937197,134228.5449355235
113.85878293914696,134275.69021034535
113.86877843892195,134322.84790325115
113.87877393869694,134370.0180164214
113.88876943847193,134417.2005520367
113.89876493824691,134464.39551227784
113.9087604380219,134511.6028993258
113.91875593779689,134558.82271536184
113.92875143757188,134606.0549625673
113.93874693734686,134653.29964312376
113.94874243712185,134700.556759213
113.95873793689684,134747.826313017
113.96873343667184,134795.10830671788
113.97872893644683,134842.40274249797
113.98872443622182,134889.7096225398
113.9987199359968,134937.0289490261
114.00871543577179,134984.3607241398
114.01871093554678,135031.704950064
114.02870643532177,135079.06162898205
114.03870193509675,135126.43076307734
114.04869743487174,135173.8123545336
114.05869293464673,135221.20640553473
114.06868843442172,135268.61291826473
114.0786839341967,135316.0318949079
114.0886794339717,135363.4633376488
114.0986749337467,135410.90724867184
114.10867043352168,135458.36363016197
114.11866593329667,135505.8324843042
114.12866143307166,135553.31381328375
114.13865693284664,135600.807619286
114.14865243262163,135648.31390449658
114.15864793239662,135695.83267110126
114.1686434321716,135743.363921286
114.1786389319466,135790.907657237
114.18863443172158,135838.4638811406
114.19862993149657,135886.03259518338
114.20862543127157,135933.61380155213
114.21862093104656,135981.20750243362
114.22861643082155,136028.81370001513
114.23861193059653,136076.43239648387
114.24860743037152,136124.06359402745
114.25860293014651,136171.7072948335
114.2685984299215,136219.36350108995
114.27859392969648,136267.03221498485
114.28858942947147,136314.7134387065
114.29858492924646,136362.4071744434
114.30858042902145,136410.11342438412
114.31857592879643,136457.83219071757
114.32857142857142,136505.56347563284
114.33856692834642,136553.3072813191
114.34856242812141,136601.06360996573
114.3585579278964,136648.8324637624
114.36855342767139,136696.6138448989
114.37854892744637,136744.40775556525
114.38854442722136,136792.2141979516
114.39853992699635,136840.03317424838
114.40853542677134,136887.86468664612
114.41853092654632,136935.7087373356
114.42852642632131,136983.56532850777
114.4385219260963,137031.43446235382
114.44851742587129,137079.31614106504
114.45851292564629,137127.21036683302
114.46850842542128,137175.11714184936
114.47850392519626,137223.03646830603
114.48849942497125,137270.96834839517
114.49849492474624,137318.912784309
114.50849042452123,137366.86977824013
114.51848592429621,137414.83933238112
114.5284814240712,137462.8214489249
114.53847692384619,137510.8161300645
114.54847242362118,137558.82337799316
114.55846792339617,137606.8431949044
114.56846342317115,137654.87558299175
114.57845892294615,137702.92054444918
114.58845442272114,137750.97808147056
114.59844992249613,137799.04819625014
114.60844542227112,137847.1308909823
114.6184409220461,137895.2261678617
114.62843642182109,137943.33402908308
114.63843192159608,137991.45447684143
114.64842742137107,138039.58751333194
114.65842292114606,138087.7331407499
114.66841842092104,138135.89136129085
114.67841392069603,138184.06217715063
114.68840942047102,138232.2455905251
114.698404920246,138280.44160361044
114.70840042002101,138328.65021860294
114.718395919796,138376.87143769904
114.72839141957098,138425.10526309547
114.73838691934597,138473.35169698912
114.74838241912096,138521.6107415771
114.75837791889595,138569.8823990567
114.76837341867093,138618.16667162534
114.77836891844592,138666.46356148063
114.78836441822091,138714.77307082052
114.7983599179959,138763.09520184298
114.80835541777088,138811.42995674626
114.81835091754587,138859.77733772874
114.82834641732087,138908.13734698918
114.83834191709586,138956.50998672616
114.84833741687085,139004.8952591388
114.85833291664584,139053.29316642624
114.86832841642082,139101.7037107879
114.87832391619581,139150.12689442333
114.8883194159708,139198.56271953232
114.89831491574579,139247.01118831476
114.90831041552077,139295.4723029708
114.91830591529576,139343.94606570085
114.92830141507075,139392.43247870536
114.93829691484574,139440.93154418506
114.94829241462074,139489.44326434095
114.95828791439573,139537.96764137395
114.96828341417071,139586.50467748547
114.9782789139457,139635.05437487699
114.98827441372069,139683.61673575014
114.99826991349568,139732.19176230681
115.00826541327066,139780.77945674906
115.01826091304565,139829.37982127914
115.02825641282064,139877.99285809946
115.03825191259563,139926.6185694127
115.04824741237061,139975.25695742166
115.0582429121456,140023.9080243293
115.0682384119206,140072.571772339
115.07823391169559,140121.24820365396
115.08822941147058,140169.9373204778
115.09822491124557,140218.63912501434
115.10822041102055,140267.35361946758
115.11821591079554,140316.08080604163
115.12821141057053,140364.82068694086
115.13820691034552,140413.57326436983
115.1482024101205,140462.33854053327
115.15819790989549,140511.11651763608
115.16819340967048,140559.9071978834
115.17818890944547,140608.71058348057
115.18818440922045,140657.52667663305
115.19817990899546,140706.35547954662
115.20817540877044,140755.196994427
115.21817090854543,140804.05122348038
115.22816640832042,140852.918168913
115.2381619080954,140901.7978329313
115.2481574078704,140950.690217742
115.25815290764538,140999.59532555187
115.26814840742037,141048.51315856798
115.27814390719536,141097.44371899753
115.28813940697034,141146.38700904796
115.29813490674533,141195.34303092686
115.30813040652032,141244.31178684204
115.31812590629532,141293.29327900155
115.32812140607031,141342.28750961344
115.3381169058453,141391.29448088614
115.34811240562028,141440.31419502824
115.35810790539527,141489.34665424848
115.36810340517026,141538.3918607558
115.37809890494525,141587.44981675936
115.38809440472023,141636.52052446845
115.39808990449522,141685.60398609264
115.40808540427021,141734.7002038416
115.4180809040452,141783.80917992527
115.42807640382019,141832.93091655374
115.43807190359519,141882.06541593734
115.44806740337017,141931.21268028644
115.45806290314516,141980.37271181174
115.46805840292015,142029.54551272417
115.47805390269514,142078.7310852347
115.48804940247012,142127.92943155466
115.49804490224511,142177.1405538954
115.5080404020201,142226.3644544686
115.51803590179509,142275.60113548607
115.52803140157008,142324.8505991598
115.53802690134506,142374.112847702
115.54802240112005,142423.38788332508
115.55801790089504,142472.67570824162
115.56801340067004,142521.97632466443
115.57800890044503,142571.2897348064
115.58800440022002,142620.6159408807
115.597999899995,142669.9549451007
115.60799539976999,142719.30674967996
115.61799089954498,142768.6713568322
115.62798639931997,142818.04876877132
115.63798189909495,142867.43898771144
115.64797739886994,142916.84201586692
115.65797289864493,142966.2578554522
115.66796839841992,143015.686508682
115.6779638981949,143065.12797777116
115.6879593979699,143114.58226493487
115.69795489774489,143164.04937238825
115.70795039751988,143213.5293023468
115.71794589729487,143263.0220570262
115.72794139706986,143312.5276386422
115.73793689684484,143362.04604941094
115.74793239661983,143411.5772915486
115.75792789639482,143461.12136727155
115.7679233961698,143510.67827879646
115.7779188959448,143560.2480283401
115.78791439571978,143609.83061811945
115.79790989549477,143659.42605035167
115.80790539526977,143709.03432725425
115.81790089504476,143758.65545104456
115.82789639481975,143808.28942394044
115.83789189459473,143857.93624815985
115.84788739436972,143907.59592592088
115.85788289414471,143957.2684594419
115.8678783939197,144006.95385094144
115.87787389369468,144056.65210263812
115.88786939346967,144106.36321675096
115.89786489324466,144156.08719549899
115.90786039301965,144205.82404110147
115.91785589279463,144255.5737557779
115.92785139256964,144305.33634174804
115.93784689234462,144355.1118012316
115.94784239211961,144404.90013644868
115.9578378918946,144454.70134961948
115.96783339166959,144504.51544296453
115.97782889144457,144554.34241870436
115.98782439121956,144604.18227905984
115.99781989099455,144654.03502625198
116.00781539076954,144703.90066250192
116.01781089054452,144753.7791900311
116.02780639031951,144803.67061106113
116.0378018900945,144853.5749278137
116.04779738986949,144903.4921425108
116.05779288964449,144953.42225737468
116.06778838941948,145003.36527462752
116.07778388919446,145053.32119649198
116.08777938896945,145103.29002519068
116.09777488874444,145153.27176294665
116.10777038851943,145203.26641198297
116.11776588829441,145253.2739745229
116.1277613880694,145303.29445278997
116.13775688784439,145353.32784900788
116.14775238761938,145403.37416540048
116.15774788739436,145453.43340419183
116.16774338716935,145503.50556760625
116.17773888694435,145553.59065786816
116.18773438671934,145603.68867720215
116.19772988649433,145653.7996278331
116.20772538626932,145703.92351198604
116.2177208860443,145754.06033188617
116.22771638581929,145804.21008975888
116.23771188559428,145854.3727878298
116.24770738536927,145904.54842832472
116.25770288514425,145954.73701346965
116.26769838491924,146004.9385454907
116.27769388469423,146055.15302661428
116.28768938446922,146105.38045906692
116.29768488424422,146155.6208450755
116.3076803840192,146205.8741868667
116.3176758837942,146256.14048666783
116.32767138356918,146306.4197467062
116.33766688334417,146356.71196920925
116.34766238311916,146407.0171564048
116.35765788289415,146457.33531052063
116.36765338266913,146507.66643378488
116.37764888244412,146558.01052842583
116.38764438221911,146608.36759667197
116.3976398819941,146658.73764075196
116.40763538176908,146709.1206628946
116.41763088154407,146759.516665329
116.42762638131907,146809.9256502844
116.43762188109406,146860.34761999012
116.44761738086905,146910.78257667588
116.45761288064404,146961.23052257148
116.46760838041902,147011.69145990687
116.47760388019401,147062.1653909123
116.487599379969,147112.65231781814
116.49759487974399,147163.15224285497
116.50759037951897,147213.66516825353
116.51758587929396,147264.1910962448
116.52758137906895,147314.73002905992
116.53757687884394,147365.28196893027
116.54757237861894,147415.84691808742
116.55756787839393,147466.42487876295
116.56756337816891,147517.01585318884
116.5775588779439,147567.61984359723
116.58755437771889,147618.23685222043
116.59754987749388,147668.86688129086
116.60754537726886,147719.50993304126
116.61754087704385,147770.16600970447
116.62753637681884,147820.8351135136
116.63753187659383,147871.51724670187
116.64752737636881,147922.21241150273
116.6575228761438,147972.92061014983
116.6675183759188,148023.64184487707
116.67751387569379,148074.37611791832
116.68750937546878,148125.12343150785
116.69750487524377,148175.88378788013
116.70750037501875,148226.65718926967
116.71749587479374,148277.44363791132
116.72749137456873,148328.24313604002
116.73748687434372,148379.05568589098
116.7474823741187,148429.88128969952
116.75747787389369,148480.7199497012
116.76747337366868,148531.57166813177
116.77746887344367,148582.43644722723
116.78746437321867,148633.31428922366
116.79745987299366,148684.2051963573
116.80745537276864,148735.10917086474
116.81745087254363,148786.0262149827
116.82744637231862,148836.95633094799
116.8374418720936,148887.89952099774
116.8474373718686,148938.85578736928
116.85743287164358,148989.8251323
116.86742837141857,149040.8075580276
116.87742387119356,149091.8030667899
116.88741937096854,149142.81166082495
116.89741487074353,149193.833342371
116.90741037051852,149244.86811366648
116.91740587029352,149295.91597695005
116.92740137006851,149346.97693446037
116.9373968698435,149398.05098843653
116.94739236961848,149449.13814111773
116.95738786939347,149500.23839474333
116.96738336916846,149551.3517515529
116.97737886894345,149602.4782137862
116.98737436871843,149653.61778368324
116.99736986849342,149704.77046348408
117.00736536826841,149755.93625542911
117.0173608680434,149807.11516175888
117.02735636781838,149858.30718471407
117.03735186759339,149909.51232653568
117.04734736736837,149960.73058946466
117.05734286714336,150011.96197574236
117.06733836691835,150063.20648761032
117.07733386669334,150114.46412731017
117.08732936646832,150165.7348970838
117.09732486624331,150217.01879917327
117.1073203660183,150268.31583582086
117.11731586579329,150319.62600926895
117.12731136556827,150370.9493217602
117.13730686534326,150422.2857755375
117.14730236511825,150473.63537284377
117.15729786489325,150524.99811592235
117.16729336466824,150576.37400701648
117.17728886444323,150627.76304836982
117.18728436421821,150679.16524222618
117.1972798639932,150730.5805908295
117.20727536376819,150782.00909642395
117.21727086354318,150833.4507612539
117.22726636331817,150884.9055875639
117.23726186309315,150936.37357759872
117.24725736286814,150987.85473360322
117.25725286264313,151039.34905782258
117.26724836241812,151090.8565525021
117.2772438621931,151142.37721988728
117.2872393619681,151193.9110622239
117.29723486174309,151245.45808175768
117.30723036151808,151297.0182807348
117.31722586129307,151348.59166140156
117.32722136106806,151400.17822600435
117.33721686084304,151451.77797678986
117.34721236061803,151503.39091600492
117.35720786039302,151555.01704589662
117.367203360168,151606.65636871217
117.377198859943,151658.3088866989
117.38719435971798,151709.97460210457
117.39718985949297,151761.65351717686
117.40718535926797,151813.3456341639
117.41718085904296,151865.05095531372
117.42717635881795,151916.76948287478
117.43717185859293,151968.5012190956
117.44716735836792,152020.246166225
117.45716285814291,152072.0043265119
117.4671583579179,152123.77570220546
117.47715385769288,152175.56029555498
117.48714935746787,152227.35810881003
117.49714485724286,152279.16914422027
117.50714035701785,152330.9934040357
117.51713585679283,152382.83089050633
117.52713135656784,152434.68160588256
117.53712685634282,152486.54555241475
117.54712235611781,152538.4227323536
117.5571178558928,152590.31314795002
117.56711335566779,152642.21680145504
117.57710885544277,152694.13369511988
117.58710435521776,152746.06383119605
117.59709985499275,152798.00721193512
117.60709535476774,152849.96383958898
117.61709085454272,152901.93371640958
117.62708635431771,152953.91684464912
117.6370818540927,153005.91322656005
117.6470773538677,153057.922864395
117.65707285364269,153109.9457604066
117.66706835341768,153161.98191684793
117.67706385319266,153214.0313359721
117.68705935296765,153266.0940200325
117.69705485274264,153318.16997128268
117.70705035251763,153370.25919197634
117.71704585229261,153422.36168436744
117.7270413520676,153474.4774507101
117.73703685184259,153526.6064932586
117.74703235161758,153578.74881426748
117.75702785139256,153630.9044159914
117.76702335116755,153683.07330068527
117.77701885094255,153735.25547060423
117.78701435071754,153787.4509280034
117.79700985049253,153839.65967513833
117.80700535026752,153891.88171426463
117.8170008500425,153944.1170476382
117.82699634981749,153996.36567751502
117.83699184959248,154048.62760615133
117.84698734936747,154100.90283580357
117.85698284914245,154153.19136872835
117.86697834891744,154205.49320718242
117.87697384869243,154257.80835342282
117.88696934846742,154310.1368097067
117.89696484824242,154362.47857829154
117.9069603480174,154414.8336614347
117.9169558477924,154467.20206139408
117.92695134756738,154519.5837804276
117.93694684734237,154571.9788207934
117.94694234711736,154624.38718474976
117.95693784689234,154676.80887455528
117.96693334666733,154729.24389246866
117.97692884644232,154781.69224074876
117.98692434621731,154834.1539216547
117.9969198459923,154886.62893744578
118.00691534576728,154939.1172903815
118.01691084554228,154991.6189827215
118.02690634531727,155044.1340167256
118.03690184509226,155096.6623946539
118.04689734486725,155149.20411876665
118.05689284464223,155201.75919132424
118.06688834441722,155254.32761458735
118.07688384419221,155306.9093908168
118.0868793439672,155359.50452227355
118.09687484374219,155412.11301121884
118.10687034351717,155464.73485991408
118.11686584329216,155517.37007062082
118.12686134306715,155570.01864560082
118.13685684284214,155622.6805871161
118.14685234261714,155675.35589742885
118.15684784239212,155728.0445788013
118.16684334216711,155780.74663349605
118.1768388419421,155833.46206377583
118.18683434171709,155886.19087190356
118.19682984149208,155938.9330601424
118.20682534126706,155991.6886307556
118.21682084104205,156044.45758600667
118.22681634081704,156097.23992815934
118.23681184059203,156150.03565947743
118.24680734036701,156202.84478222506
118.256802840142,156255.66729866652
118.266798339917,156308.50321106624
118.27679383969199,156361.35252168882
118.28678933946698,156414.21523279912
118.29678483924197,156467.09134666217
118.30678033901695,156519.9808655432
118.31677583879194,156572.88379170766
118.32677133856693,156625.8001274211
118.33676683834192,156678.72987494932
118.3467623381169,156731.67303655832
118.35675783789189,156784.6296145143
118.36675333766688,156837.5996110836
118.37674883744187,156890.58302853277
118.38674433721687,156943.57986912868
118.39673983699186,156996.5901351381
118.40673533676684,157049.61382882824
118.41673083654183,157102.6509524664
118.42672633631682,157155.70150832017
118.4367218360918,157208.76549865722
118.4467173358668,157261.8429257454
118.45671283564178,157314.9337918529
118.46670833541677,157368.03809924793
118.47670383519176,157421.155850199
118.48669933496674,157474.28704697473
118.49669483474173,157527.43169184402
118.50669033451673,157580.589787076
118.51668583429172,157633.76133493977
118.52668133406671,157686.9463377048
118.5366768338417,157740.1447976407
118.54667233361668,157793.35671701736
118.55666783339167,157846.5820981047
118.56666333316666,157899.820943173
118.57665883294165,157953.07325449257
118.58665433271663,158006.33903433403
118.59664983249162,158059.6182849682
118.60664533226661,158112.91100866592
118.6166408320416,158166.21720769847
118.62663633181658,158219.53688433714
118.63663183159159,158272.87004085354
118.64662733136657,158326.21667951925
118.65662283114156,158379.57680260626
118.66661833091655,158432.9504123867
118.67661383069154,158486.3375111329
118.68660933046652,158539.73810111728
118.69660483024151,158593.15218461258
118.7066003300165,158646.5797638917
118.71659582979149,158700.0208412276
118.72659132956647,158753.47541889368
118.73658682934146,158806.94349916332
118.74658232911645,158860.42508431015
118.75657782889145,158913.9201766081
118.76657332866644,158967.42877833106
118.77656882844143,159020.95089175328
118.78656432821641,159074.48651914924
118.7965598279914,159128.03566279347
118.80655532776639,159181.5983249608
118.81655082754138,159235.17450792616
118.82654632731636,159288.7642139648
118.83654182709135,159342.36744535205
118.84653732686634,159395.98420436349
118.85653282664133,159449.61449327483
118.86652832641632,159503.258314362
118.87652382619132,159556.91566990127
118.8865193259663,159610.58656216876
118.89651482574129,159664.27099344108
118.90651032551628,159717.96896599495
118.91650582529127,159771.68048210721
118.92650132506625,159825.40554405501
118.93649682484124,159879.1441541156
118.94649232461623,159932.8963145665
118.95648782439122,159986.6620276853
118.9664833241662,160040.44129574986
118.97647882394119,160094.2341210383
118.98647432371618,160148.04050582877
118.99646982349118,160201.86045239985
119.00646532326617,160255.69396302992
119.01646082304116,160309.54103999797
119.02645632281614,160363.4016855829
119.03645182259113,160417.275902064
119.04644732236612,160471.16369172058
119.05644282214111,160525.06505683225
119.0664383219161,160578.9799996788
119.07643382169108,160632.90852254015
119.08642932146607,160686.85062769646
119.09642482124106,160740.80631742807
119.10642032101605,160794.77559401555
119.11641582079103,160848.75845973956
119.12641132056604,160902.75491688115
119.13640682034102,160956.76496772125
119.14640232011601,161010.78861454123
119.156397819891,161064.82585962262
119.16639331966599,161118.8767052471
119.17638881944097,161172.94115369648
119.18638431921596,161227.01920725286
119.19637981899095,161281.1108681985
119.20637531876594,161335.21613881586
119.21637081854092,161389.33502138755
119.22636631831591,161443.46751819644
119.2363618180909,161497.6136315255
119.2463573178659,161551.77336365808
119.25635281764089,161605.9467168774
119.26634831741588,161660.13369346713
119.27634381719086,161714.33429571107
119.28633931696585,161768.5485258932
119.29633481674084,161822.77638629766
119.30633031651583,161877.01787920884
119.31632581629081,161931.27300691127
119.3263213160658,161985.54177168975
119.33631681584079,162039.82417582916
119.34631231561578,162094.12022161466
119.35630781539076,162148.42991133154
119.36630331516577,162202.7532472654
119.37629881494075,162257.09023170185
119.38629431471574,162311.4408669267
119.39628981449073,162365.8051552262
119.40628531426572,162420.18309888657
119.4162808140407,162474.57470019427
119.42627631381569,162528.97996143595
119.43627181359068,162583.39888489846
119.44626731336567,162637.83147286886
119.45626281314065,162692.27772763438
119.46625831291564,162746.7376514824
119.47625381269063,162801.21124670064
119.48624931246562,162855.69851557678
119.49624481224062,162910.199460399
119.5062403120156,162964.7140834553
119.5162358117906,163019.2423870341
119.52623131156558,163073.78437342402
119.53622681134057,163128.34004491378
119.54622231111556,163182.90940379244
119.55621781089054,163237.492452349
119.56621331066553,163292.08919287293
119.57620881044052,163346.69962765367
119.5862043102155,163401.323758981
119.5961998099905,163455.96158914478
119.60619530976548,163510.61312043513
119.61619080954048,163565.27835514245
119.62618630931547,163619.95729555705
119.63618180909046,163674.6499439697
119.64617730886545,163729.35630267128
119.65617280864043,163784.0763739528
119.66616830841542,163838.81016010555
119.67616380819041,163893.557663421
119.6861593079654,163948.31888619074
119.69615480774038,164003.09383070658
119.70615030751537,164057.88249926062
119.71614580729036,164112.684894145
119.72614130706535,164167.50101765216
119.73613680684035,164222.33087207473
119.74613230661534,164277.17445970536
119.75612780639032,164332.03178283712
119.76612330616531,164386.90284376315
119.7761188059403,164441.7876447768
119.78611430571529,164496.68618817168
119.79610980549027,164551.59847624146
119.80610530526526,164606.52451128015
119.81610080504025,164661.46429558177
119.82609630481524,164716.4178314407
119.83609180459023,164771.38512115146
119.84608730436521,164826.3661670087
119.85608280414021,164881.36097130744
119.8660783039152,164936.36953634256
119.87607380369019,164991.39186440944
119.88606930346518,165046.42795780353
119.89606480324017,165101.47781882048
119.90606030301515,165156.54144975616
119.91605580279014,165211.6188529066
119.92605130256513,165266.710030568
119.93604680234012,165321.8149850368
119.9460423021151,165376.93371860962
119.95603780189009,165432.06623358326
119.96603330166508,165487.2125322547
119.97602880144007,165542.37261692117
119.98602430121507,165597.54648988007
119.99601980099006,165652.73415342884
120.00601530076504,165707.93560986532
120.01601080054003,165763.15086148746
120.02600630031502,165818.37991059342
120.03600180009,165873.62275948148
120.045997299865,165928.87941045023
120.05599279963998,165984.14986579836
120.06598829941497,166039.43412782476
120.07598379918996,166094.73219882857
120.08597929896494,166150.04408110905
120.09597479873993,166205.36977696573
120.10597029851493,166260.70928869827
120.11596579828992,166316.0626186065
120.12596129806491,166371.42976899043
120.1359567978399,166426.8107421504
120.14595229761488,166482.20554038687
120.15594779738987,166537.61416600036
120.16594329716486,166593.0366212918
120.17593879693985,166648.47290856214
120.18593429671483,166703.9230301126
120.19592979648982,166759.3869882446
120.20592529626481,166814.86478525974
120.2159207960398,166870.35642345974
120.2259162958148,166925.86190514668
120.23591179558979,166981.3812326226
120.24590729536477,167036.91440818988
120.25590279513976,167092.4614341511
120.26589829491475,167148.02231280901
120.27589379468974,167203.5970464665
120.28588929446472,167259.18563742668
120.29588479423971,167314.78808799293
120.3058802940147,167370.40440046866
120.31587579378969,167426.03457715764
120.32587129356467,167481.67862036376
120.33586679333966,167537.33653239103
120.34586229311465,167593.00831554376
120.35585779288965,167648.69397212646
120.36585329266464,167704.3935044437
120.37584879243963,167760.10691480033
120.38584429221461,167815.8342055014
120.3958397919896,167871.57537885214
120.40583529176459,167927.33043715797
120.41583079153958,167983.09938272447
120.42582629131456,168038.88221785746
120.43582179108955,168094.67894486297
120.44581729086454,168150.48956604715
120.45581279063953,168206.31408371634
120.46580829041451,168262.15250017715
120.47580379018952,168318.00481773642
120.4857992899645,168373.8710387009
120.49579478973949,168429.75116537785
120.50579028951448,168485.64520007456
120.51578578928947,168541.5531450986
120.52578128906445,168597.47500275765
120.53577678883944,168653.41077535963
120.54577228861443,168709.3604652126
120.55576778838942,168765.32407462492
120.5657632881644,168821.301605905
120.57575878793939,168877.29306136156
120.58575428771438,168933.2984433034
120.59574978748938,168989.31775403977
120.60574528726437,169045.35099587962
120.61574078703936,169101.39817113255
120.62573628681434,169157.45928210818
120.63573178658933,169213.53433111627
120.64572728636432,169269.62332046693
120.65572278613931,169325.72625247025
120.6657182859143,169381.8431294367
120.67571378568928,169437.97395367685
120.68570928546427,169494.11872750148
120.69570478523926,169550.27745322156
120.70570028501425,169606.4501331482
120.71569578478925,169662.6367695929
120.72569128456423,169718.837364867
120.73568678433922,169775.05192128234
120.74568228411421,169831.28044115083
120.7556777838892,169887.52292678456
120.76567328366419,169943.77938049586
120.77566878343917,170000.04980459728
120.78566428321416,170056.33420140142
120.79565978298915,170112.63257322123
120.80565528276414,170168.94492236973
120.81565078253912,170225.27125116021
120.82564628231411,170281.61156190617
120.8356417820891,170337.9658569212
120.8456372818641,170394.33413851922
120.85563278163909,170450.71640901413
120.86562828141408,170507.1126707202
120.87562378118906,170563.5229259519
120.88561928096405,170619.94717702374
120.89561478073904,170676.3854262506
120.90561028051403,170732.83767594746
120.91560578028901,170789.30392842944
120.925601280064,170845.78418601197
120.93559677983899,170902.27845101056
120.94559227961398,170958.78672574103
120.95558777938896,171015.30901251928
120.96558327916397,171071.8453136615
120.97557877893895,171128.3956314839
120.98557427871394,171184.9599683031
120.99556977848893,171241.53832643575
121.00556527826392,171298.1307081988
121.0155607780389,171354.7371159093
121.02555627781389,171411.35755188455
121.03555177758888,171467.99201844205
121.04554727736387,171524.64051789945
121.05554277713885,171581.3030525746
121.06553827691384,171637.97962478554
121.07553377668883,171694.67023685056
121.08552927646383,171751.37489108814
121.09552477623882,171808.09358981674
121.1055202760138,171864.82633535526
121.1155157757888,171921.57313002268
121.12551127556378,171978.33397613824
121.13550677533877,172035.10887602135
121.14550227511376,172091.89783199152
121.15549777488874,172148.7008463686
121.16549327466373,172205.51792147243
121.17548877443872,172262.34905962335
121.1854842742137,172319.19426314154
121.1954797739887,172376.05353434762
121.20547527376368,172432.92687556232
121.21547077353868,172489.8142891066
121.22546627331367,172546.71577730146
121.23546177308866,172603.63134246823
121.24545727286365,172660.56098692847
121.25545277263863,172717.50471300381
121.26544827241362,172774.46252301618
121.27544377218861,172831.4344192876
121.2854392719636,172888.4204041403
121.29543477173858,172945.42047989686
121.30543027151357,173002.43464887983
121.31542577128856,173059.46291341205
121.32542127106355,173116.50527581654
121.33541677083855,173173.56173841664
121.34541227061354,173230.6323035356
121.35540777038852,173287.71697349704
121.36540327016351,173344.8157506248
121.3753987699385,173401.92863724285
121.38539426971349,173459.05563567535
121.39538976948847,173516.1967482467
121.40538526926346,173573.35197728145
121.41538076903845,173630.52132510432
121.42537626881344,173687.70479404027
121.43537176858842,173744.90238641447
121.44536726836341,173802.11410455217
121.45536276813841,173859.33995077902
121.4653582679134,173916.57992742053
121.47535376768839,173973.83403680273
121.48534926746338,174031.1022812516
121.49534476723836,174088.38466309357
121.50534026701335,174145.681184655
121.51533576678834,174202.9918482626
121.52533126656333,174260.31665624323
121.53532676633831,174317.6556109239
121.5453222661133,174375.00871463184
121.55531776588829,174432.37596969455
121.56531326566328,174489.75737843956
121.57530876543828,174547.15294319487
121.58530426521327,174604.56266628823
121.59529976498825,174661.98655004794
121.60529526476324,174719.4245968024
121.61529076453823,174776.8768088802
121.62528626431322,174834.34318861004
121.6352817640882,174891.82373832096
121.64527726386319,174949.31846034207
121.65527276363818,175006.82735700274
121.66526826341317,175064.35043063248
121.67526376318816,175121.887683561
121.68525926296314,175179.43911811826
121.69525476273813,175237.00473663435
121.70525026251313,175294.58454143966
121.71524576228812,175352.17853486448
121.72524126206311,175409.78671923964
121.7352367618381,175467.40909689592
121.74523226161308,175525.0456701645
121.75522776138807,175582.69644137655
121.76522326116306,175640.36141286357
121.77521876093805,175698.04058695713
121.78521426071303,175755.73396598914
121.79520976048802,175813.4415522916
121.80520526026301,175871.16334819671
121.815200760038,175928.89935603688
121.825196259813,175986.6495781448
121.83519175958799,176044.4140168531
121.84518725936297,176102.19267449479
121.85518275913796,176159.9855534031
121.86517825891295,176217.79265591135
121.87517375868794,176275.6139843531
121.88516925846292,176333.44954106215
121.89516475823791,176391.29932837238
121.9051602580129,176449.16334861793
121.91515575778789,176507.04160413315
121.92515125756287,176564.9340972525
121.93514675733786,176622.8408303107
121.94514225711286,176680.76180564275
121.95513775688785,176738.69702558356
121.96513325666284,176796.64649246848
121.97512875643783,176854.61020863295
121.98512425621281,176912.58817641268
121.9951197559878,176970.58039814353
122.00511525576279,177028.58687616148
122.01511075553778,177086.60761280282
122.02510625531276,177144.6426104039
122.03510175508775,177202.69187130145
122.04509725486274,177260.7553978322
122.05509275463773,177318.83319233314
122.06508825441271,177376.9252571415
122.07508375418772,177435.03159459474
122.0850792539627,177493.15220703027
122.09507475373769,177551.2870967859
122.10507025351268,177609.43626619963
122.11506575328767,177667.59971760958
122.12506125306265,177725.77745335412
122.13505675283764,177783.96947577174
122.14505225261263,177842.1757872012
122.15504775238762,177900.3963899814
122.1650432521626,177958.63128645142
122.17503875193759,178016.8804789506
122.18503425171258,178075.14396981837
122.19502975148758,178133.42176139454
122.20502525126257,178191.71385601882
122.21502075103756,178250.02025603133
122.22501625081254,178308.34096377232
122.23501175058753,178366.67598158226
122.24500725036252,178425.02531180176
122.2550027501375,178483.38895677167
122.2649982499125,178541.76691883296
122.27499374968748,178600.1592003269
122.28498924946247,178658.56580359486
122.29498474923746,178716.98673097845
122.30498024901244,178775.42198481943
122.31497574878745,178833.8715674599
122.32497124856243,178892.33548124184
122.33496674833742,178950.81372850767
122.34496224811241,179009.30631159997
122.3549577478874,179067.81323286143
122.36495324766238,179126.33449463508
122.37494874743737,179184.87009926394
122.38494424721236,179243.4200490914
122.39493974698735,179301.98434646093
122.40493524676234,179360.56299371624
122.41493074653732,179419.15599320122
122.42492624631231,179477.76334725996
122.43492174608731,179536.38505823677
122.4449172458623,179595.02112847602
122.45491274563729,179653.6715603224
122.46490824541227,179712.33635612074
122.47490374518726,179771.01551821615
122.48489924496225,179829.7090489538
122.49489474473724,179888.41695067912
122.50489024451223,179947.13922573774
122.51488574428721,180005.87587647547
122.5248812440622,180064.62690523826
122.53487674383719,180123.39231437238
122.54487224361218,180182.1721062241
122.55486774338716,180240.96628314006
122.56486324316216,180299.7748474671
122.57485874293715,180358.597801552
122.58485424271214,180417.43514774198
122.59484974248713,180476.28688838438
122.60484524226212,180535.15302582673
122.6148407420371,180594.03356241673
122.62483624181209,180652.9285005023
122.63483174158708,180711.8378424316
122.64482724136207,180770.76159055278
122.65482274113705,180829.69974721444
122.66481824091204,180888.65231476526
122.67481374068703,180947.61929555403
122.68480924046203,181006.60069192995
122.69480474023702,181065.5965062421
122.704800240012,181124.60674083998
122.714795739787,181183.63139807322
122.72479123956198,181242.67048029165
122.73478673933697,181301.72398984534
122.74478223911196,181360.7919290844
122.75477773888694,181419.87430035928
122.76477323866193,181478.9711060206
122.77476873843692,181538.08234841906
122.7847642382119,181597.2080299057
122.7947597379869,181656.34815283166
122.8047552377619,181715.50271954839
122.81475073753688,181774.67173240724
122.82474623731187,181833.85519376007
122.83474173708686,181893.05310595877
122.84473723686185,181952.2654713555
122.85473273663683,182011.49229230252
122.86472823641182,182070.73357115238
122.87472373618681,182129.98931025778
122.8847192359618,182189.25951197156
122.89471473573678,182248.54417864684
122.90471023551177,182307.84331263686
122.91470573528676,182367.1569162951
122.92470123506175,182426.4849919752
122.93469673483675,182485.8275420311
122.94469223461174,182545.18456881665
122.95468773438672,182604.55607468617
122.96468323416171,182663.94206199408
122.9746787339367,182723.34253309498
122.98467423371169,182782.75749034368
122.99466973348667,182842.18693609515
123.00466523326166,182901.6308727046
123.01466073303665,182961.0893025274
123.02465623281164,183020.56222791912
123.03465173258662,183080.04965123552
123.04464723236161,183139.5515748325
123.05464273213661,183199.06800106633
123.0646382319116,183258.59893229316
123.07463373168659,183318.14437086962
123.08462923146158,183377.70431915237
123.09462473123656,183437.2787794984
123.10462023101155,183496.8677542647
123.11461573078654,183556.47124580864
123.12461123056153,183616.0892564877
123.13460673033651,183675.72178865952
123.1446022301115,183735.36884468194
123.15459772988649,183795.0304269131
123.16459322966148,183854.7065377111
123.17458872943648,183914.39717943466
123.18458422921147,183974.10235444206
123.19457972898645,184033.8220650923
123.20457522876144,184093.55631374437
123.21457072853643,184153.30510275747
123.22456622831142,184213.06843449097
123.2345617280864,184272.8463113045
123.24455722786139,184332.63873555782
123.25455272763638,184392.44570961088
123.26454822741137,184452.26723582388
123.27454372718636,184512.1033165571
123.28453922696134,184571.95395417116
123.29453472673634,184631.81915102684
123.30453022651133,184691.6989094849
123.31452572628632,184751.59323190653
123.32452122606131,184811.50212065308
123.3345167258363,184871.425578086
123.34451222561128,184931.363606567
123.35450772538627,184991.31620845798
123.36450322516126,185051.28338612098
123.37449872493625,185111.2651419183
123.38449422471123,185171.26147821237
123.39448972448622,185231.27239736586
123.40448522426121,185291.29790174158
123.4144807240362,185351.3379937026
123.4244762238112,185411.3926756122
123.43447172358619,185471.4619498336
123.44446722336117,185531.54581873058
123.45446272313616,185591.6442846668
123.46445822291115,185651.75735000637
123.47445372268614,185711.8850171134
123.48444922246112,185772.0272883523
123.49444472223611,185832.1841660876
123.5044402220111,185892.35565268408
123.51443572178609,185952.5417505067
123.52443122156107,186012.7424619205
123.53442672133606,186072.95778929096
123.54442222111106,186133.18773498354
123.55441772088605,186193.43230136388
123.56441322066104,186253.6914907979
123.57440872043603,186313.96530565174
123.58440422021101,186374.25374829167
123.594399719986,186434.55682108414
123.60439521976099,186494.87452639587
123.61439071953598,186555.20686659368
123.62438621931096,186615.55384404463
123.63438171908595,186675.91546111598
123.64437721886094,186736.2917201751
123.65437271863593,186796.68262358967
123.66436821841093,186857.0881737276
123.67436371818592,186917.5083729567
123.6843592179609,186977.94322364527
123.69435471773589,187038.3927281617
123.70435021751088,187098.85688887458
123.71434571728587,187159.33570815262
123.72434121706085,187219.82918836485
123.73433671683584,187280.3373318804
123.74433221661083,187340.86014106864
123.75432771638582,187401.3976182991
123.7643232161608,187461.94976594148
123.77431871593579,187522.51658636573
123.7843142157108,187583.09808194204
123.79430971548578,187643.69425504058
123.80430521526077,187704.30510803187
123.81430071503576,187764.9306432866
123.82429621481074,187825.57086317573
123.83429171458573,187886.22577007025
123.84428721436072,187946.89536634143
123.8542827141357,188007.57965436074
123.8642782139107,188068.27863649983
123.87427371368568,188128.9923151305
123.88426921346067,188189.72069262486
123.89426471323566,188250.46377135505
123.90426021301064,188311.2215536935
123.91425571278565,188371.9940420129
123.92425121256063,188432.78123868586
123.93424671233562,188493.58314608547
123.94424221211061,188554.3997665849
123.9542377118856,188615.2311025575
123.96423321166058,188676.07715637685
123.97422871143557,188736.9379304167
123.98422421121056,188797.81342705095
123.99421971098555,188858.70364865378
124.00421521076053,188919.60859759952
124.01421071053552,188980.52827626263
124.02420621031051,189041.46268701786
124.03420171008551,189102.4118322402
124.0441972098605,189163.37571430454
124.05419270963549,189224.35433558628
124.06418820941047,189285.34769846083
124.07418370918546,189346.35580530393
124.08417920896045,189407.3786584914
124.09417470873544,189468.41626039924
124.10417020851042,189529.4686134038
124.11416570828541,189590.5357198814
124.1241612080604,189651.6175822087
124.13415670783539,189712.71420276252
124.14415220761038,189773.82558391988
124.15414770738538,189834.95172805805
124.16414320716036,189896.09263755422
124.17413870693535,189957.24831478606
124.18413420671034,190018.41876213136
124.19412970648533,190079.60398196807
124.20412520626031,190140.80397667433
124.2141207060353,190202.01874862853
124.22411620581029,190263.24830020915
124.23411170558528,190324.4926337949
124.24410720536027,190385.7517517648
124.25410270513525,190447.02565649783
124.26409820491024,190508.3143503734
124.27409370468523,190569.6178357709
124.28408920446023,190630.93611507022
124.29408470423522,190692.26919065096
124.3040802040102,190753.6170648933
124.31407570378519,190814.97974017754
124.32407120356018,190876.3572188841
124.33406670333517,190937.7495033936
124.34406220311016,190999.1565960869
124.35405770288514,191060.578499345
124.36405320266013,191122.01521554912
124.37404870243512,191183.46674708067
124.3840442022101,191244.93309632124
124.3940397019851,191306.41426565265
124.4040352017601,191367.91025745694
124.41403070153508,191429.4210741161
124.42402620131007,191490.94671801262
124.43402170108506,191552.487191529
124.44401720086005,191614.04249704804
124.45401270063503,191675.61263695263
124.46400820041002,191737.19761362596
124.47400370018501,191798.79742945125
124.48399919996,191860.41208681208
124.49399469973498,191922.0415880922
124.50399019950997,191983.6859356754
124.51398569928496,192045.34513194583
124.52398119905996,192107.01917928783
124.53397669883495,192168.7080800857
124.54397219860994,192230.41183672418
124.55396769838492,192292.13045158813
124.56396319815991,192353.8639270626
124.5739586979349,192415.61226553284
124.58395419770989,192477.37546938425
124.59394969748487,192539.15354100242
124.60394519725986,192600.9464827732
124.61394069703485,192662.7542970826
124.62393619680984,192724.57698631677
124.63393169658482,192786.41455286212
124.64392719635983,192848.26699910528
124.65392269613481,192910.1343274329
124.6639181959098,192972.01654023197
124.67391369568479,193033.91363988965
124.68390919545978,193095.8256287933
124.69390469523476,193157.75250933043
124.70390019500975,193219.69428388876
124.71389569478474,193281.65095485622
124.72389119455973,193343.62252462094
124.73388669433471,193405.60899557115
124.7438821941097,193467.61037009538
124.75387769388469,193529.6266505823
124.76387319365968,193591.6578394208
124.77386869343468,193653.703939
124.78386419320967,193715.764951709
124.79385969298465,193777.8408799373
124.80385519275964,193839.9317260746
124.81385069253463,193902.03749251066
124.82384619230962,193964.15818163558
124.8338416920846,194026.29379583945
124.84383719185959,194088.44433751277
124.85383269163458,194150.60980904612
124.86382819140957,194212.79021283027
124.87382369118455,194274.9855512562
124.88381919095954,194337.19582671503
124.89381469073454,194399.4210415983
124.90381019050953,194461.6611982973
124.91380569028452,194523.91629920393
124.9238011900595,194586.1863467101
124.9337966898345,194648.4713432079
124.94379218960948,194710.77129108968
124.95378768938447,194773.08619274793
124.96378318915946,194835.41605057535
124.97377868893444,194897.76086696485
124.98377418870943,194960.1206443095
124.99376968848442,195022.49538500258
125.00376518825941,195084.88509143755
125.01376068803441,195147.28976600815
125.0237561878094,195209.70941110805
125.03375168758438,195272.1440291314
125.04374718735937,195334.59362247237
125.05374268713436,195397.05819352544
125.06373818690935,195459.53774468525
125.07373368668433,195522.03227834648
125.08372918645932,195584.54179690426
125.09372468623431,195647.06630275372
125.1037201860093,195709.60579829023
125.11371568578429,195772.1602859094
125.12371118555927,195834.72976800695
125.13370668533426,195897.3142469788
125.14370218510926,195959.9137252213
125.15369768488425,196022.5282051305
125.16369318465924,196085.1576891031
125.17368868443423,196147.80217953573
125.18368418420921,196210.46167882538
125.1936796839842,196273.13618936908
125.20367518375919,196335.82571356418
125.21367068353418,196398.5302538081
125.22366618330916,196461.2498124986
125.23366168308415,196523.98439203348
125.24365718285914,196586.73399481087
125.25365268263413,196649.49862322892
125.26364818240913,196712.27827968626
125.27364368218412,196775.0729665813
125.2836391819591,196837.8826863129
125.29363468173409,196900.70744128016
125.30363018150908,196963.54723388224
125.31362568128407,197026.40206651858
125.32362118105905,197089.27194158873
125.33361668083404,197152.1568614925
125.34361218060903,197215.0568286298
125.35360768038402,197277.97184540087
125.363603180159,197340.90191420604
125.37359867993399,197403.84703744584
125.383594179709,197466.80721752113
125.39358967948398,197529.78245683262
125.40358517925897,197592.77275778155
125.41358067903396,197655.77812276923
125.42357617880894,197718.79855419716
125.43357167858393,197781.834054467
125.44356717835892,197844.88462598072
125.4535626781339,197907.95027114032
125.4635581779089,197971.0309923481
125.47355367768388,198034.12679200651
125.48354917745887,198097.2376725182
125.49354467723386,198160.36363628606
125.50354017700886,198223.50468571315
125.51353567678385,198286.66082320258
125.52353117655883,198349.83205115778
125.53352667633382,198413.01837198244
125.54352217610881,198476.2197880803
125.5535176758838,198539.4363018554
125.56351317565878,198602.66791571188
125.57350867543377,198665.91463205413
125.58350417520876,198729.17645328675
125.59349967498375,198792.45338181444
125.60349517475873,198855.74542004216
125.61349067453372,198919.05257037512
125.62348617430871,198982.37483521856
125.63348167408371,199045.71221697817
125.6434771738587,199109.0647180594
125.65347267363369,199172.43234086837
125.66346817340867,199235.81508781103
125.67346367318366,199299.2129612938
125.68345917295865,199362.62596372305
125.69345467273364,199426.05409750555
125.70345017250862,199489.49736504807
125.71344567228361,199552.95576875776
125.7234411720586,199616.42931104175
125.73343667183359,199679.91799430762
125.74343217160857,199743.4218209629
125.75342767138358,199806.94079341553
125.76342317115856,199870.4749140733
125.77341867093355,199934.02418534458
125.78341417070854,199997.5886096377
125.79340967048353,200061.16818936128
125.80340517025851,200124.7629269241
125.8134006700335,200188.3728247351
125.82339616980849,200251.99788520345
125.83339166958348,200315.6381107385
125.84338716935846,200379.29350374985
125.85338266913345,200442.96406664717
125.86337816890844,200506.64980184037
125.87337366868344,200570.35071173974
125.88336916845843,200634.0667987553
125.89336466823342,200697.7980652977
125.9033601680084,200761.54451377768
125.91335566778339,200825.30614660605
125.92335116755838,200889.08296619388
125.93334666733337,200952.8749749525
125.94334216710836,201016.6821752933
125.95333766688334,201080.50456962796
125.96333316665833,201144.34216036834
125.97332866643332,201208.19494992643
125.9833241662083,201272.06294071444
125.9933196659833,201335.94613514488
126.0033151657583,201399.84453563034
126.01331066553328,201463.7581445835
126.02330616530827,201527.6869644174
126.03330166508326,201591.63099754523
126.04329716485825,201655.5902463804
126.05329266463323,201719.56471333638
126.06328816440822,201783.55440082704
126.07328366418321,201847.55931126623
126.0832791639582,201911.57944706816
126.09327466373318,201975.61481064712
126.10327016350817,202039.6654044176
126.11326566328316,202103.73123079436
126.12326116305816,202167.8122921924
126.13325666283315,202231.9085910266
126.14325216260814,202296.02012971233
126.15324766238312,202360.1469106651
126.16324316215811,202424.28893630055
126.1732386619331,202488.44620903456
126.18323416170809,202552.61873128315
126.19322966148307,202616.8065054626
126.20322516125806,202681.00953398933
126.21322066103305,202745.22781927997
126.22321616080804,202809.4613637513
126.23321166058302,202873.71016982038
126.24320716035803,202937.9742399045
126.25320266013301,203002.2535764208
126.263198159908,203066.54818178702
126.27319365968299,203130.85805842088
126.28318915945798,203195.1832087404
126.29318465923296,203259.52363516373
126.30318015900795,203323.87934010918
126.31317565878294,203388.25032599532
126.32317115855793,203452.63659524088
126.33316665833291,203517.03815026474
126.3431621581079,203581.45499348608
126.35315765788289,203645.88712732418
126.36315315765789,203710.3345541986
126.37314865743288,203774.79727652887
126.38314415720787,203839.27529673494
126.39313965698285,203903.7686172369
126.40313515675784,203968.27724045503
126.41313065653283,204032.80116880973
126.42312615630782,204097.34040472168
126.4331216560828,204161.89495061172
126.44311715585779,204226.46480890087
126.45311265563278,204291.04998201033
126.46310815540777,204355.65047236154
126.47310365518275,204420.2662823761
126.48309915495774,204484.89741447577
126.49309465473274,204549.5438710827
126.50309015450773,204614.20565461877
126.51308565428272,204678.8827675065
126.5230811540577,204743.57521216848
126.5330766538327,204808.28299102743
126.54307215360768,204873.00610650628
126.55306765338267,204937.74456102817
126.56306315315766,205002.49835701642
126.57305865293264,205067.26749689458
126.58305415270763,205132.0519830863
126.59304965248262,205196.8518180155
126.60304515225761,205261.66700410633
126.61304065203261,205326.4975437831
126.6230361518076,205391.34343947007
126.63303165158258,205456.2046935921
126.64302715135757,205521.08130857392
126.65302265113256,205585.9732868407
126.66301815090755,205650.88063081758
126.67301365068253,205715.80334293004
126.68300915045752,205780.7414256037
126.69300465023251,205845.69488126435
126.7030001500075,205910.663712338
126.71299564978248,205975.64792125087
126.72299114955747,206040.64751042932
126.73298664933247,206105.66248230005
126.74298214910746,206170.69283928958
126.75297764888245,206235.73858382506
126.76297314865744,206300.79971833355
126.77296864843242,206365.87624524246
126.78296414820741,206430.9681669793
126.7929596479824,206496.0754859718
126.80295514775739,206561.19820464787
126.81295064753238,206626.33632543564
126.82294614730736,206691.48985076335
126.83294164708235,206756.65878305957
126.84293714685734,206821.84312475298
126.85293264663233,206887.0428782724
126.86292814640733,206952.258046047
126.87292364618231,207017.4886305059
126.8829191459573,207082.73463407857
126.89291464573229,207147.99605919473
126.90291014550728,207213.27290828418
126.91290564528227,207278.56518377693
126.92290114505725,207343.8728881032
126.93289664483224,207409.1960236934
126.94289214460723,207474.5345929781
126.95288764438222,207539.88859838815
126.9628831441572,207605.2580423545
126.97287864393219,207670.6429273083
126.98287414370719,207736.04325568106
126.99286964348218,207801.45902990407
127.00286514325717,207866.89025240924
127.01286064303216,207932.33692562848
127.02285614280714,207997.79905199393
127.03285164258213,208063.2766339379
127.04284714235712,208128.7696738929
127.0528426421321,208194.27817429163
127.0628381419071,208259.80213756702
127.07283364168208,208325.3415661521
127.08282914145707,208390.89646248022
127.09282464123206,208456.46682898476
127.10282014100706,208522.05266809952
127.11281564078205,208587.6539822582
127.12281114055703,208653.27077389488
127.13280664033202,208718.9030454438
127.14280214010701,208784.55079933943
127.152797639882,208850.21403801633
127.16279313965698,208915.8927639094
127.17278863943197,208981.5869794535
127.18278413920696,209047.29668708396
127.19277963898195,209113.02188923606
127.20277513875693,209178.76258834545
127.21277063853192,209244.51878684782
127.22276613830692,209310.2904871793
127.23276163808191,209376.0776917758
127.2427571378569,209441.8804030738
127.25275263763189,209507.6986235098
127.26274813740687,209573.53235552047
127.27274363718186,209639.38160154282
127.28273913695685,209705.24636401393
127.29273463673184,209771.12664537103
127.30273013650682,209837.02244805172
127.31272563628181,209902.93377449358
127.3227211360568,209968.86062713453
127.33271663583179,210034.80300841262
127.34271213560677,210100.76092076613
127.35270763538178,210166.73436663358
127.36270313515676,210232.72334845338
127.37269863493175,210298.72786866454
127.38269413470674,210364.74792970598
127.39268963448173,210430.783534017
127.40268513425671,210496.83468403693
127.4126806340317,210562.90138220545
127.42267613380669,210628.98363096223
127.43267163358168,210695.08143274736
127.44266713335666,210761.19479000094
127.45266263313165,210827.32370516332
127.46265813290664,210893.46818067515
127.47265363268164,210959.62821897713
127.48264913245663,211025.8038225101
127.49264463223162,211091.99499371526
127.5026401320066,211158.2017350339
127.51263563178159,211224.42404890753
127.52263113155658,211290.66193777788
127.53262663133157,211356.91540408685
127.54262213110655,211423.18445027646
127.55261763088154,211489.46907878906
127.56261313065653,211555.76929206707
127.57260863043152,211622.08509255314
127.5826041302065,211688.41648269014
127.5925996299815,211754.7634649212
127.6025951297565,211821.12604168936
127.61259062953148,211887.50421543812
127.62258612930647,211953.89798861113
127.63258162908146,212020.30736365216
127.64257712885644,212086.73234300522
127.65257262863143,212153.17292911455
127.66256812840642,212219.6291244244
127.67256362818141,212286.10093137945
127.6825591279564,212352.58835242444
127.69255462773138,212419.0913900043
127.70255012750637,212485.6100465642
127.71254562728137,212552.14432454956
127.72254112705636,212618.6942264057
127.73253662683135,212685.25975457847
127.74253212660633,212751.84091151375
127.75252762638132,212818.43769965766
127.76252312615631,212885.0501214565
127.7725186259313,212951.67817935674
127.78251412570629,213018.32187580504
127.79250962548127,213084.9812132483
127.80250512525626,213151.65619413357
127.81250062503125,213218.34682090807
127.82249612480624,213285.0530960193
127.83249162458122,213351.77502191486
127.84248712435623,213418.51260104266
127.85248262413121,213485.26583585053
127.8624781239062,213552.03472878676
127.87247362368119,213618.8192822998
127.88246912345618,213685.6194988382
127.89246462323116,213752.43538085077
127.90246012300615,213819.26693078643
127.91245562278114,213886.11415109443
127.92245112255613,213952.977044224
127.93244662233111,214019.85561262481
127.9424421221061,214086.74985874654
127.95243762188109,214153.65978503914
127.96243312165609,214220.58539395282
127.97242862143108,214287.52668793764
127.98242412120607,214354.4836694443
127.99241962098105,214421.45634092347
128.00241512075604,214488.44470482602
128.01241062053103,214555.448763603
128.02240612030602,214622.46851970576
128.032401620081,214689.50397558566
128.042397119856,214756.55513369443
128.05239261963098,214823.62199648388
128.06238811940597,214890.70456640606
128.07238361918095,214957.8028459132
128.08237911895597,215024.91683745786
128.09237461873096,215092.04654349235
128.10237011850592,215159.19196646943
128.1123656182809,215226.35310884242
128.1223611180559,215293.52997306443
128.13235661783088,215360.72256158877
128.1423521176059,215427.93087686918
128.15234761738088,215495.15492135903
128.16234311715587,215562.3946975125
128.17233861693086,215629.65020778374
128.18233411670585,215696.92145462707
128.19232961648083,215764.208440497
128.20232511625582,215831.51116784822
128.2123206160308,215898.82963913569
128.2223161158058,215966.1638568145
128.23231161558078,216033.51382333992
128.24230711535577,216100.8795411674
128.25230261513076,216168.26101275266
128.26229811490575,216235.65824055157
128.27229361468073,216303.07122702018
128.28228911445572,216370.4999746147
128.2922846142307,216437.9444857916
128.3022801140057,216505.40476300748
128.31227561378068,216572.8808087192
128.32227111355567,216640.37262538375
128.33226661333066,216707.88021545837
128.34226211310565,216775.4035814004
128.35225761288063,216842.94272566747
128.36225311265562,216910.4976507173
128.3722486124306,216978.0683590079
128.3822441122056,217045.65485299745
128.3922396119806,217113.2571351445
128.4022351117556,217180.8752079071
128.4122306115306,217248.50907374432
128.42222611130558,217316.15873511496
128.43222161108056,217383.82419447825
128.44221711085555,217451.50545429348
128.45221261063054,217519.2025170201
128.46220811040553,217586.9153851178
128.47220361018051,217654.6440610465
128.4821991099555,217722.38854726628
128.4921946097305,217790.14884623737
128.50219010950548,217857.9249604202
128.51218560928046,217925.71689227555
128.52218110905545,217993.5246442641
128.53217660883044,218061.34821884704
128.54217210860543,218129.18761848542
128.55216760838042,218197.0428456408
128.5621631081554,218264.9139027747
128.5721586079304,218332.80079234898
128.58215410770538,218400.7035168256
128.59214960748037,218468.62207866667
128.60214510725535,218536.55648033466
128.61214060703034,218604.50672429218
128.62213610680533,218672.4728130018
128.63213160658032,218740.45474892663
128.64212710635533,218808.45253452996
128.65212260613032,218876.46617227467
128.6621181059053,218944.49566462453
128.6721136056803,219012.54101404324
128.68210910545528,219080.60222299467
128.69210460523027,219148.679293943
128.70210010500526,219216.77222935247
128.71209560478025,219284.8810316875
128.72209110455523,219353.00570341284
128.73208660433022,219421.1462469933
128.7420821041052,219489.30266489397
128.7520776038802,219557.47495958005
128.76207310365518,219625.66313351702
128.77206860343017,219693.86718917044
128.78206410320516,219762.08712900622
128.79205960298015,219830.3229554903
128.80205510275513,219898.57467108892
128.81205060253012,219966.8422782684
128.8220461023051,220035.12577949537
128.8320416020801,220103.42517723664
128.84203710185508,220171.74047395916
128.85203260163007,220240.07167213006
128.86202810140506,220308.41877421667
128.87202360118005,220376.78178268654
128.88201910095506,220445.16070000766
128.89201460073005,220513.55552864747
128.90201010050504,220581.96627107437
128.91200560028003,220650.39292975655
128.922001100055,220718.83550716264
128.93199659983,220787.29400576124
128.941992099605,220855.76842802126
128.95198759937998,220924.25877641173
128.96198309915496,220992.765053402
128.97197859892995,221061.2872614614
128.98197409870494,221129.82540305972
128.99196959847993,221198.3794806667
129.0019650982549,221266.94949675238
129.0119605980299,221335.53545378696
129.0219560978049,221404.13735424096
129.03195159757988,221472.75520058483
129.04194709735486,221541.38899528945
129.05194259712985,221610.03874082578
129.06193809690484,221678.70443966505
129.07193359667983,221747.38609427857
129.08192909645481,221816.08370713788
129.0919245962298,221884.79728071482
129.1019200960048,221953.52681748124
129.11191559577978,222022.27231990933
129.12191109555476,222091.03379047138
129.13190659532978,222159.8112316401
129.14190209510477,222228.60464588786
129.15189759487976,222297.41403568772
129.16189309465474,222366.23940351274
129.17188859442973,222435.08075183627
129.18188409420472,222503.93808313168
129.1918795939797,222572.81139987273
129.2018750937547,222641.7007045333
129.21187059352968,222710.60599958734
129.22186609330467,222779.5272875091
129.23186159307966,222848.46457077307
129.24185709285464,222917.41785185388
129.25185259262963,222986.38713322624
129.26184809240462,223055.37241736526
129.2718435921796,223124.37370674612
129.2818390919546,223193.39100384412
129.29183459172958,223262.42431113496
129.30183009150457,223331.47363109436
129.31182559127956,223400.53896619822
129.32182109105455,223469.6203189228
129.33181659082953,223538.71769174436
129.34181209060452,223607.8310871395
129.3518075903795,223676.9605075849
129.3618030901545,223746.1059555575
129.3717985899295,223815.26743353458
129.3817940897045,223884.4449439931
129.3917895894795,223953.63848941072
129.40178508925447,224022.8480722651
129.41178058902946,224092.07369503414
129.42177608880445,224161.31536019593
129.43177158857944,224230.5730702287
129.44176708835442,224299.8468276109
129.4517625881294,224369.1366348212
129.4617580879044,224438.44249433835
129.4717535876794,224507.76440864147
129.48174908745438,224577.10238020975
129.49174458722936,224646.4564115226
129.50174008700435,224715.82650505958
129.51173558677934,224785.21266330048
129.52173108655433,224854.61488872534
129.5317265863293,224924.0331838143
129.5417220861043,224993.4675510477
129.5517175858793,225062.91799290612
129.56171308565428,225132.38451187033
129.57170858542926,225201.8671104212
129.58170408520425,225271.36579103998
129.59169958497924,225340.88055620785
129.60169508475423,225410.41140840642
129.6116905845292,225479.9583501173
129.62168608430423,225549.52138382272
129.63168158407922,225619.10051200422
129.6416770838542,225688.6957371444
129.6516725836292,225758.3070617257
129.66166808340418,225827.93448823073
129.67166358317917,225897.57801914235
129.68165908295416,225967.23765694367
129.69165458272914,226036.91340411783
129.70165008250413,226106.60526314835
129.71164558227912,226176.3132365188
129.7216410820541,226246.037326713
129.7316365818291,226315.7775362149
129.74163208160408,226385.5338675088
129.75162758137907,226455.306323079
129.76162308115406,226525.09490541014
129.77161858092904,226594.89961698686
129.78161408070403,226664.72046029425
129.79160958047902,226734.55743781742
129.801605080254,226804.41055204166
129.811600580029,226874.27980545256
129.82159607980398,226944.16520053588
129.83159157957897,227014.06673977742
129.84158707935396,227083.98442566337
129.85158257912894,227153.91826068002
129.86157807890396,227223.868247314
129.87157357867895,227293.83438805165
129.88156907845394,227363.81668538006
129.89156457822892,227433.81514178627
129.9015600780039,227503.82975975747
129.9115555777789,227573.8605417812
129.9215510775539,227643.90749034504
129.93154657732887,227713.97060793682
129.94154207710386,227784.0498970446
129.95153757687885,227854.14536015663
129.96153307665384,227924.2569997612
129.97152857642882,227994.38481834694
129.9815240762038,228064.52881840267
129.9915195759788,228134.68900241732
130.0015150757538,228204.86537288016
130.01151057552877,228275.05793228044
130.02150607530376,228345.26668310777
130.03150157507875,228415.49162785185
130.04149707485374,228485.73276900264
130.05149257462872,228555.99010905027
130.0614880744037,228626.26365048508
130.0714835741787,228696.5533957975
130.0814790739537,228766.8593474783
130.09147457372868,228837.18150801837
130.10147007350366,228907.5198799088
130.11146557327868,228977.874465641
130.12146107305367,229048.24526770605
130.13145657282865,229118.63228859587
130.14145207260364,229189.0355308023
130.15144757237863,229259.45499681728
130.16144307215362,229329.8906891332
130.1714385719286,229400.3426102423
130.1814340717036,229470.81076263738
130.19142957147858,229541.2951488111
130.20142507125357,229611.79577125655
130.21142057102855,229682.31263246684
130.22141607080354,229752.84573493543
130.23141157057853,229823.3950811558
130.24140707035352,229893.96067362177
130.2514025701285,229964.54251482734
130.2613980699035,230035.14060726654
130.27139356967848,230105.75495343385
130.28138906945347,230176.38555582365
130.29138456922846,230247.03241693074
130.30138006900344,230317.69553925007
130.31137556877843,230388.3749252766
130.32137106855342,230459.0705775058
130.3313665683284,230529.78249843305
130.3413620681034,230600.51069055402
130.35135756787838,230671.2551563646
130.3613530676534,230742.0158983611
130.37134856742838,230812.7929190393
130.38134406720337,230883.5862208959
130.39133956697836,230954.39580642746
130.40133506675335,231025.22167813082
130.41133056652833,231096.0638385031
130.42132606630332,231166.9222900414
130.4313215660783,231237.79703524313
130.4413170658533,231308.6880766059
130.45131256562829,231379.59541662753
130.46130806540327,231450.51905780597
130.47130356517826,231521.45900263934
130.48129906495325,231592.41525362604
130.49129456472824,231663.3878132646
130.50129006450322,231734.37668405374
130.5112855642782,231805.38186849246
130.5212810640532,231876.40336907984
130.5312765638282,231947.44118831516
130.54127206360317,232018.495328698
130.55126756337816,232089.56579272795
130.56126306315315,232160.652582905
130.57125856292814,232231.75570172918
130.58125406270312,232302.8751517008
130.5912495624781,232374.01093532026
130.60124506225313,232445.16305508846
130.61124056202812,232516.3315135058
130.6212360618031,232587.51631307357
130.6312315615781,232658.717456293
130.64122706135308,232729.93494566547
130.65122256112807,232801.16878369258
130.66121806090305,232872.41897287618
130.67121356067804,232943.6855157182
130.68120906045303,233014.9684147209
130.69120456022802,233086.26767238663
130.701200060003,233157.58329121792
130.711195559778,233228.91527371755
130.72119105955298,233300.26362238848
130.73118655932797,233371.62833973387
130.74118205910295,233443.009428257
130.75117755887794,233514.40689046145
130.76117305865293,233585.82072885087
130.77116855842792,233657.25094592926
130.7811640582029,233728.69754420067
130.7911595579779,233800.16052616932
130.80115505775288,233871.6398943398
130.81115055752787,233943.1356512167
130.82114605730285,234014.64779930498
130.83114155707784,234086.17634110965
130.84113705685283,234157.7212791359
130.85113255662785,234229.28261588942
130.86112805640283,234300.86035387547
130.87112355617782,234372.4544956
130.8811190559528,234444.06504356908
130.8911145557278,234515.69200028892
130.90111005550278,234587.33536826586
130.91110555527777,234658.99515000652
130.92110105505276,234730.67134801764
130.93109655482775,234802.36396480625
130.94109205460273,234874.07300287948
130.95108755437772,234945.7984647447
130.9610830541527,235017.54035290945
130.9710785539277,235089.29866988148
130.98107405370268,235161.07341816867
130.99106955347767,235232.86460027916
131.00106505325266,235304.67221872124
131.01106055302765,235376.49627600348
131.02105605280263,235448.33677463446
131.03105155257762,235520.1937171232
131.0410470523526,235592.06710597867
131.0510425521276,235663.9569437102
131.06103805190259,235735.8632328272
131.07103355167757,235807.78597583933
131.08102905145256,235879.72517525643
131.09102455122758,235951.68083358876
131.10102005100256,236023.6529533461
131.11101555077755,236095.64153703916
131.12101105055254,236167.64658717846
131.13100655032753,236239.66810627477
131.14100205010251,236311.70609683916
131.1509975498775,236383.76056138275
131.1609930496525,236455.83150241696
131.17098854942748,236527.91892245333
131.18098404920246,236600.0228240036
131.19097954897745,236672.14320957975
131.20097504875244,236744.2800816939
131.21097054852743,236816.43344285837
131.22096604830242,236888.6032955857
131.2309615480774,236960.78964238855
131.2409570478524,237032.99248577992
131.25095254762738,237105.21182827285
131.26094804740237,237177.44767238063
131.27094354717735,237249.70002061673
131.28093904695234,237321.96887549476
131.29093454672733,237394.25423952873
131.30093004650232,237466.55611523258
131.3109255462773,237538.87450512053
131.3209210460523,237611.20941170712
131.33091654582728,237683.56083750693
131.3409120456023,237755.92878503495
131.35090754537728,237828.3132568058
131.36090304515227,237900.71425533487
131.37089854492726,237973.13178313762
131.38089404470225,238045.5658427295
131.39088954447723,238118.01643662644
131.40088504425222,238190.48356734432
131.4108805440272,238262.9672373993
131.4208760438022,238335.4674493077
131.43087154357718,238407.98420558617
131.44086704335217,238480.51750875133
131.45086254312716,238553.06736132014
131.46085804290215,238625.6337658097
131.47085354267713,238698.2167247374
131.48084904245212,238770.81624062065
131.4908445422271,238843.43231597714
131.5008400420021,238916.06495332476
131.51083554177708,238988.71415518157
131.52083104155207,239061.37992406593
131.53082654132706,239134.06226249618
131.54082204110205,239206.76117299098
131.55081754087703,239279.4766580692
131.56081304065202,239352.20872024988
131.570808540427,239424.9573620522
131.58080404020203,239497.72258599583
131.590799539977,239570.50439459988
131.600795039752,239643.30279038442
131.610790539527,239716.1177758694
131.62078603930198,239788.949353575
131.63078153907696,239861.79752602166
131.64077703885195,239934.66229572982
131.65077253862694,240007.5436652203
131.66076803840193,240080.44163701407
131.6707635381769,240153.35621363219
131.6807590379519,240226.287397596
131.6907545377269,240299.23519142708
131.70075003750188,240372.1995976471
131.71074553727686,240445.1806187779
131.72074103705185,240518.17825734167
131.73073653682684,240591.19251586063
131.74073203660183,240664.22339685727
131.75072753637681,240737.2709028543
131.7607230361518,240810.3350363745
131.7707185359268,240883.41579994097
131.78071403570178,240956.51319607694
131.79070953547676,241029.6272273058
131.80070503525175,241102.75789615122
131.81070053502674,241175.90520513698
131.82069603480173,241249.06915678713
131.83069153457674,241322.24975362606
131.84068703435173,241395.4469981777
131.85068253412672,241468.6608929669
131.8606780339017,241541.89144051838
131.8706735336767,241615.1386433571
131.88066903345168,241688.40250400826
131.89066453322667,241761.6830249972
131.90066003300166,241834.9802088494
131.91065553277664,241908.29405809066
131.92065103255163,241981.62457524682
131.93064653232662,242054.97176284404
131.9406420321016,242128.33562340864
131.9506375318766,242201.71615946706
131.96063303165158,242275.11337354602
131.97062853142657,242348.52726817242
131.98062403120156,242421.9578458733
131.99061953097655,242495.40510917586
132.00061503075153,242568.86906060763
132.01061053052652,242642.34970269623
132.0206060303015,242715.8470379695
132.0306015300765,242789.36106895548
132.04059702985148,242862.89179818236
132.05059252962647,242936.43922817855
132.06058802940146,243010.0033614726
132.07058352917647,243083.5842005936
132.08057902895146,243157.18174807006
132.09057452872645,243230.79600643137
132.10057002850144,243304.42697820693
132.11056552827642,243378.07466592622
132.1205610280514,243451.73907211906
132.1305565278264,243525.42019931535
132.1405520276014,243599.11805004522
132.15054752737638,243672.83262683905
132.16054302715136,243746.56393222726
132.17053852692635,243820.3119687406
132.18053402670134,243894.07673891
132.19052952647633,243967.85824526649
132.2005250262513,244041.65649034135
132.2105205260263,244115.4714766661
132.2205160258013,244189.3032067724
132.23051152557628,244263.15168319203
132.24050702535126,244337.01690845707
132.25050252512625,244410.8988850998
132.26049802490124,244484.7976156526
132.27049352467623,244558.71310264812
132.2804890244512,244632.64534861915
132.2904845242262,244706.59435609868
132.3004800240012,244780.56012761992
132.31047552377618,244854.5426657162
132.3204710235512,244928.54197292143
132.33046652332618,245002.55805176886
132.34046202310117,245076.59090479268
132.35045752287616,245150.640534527
132.36045302265114,245224.70694350626
132.37044852242613,245298.79013426488
132.38044402220112,245372.8901093377
132.3904395219761,245447.0068712595
132.4004350217511,245521.1404225655
132.41043052152608,245595.29076579094
132.42042602130107,245669.45790347134
132.43042152107606,245743.6418381424
132.44041702085104,245817.8425723399
132.45041252062603,245892.06010859998
132.46040802040102,245966.2944494589
132.470403520176,246040.54559745308
132.480399019951,246114.8135551192
132.49039451972598,246189.098324994
132.50039001950097,246263.39990961459
132.51038551927596,246337.71831151814
132.52038101905094,246412.05353324205
132.53037651882593,246486.40557732392
132.54037201860092,246560.77444630154
132.5503675183759,246635.1601427129
132.5603630181509,246709.56266909617
132.5703585179259,246783.9820279899
132.5803540177009,246858.41822193222
132.5903495174759,246932.87125346216
132.60034501725087,247007.34112511852
132.61034051702586,247081.82783944055
132.62033601680085,247156.33139896748
132.63033151657584,247230.85180623885
132.64032701635082,247305.38906379434
132.6503225161258,247379.9431741739
132.6603180159008,247454.5141399176
132.6703135156758,247529.10196356568
132.68030901545077,247603.7066476586
132.69030451522576,247678.32819473709
132.70030001500075,247752.9666073419
132.71029551477574,247827.62188801414
132.72029101455072,247902.294039295
132.7302865143257,247976.98306372593
132.7402820141007,248051.68896384857
132.7502775138757,248126.41174220463
132.76027301365068,248201.15140133622
132.77026851342566,248275.90794378545
132.78026401320065,248350.68137209475
132.79025951297564,248425.4716888067
132.80025501275063,248500.27889646403
132.81025051252564,248575.10299760985
132.82024601230063,248649.943994787
132.83024151207562,248724.80189053892
132.8402370118506,248799.67668740923
132.8502325116256,248874.56838794163
132.86022801140058,248949.47699468004
132.87022351117557,249024.40251016847
132.88021901095055,249099.3449369513
132.89021451072554,249174.304277573
132.90021001050053,249249.28053457825
132.91020551027552,249324.27371051192
132.9202010100505,249399.28380791904
132.9301965098255,249474.3108293449
132.94019200960048,249549.3547773349
132.95018750937547,249624.4156544347
132.96018300915046,249699.49346319019
132.97017850892544,249774.58820614725
132.98017400870043,249849.6998858522
132.99016950847542,249924.8285048514
133.0001650082504,249999.97406569144
133.0101605080254,250075.1365709191
133.02015600780038,250150.3160230814
133.03015150757537,250225.51242472543
133.04014700735036,250300.72577839857
133.05014250712534,250375.95608664837
133.06013800690036,250451.20335202283
133.07013350667535,250526.46757706942
133.08012900645033,250601.74876433646
133.09012450622532,250677.0469163723
133.1001200060003,250752.36203572538
133.1101155057753,250827.69412494445
133.12011100555029,250903.04318657843
133.13010650532527,250978.4092231763
133.14010200510026,251053.79223728742
133.15009750487525,251129.19223146123
133.16009300465024,251204.6092082474
133.17008850442522,251280.0431701957
133.1800840042002,251355.49411985622
133.1900795039752,251430.96205977918
133.2000750037502,251506.44699251506
133.21007050352517,251581.94892061438
133.22006600330016,251657.467846628
133.23006150307515,251733.00377310682
133.24005700285014,251808.55670260213
133.25005250262512,251884.12663766532
133.2600480024001,251959.71358084786
133.2700435021751,252035.3175347016
133.2800390019501,252110.9385017784
133.29003450172507,252186.5764846305
133.3000300015001,252262.2314858104
133.31002550127508,252337.90350787016
133.32002100105007,252413.59255336275
133.33001650082505,252489.29862484112
133.34001200060004,252565.02172485826
133.35000750037503,252640.76185596758
133.36000300015002,252716.5190207225
133.369998499925,252792.2932216767
133.3799939997,252868.08446138402
133.38998949947498,252943.89274239852
133.39998499924997,253019.71806727452
133.40998049902495,253095.5604385664
133.41997599879994,253171.4198588288
133.42997149857493,253247.2963306165
133.43996699834992,253323.18985648462
133.4499624981249,253399.10043898821
133.4599579978999,253475.02808068282
133.46995349767488,253550.97278412397
133.47994899744987,253626.93455186742
133.48994449722485,253702.91338646918
133.49993999699984,253778.90929048538
133.50993549677483,253854.92226647236
133.51993099654982,253930.95231698675
133.5299264963248,254006.99944458518
133.5399219960998,254083.06365182463
133.5499174958748,254159.14494126246
133.5599129956498,254235.24331545545
133.56990849542478,254311.35877696142
133.57990399519977,254387.49132833804
133.58989949497476,254463.64097214316
133.59989499474975,254539.80771093487
133.60989049452473,254615.99154727146
133.61988599429972,254692.1924837114
133.6298814940747,254768.4105228133
133.6398769938497,254844.645667136
133.64987249362468,254920.89791923852
133.65986799339967,254997.16728168013
133.66986349317466,255073.4537570202
133.67985899294965,255149.75734781843
133.68985449272463,255226.07805663452
133.69984999249962,255302.4158860285
133.7098454922746,255378.7708385605
133.7198409920496,255455.142916791
133.72983649182459,255531.53212328046
133.73983199159957,255607.93846058965
133.74982749137456,255684.3619312796
133.75982299114955,255760.80253791137
133.76981849092454,255837.2602830463
133.77981399069952,255913.73516924592
133.78980949047454,255990.22719907216
133.79980499024953,256066.73637508653
133.80980049002451,256143.26269985127
133.8197959897995,256219.80617592865
133.8297914895745,256296.3668058813
133.83978698934948,256372.94459227167
133.84978248912446,256449.53953766284
133.85977798889945,256526.15164461773
133.86977348867444,256602.7809156996
133.87976898844943,256679.42735347187
133.88976448822442,256756.09096049826
133.8997599879994,256832.77173934248
133.9097554877744,256909.46969256861
133.91975098754938,256986.1848227408
133.92974648732437,257062.91713242352
133.93974198709935,257139.66662418123
133.94973748687434,257216.43330057882
133.95973298664933,257293.21716418123
133.96972848642432,257370.01821755356
133.9797239861993,257446.83646326122
133.9897194859743,257523.6719038697
133.99971498574928,257600.52454194476
134.00971048552427,257677.39438005234
134.01970598529925,257754.28142075858
134.02970148507424,257831.1856666297
134.03969698484926,257908.10712023248
134.04969248462425,257985.04578413314
134.05968798439923,258062.00166089882
134.06968348417422,258138.97475309655
134.0796789839492,258215.96506329358
134.0896744837242,258292.97259405744
134.09966998349918,258369.99734795568
134.10966548327417,258447.03932755624
134.11966098304916,258524.0985354271
134.12965648282415,258601.17497413646
134.13965198259913,258678.26864625272
134.14964748237412,258755.37955434454
134.1596429821491,258832.50770098067
134.1696384819241,258909.65308873015
134.17963398169908,258986.81572016212
134.18962948147407,259063.9955978459
134.19962498124906,259141.19272435113
134.20962048102405,259218.4071022475
134.21961598079903,259295.638734105
134.22961148057402,259372.88762249378
134.239606980349,259450.1537699841
134.249602480124,259527.4371791465
134.25959797989898,259604.73785255177
134.26959347967397,259682.0557927707
134.27958897944896,259759.3910023744
134.28958447922398,259836.7434839344
134.29957997899896,259914.11324002172
134.30957547877395,259991.5002732083
134.31957097854894,260068.90458606594
134.32956647832393,260146.3261811667
134.3395619780989,260223.76506108278
134.3495574778739,260301.22122838668
134.3595529776489,260378.69468565102
134.36954847742388,260456.18543544857
134.37954397719886,260533.69348035232
134.38953947697385,260611.21882293557
134.39953497674884,260688.76146577156
134.40953047652383,260766.32141143404
134.41952597629881,260843.89866249662
134.4295214760738,260921.49322153334
134.4395169758488,260999.1050911184
134.44951247562378,261076.734273826
134.45950797539876,261154.38077223088
134.46950347517375,261232.04458890756
134.47949897494874,261309.72572643112
134.48949447472373,261387.4241873766
134.49948997449872,261465.13997431932
134.5094854742737,261542.87308983476
134.5194809740487,261620.62353649858
134.5294764738237,261698.39131688696
134.5394719735987,261776.1764335754
134.54946747337368,261853.9788891405
134.55946297314867,261931.7986861587
134.56945847292366,262009.63582720657
134.57945397269864,262087.490314861
134.58944947247363,262165.36215169897
134.59944497224862,262243.25134029775
134.6094404720236,262321.15788323473
134.6194359717986,262399.08178308746
134.62943147157358,262477.0230424338
134.63942697134857,262554.98166385165
134.64942247112356,262632.9576499193
134.65941797089855,262710.9510032151
134.66941347067353,262788.9617263175
134.67940897044852,262866.9898218053
134.6894044702235,262945.03529225744
134.6993999699985,263023.0981402531
134.70939546977348,263101.1783683715
134.71939096954847,263179.2759791922
134.72938646932346,263257.39097529504
134.73938196909845,263335.5233592597
134.74937746887343,263413.6731336664
134.75937296864842,263491.8403010954
134.7693684684234,263570.02486412704
134.77936396819842,263648.2268253424
134.7893594679734,263726.4461873218
134.7993549677484,263804.6829526465
134.8093504675234,263882.9371238978
134.81934596729837,263961.208703657
134.82934146707336,264039.49769450584
134.83933696684835,264117.8040990261
134.84933246662334,264196.12791979965
134.85932796639833,264274.46915940894
134.8693234661733,264352.8278204361
134.8793189659483,264431.2039054639
134.8893144657233,264509.597417075
134.89930996549828,264588.0083578524
134.90930546527326,264666.43673037924
134.91930096504825,264744.8825372388
134.92929646482324,264823.34578101477
134.93929196459823,264901.8264642907
134.9492874643732,264980.3245896506
134.9592829641482,265058.8401596786
134.9692784639232,265137.3731769589
134.97927396369818,265215.9236440761
134.98926946347316,265294.4915636148
134.99926496324815,265373.0769381599
135.00926046302314,265451.67977029644
135.01925596279816,265530.30006260995
135.02925146257314,265608.9378176854
135.03924696234813,265687.59303810867
135.04924246212312,265766.2657264656
135.0592379618981,265844.95588534215
135.0692334616731,265923.6635173246
135.07922896144808,266002.3886249993
135.08922446122307,266081.13121095294
135.09921996099806,266159.89127777214
135.10921546077304,266238.668828044
135.11921096054803,266317.46386435576
135.12920646032302,266396.27638929454
135.139201960098,266475.10640544817
135.149197459873,266553.95391540416
135.15919295964798,266632.81892175064
135.16918845942297,266711.7014270756
135.17918395919796,266790.6014339674
135.18917945897294,266869.51894501457
135.19917495874793,266948.4539628058
135.20917045852292,267027.40648993
135.2191659582979,267106.3765289762
135.2291614580729,267185.3640825337
135.23915695784788,267264.36915319203
135.24915245762287,267343.3917435407
135.25914795739786,267422.4318561697
135.26914345717287,267501.4894936693
135.27913895694786,267580.5646586292
135.28913445672285,267659.65735364
135.29912995649784,267738.7675812925
135.30912545627282,267817.8953441773
135.3191209560478,267897.04064488556
135.3291164558228,267976.20348600845
135.3391119555978,268055.3838701372
135.34910745537277,268134.5817998636
135.35910295514776,268213.79727777926
135.36909845492275,268293.0303064762
135.37909395469774,268372.28088854655
135.38908945447272,268451.5490265826
135.3990849542477,268530.8347231769
135.4090804540227,268610.1379809223
135.4190759537977,268689.4588024115
135.42907145357267,268768.79719023773
135.43906695334766,268848.1531469943
135.44906245312265,268927.52667527465
135.45905795289764,269006.91777767247
135.46905345267263,269086.3264567816
135.4790489524476,269165.75271519617
135.4890444522226,269245.1965555104
135.4990399519976,269324.65798031865
135.5090354517726,269404.13699221594
135.5190309515476,269483.63359379646
135.52902645132258,269563.14778765565
135.53902195109757,269642.67957638856
135.54901745087255,269722.2289625907
135.55901295064754,269801.79594885756
135.56900845042253,269881.380537785
135.57900395019752,269960.982731969
135.5889994499725,270040.60253400565
135.5989949497475,270120.2399464914
135.60899044952248,270199.8949720227
135.61898594929747,270279.5676131963
135.62898144907246,270359.25787260925
135.63897694884744,270438.9657528586
135.64897244862243,270518.6912565417
135.65896794839742,270598.4343862559
135.6689634481724,270678.19514459907
135.6789589479474,270757.9735341691
135.68895444772238,270837.76955756394
135.69894994749737,270917.58321738197
135.70894544727236,270997.4145162216
135.71894094704734,271077.26345668157
135.72893644682233,271157.13004136056
135.73893194659732,271237.01427285775
135.7489274463723,271316.9161537723
135.75892294614732,271396.8356867039
135.7689184459223,271476.77287425176
135.7789139456973,271556.72771901573
135.78890944547229,271636.70022359595
135.79890494524727,271716.6903905926
135.80890044502226,271796.698222606
135.81889594479725,271876.7237222367
135.82889144457224,271956.76689208555
135.83888694434722,272036.82773475343
135.8488824441222,272116.9062528415
135.8588779438972,272197.0024489511
135.8688734436722,272277.11632568383
135.87886894344717,272357.2478856413
135.88886444322216,272437.3971314254
135.89885994299715,272517.5640656383
135.90885544277214,272597.7486908823
135.91885094254712,272677.95100975985
135.9288464423221,272758.17102487356
135.9388419420971,272838.40873882646
135.9488374418721,272918.6641542215
135.95883294164707,272998.9372736619
135.96882844142206,273079.22809975105
135.97882394119705,273159.5366350928
135.98881944097204,273239.8628822908
135.99881494074702,273320.2068439491
136.00881044052204,273400.5685226721
136.01880594029703,273480.94792106387
136.02880144007202,273561.3450417291
136.038796939847,273641.7598872726
136.048792439622,273722.1924602993
136.05878793939698,273802.6427634144
136.06878343917197,273883.11079922336
136.07877893894695,273963.5965703316
136.08877443872194,274044.1000793448
136.09876993849693,274124.6213288691
136.10876543827192,274205.16032151034
136.1187609380469,274285.7170598751
136.1287564378219,274366.2915465697
136.13875193759688,274446.8837842009
136.14874743737187,274527.49377537554
136.15874293714685,274608.12152270076
136.16873843692184,274688.76702878386
136.17873393669683,274769.43029623217
136.18872943647182,274850.11132765346
136.1987249362468,274930.8101256555
136.2087204360218,275011.5266928463
136.21871593579678,275092.26103183423
136.22871143557177,275173.0131452276
136.23870693534676,275253.783035635
136.24870243512177,275334.57070566545
136.25869793489676,275415.37615792756
136.26869343467175,275496.19939503074
136.27868893444673,275577.04041958426
136.28868443422172,275657.89923419774
136.2986799339967,275738.77584148094
136.3086754337717,275819.67024404387
136.31867093354668,275900.5824444965
136.32866643332167,275981.51244544936
136.33866193309666,276062.4602495128
136.34865743287165,276143.42585929774
136.35865293264663,276224.40927741484
136.36864843242162,276305.4105064753
136.3786439321966,276386.4295490905
136.3886394319716,276467.4664078718
136.39863493174659,276548.5210854309
136.40863043152157,276629.5935843797
136.41862593129656,276710.68390733027
136.42862143107155,276791.79205689474
136.43861693084654,276872.9180356856
136.44861243062152,276954.0618463155
136.4586079303965,277035.2234913973
136.4686034301715,277116.40297354385
136.4785989299465,277197.6002953685
136.48859442972147,277278.8154594847
136.4985899294965,277360.0484685061
136.50858542927148,277441.2993250461
136.51858092904646,277522.56803171884
136.52857642882145,277603.8545911385
136.53857192859644,277685.15900591953
136.54856742837143,277766.4812786763
136.55856292814642,277847.8214120237
136.5685584279214,277929.1794085765
136.5785539276964,278010.55527095
136.58854942747138,278091.94900175935
136.59854492724637,278173.3606036201
136.60854042702135,278254.790079148
136.61853592679634,278336.23743095883
136.62853142657133,278417.7026616687
136.63852692634632,278499.1857738939
136.6485224261213,278580.6867702509
136.6585179258963,278662.2056533563
136.66851342567128,278743.7424258269
136.67850892544627,278825.2970902798
136.68850442522125,278906.86964933225
136.69849992499624,278988.4601056016
136.70849542477123,279070.0684617054
136.71849092454622,279151.6947202616
136.7284864243212,279233.3388838881
136.73848192409622,279315.00095520326
136.7484774238712,279396.68093682505
136.7584729236462,279478.37883137225
136.76846842342118,279560.09464146366
136.77846392319617,279641.8283697181
136.78845942297116,279723.5800187548
136.79845492274615,279805.349591193
136.80845042252113,279887.1370896524
136.81844592229612,279968.9425167526
136.8284414220711,280050.76587511343
136.8384369218461,280132.607167355
136.84843242162108,280214.46639609773
136.85842792139607,280296.343563962
136.86842342117106,280378.2386735684
136.87841892094605,280460.1517275379
136.88841442072103,280542.0827284916
136.89840992049602,280624.0316790506
136.908405420271,280705.99858183635
136.918400920046,280787.9834394705
136.92839641982098,280869.98625457496
136.93839191959597,280952.0070297716
136.94838741937096,281034.04576768266
136.95838291914595,281116.10247093055
136.96837841892093,281198.1771421379
136.97837391869592,281280.26978392736
136.98836941847094,281362.3803989222
136.99836491824593,281444.5089897451
137.0083604180209,281526.6555590196
137.0183559177959,281608.8201093693
137.0283514175709,281691.0026434179
137.03834691734588,281773.20316378935
137.04834241712086,281855.4216731077
137.05833791689585,281937.6581739973
137.06833341667084,282019.91266908264
137.07832891644583,282102.18516098836
137.08832441622081,282184.4756523394
137.0983199159958,282266.78414576076
137.1083154157708,282349.1106438778
137.11831091554578,282431.4551493159
137.12830641532076,282513.8176647007
137.13830191509575,282596.198192658
137.14829741487074,282678.596735814
137.15829291464573,282761.0132967947
137.16828841442072,282843.44787822664
137.1782839141957,282925.9004827364
137.1882794139707,283008.37111295067
137.19827491374568,283090.8597714966
137.20827041352067,283173.3664610013
137.21826591329565,283255.89118409203
137.22826141307067,283338.43394339667
137.23825691284566,283420.99474154256
137.24825241262064,283503.5735811578
137.25824791239563,283586.1704648705
137.26824341217062,283668.78539530904
137.2782389119456,283751.4183751019
137.2882344117206,283834.06940687774
137.29822991149558,283916.7384932656
137.30822541127057,283999.4256368944
137.31822091104556,284082.13084039354
137.32821641082054,284164.8541063924
137.33821191059553,284247.59543752077
137.34820741037052,284330.3548364084
137.3582029101455,284413.1323056854
137.3681984099205,284495.92784798186
137.37819390969548,284578.7414659284
137.38818940947047,284661.5731621555
137.39818490924546,284744.4229392941
137.40818040902045,284827.29079997505
137.41817590879543,284910.17674682965
137.42817140857042,284993.08078248927
137.4381669083454,285076.0029095855
137.4481624081204,285158.94313075003
137.45815790789538,285241.90144861484
137.46815340767037,285324.87786581216
137.4781489074454,285407.87238497456
137.48814440722037,285490.885008734
137.49813990699536,285573.91573972354
137.50813540677035,285656.96458057605
137.51813090654534,285740.0315339246
137.52812640632033,285823.1166024026
137.5381219060953,285906.2197886435
137.5481174058703,285989.34109528083
137.5581129056453,286072.4805249487
137.56810840542028,286155.63808028103
137.57810390519526,286238.81376391207
137.58809940497025,286322.0075784764
137.59809490474524,286405.2195266085
137.60809040452023,286488.44961094327
137.6180859042952,286571.69783411577
137.6280814040702,286654.96419876115
137.6380769038452,286738.24870751484
137.64807240362018,286821.55136301246
137.65806790339516,286904.8721678898
137.66806340317015,286988.21112478274
137.67805890294514,287071.56823632756
137.68805440272013,287154.94350516057
137.69804990249511,287238.3369339183
137.7080454022701,287321.7485252376
137.71804090204512,287405.17828175554
137.7280364018201,287488.6262061088
137.7380319015951,287572.09230093495
137.74802740137008,287655.5765688715
137.75802290114507,287739.0790125562
137.76801840092006,287822.5996346268
137.77801390069504,287906.1384377215
137.78800940047003,287989.6954244786
137.79800490024502,288073.27059753647
137.80800040002,288156.8639595338
137.817995899795,288240.4755131095
137.82799139956998,288324.1052609025
137.83798689934497,288407.7532055521
137.84798239911996,288491.4193496978
137.85797789889494,288575.1036959791
137.86797339866993,288658.80624703586
137.87796889844492,288742.527005508
137.8879643982199,288826.26597403584
137.8979598979949,288910.0231552597
137.90795539776988,288993.7985518201
137.91795089754487,289077.59216635785
137.92794639731986,289161.40400151396
137.93794189709484,289245.2340599295
137.94793739686983,289329.08234424586
137.95793289664482,289412.9488571045
137.96792839641984,289496.8336011474
137.97792389619482,289580.736579016
137.9879193959698,289664.6577933528
137.9979148957448,289748.59724679985
138.0079103955198,289832.5549419998
138.01790589529477,289916.5308815952
138.02790139506976,290000.525068229
138.03789689484475,290084.5375045443
138.04789239461974,290168.56819318427
138.05788789439472,290252.6171367924
138.0678833941697,290336.6843380123
138.0778788939447,290420.76979948784
138.0878743937197,290504.8735238629
138.09786989349467,290588.9955137819
138.10786539326966,290673.1357718891
138.11786089304465,290757.2943008292
138.12785639281964,290841.47110324685
138.13785189259463,290925.6661817871
138.1478473923696,291009.8795390951
138.1578428921446,291094.1111778162
138.1678383919196,291178.36110059597
138.17783389169458,291262.62931008014
138.18782939146956,291346.9158089147
138.19782489124455,291431.22059974563
138.20782039101954,291515.54368521937
138.21781589079455,291599.88506798266
138.22781139056954,291684.2447506816
138.23780689034453,291768.62273596355
138.24780239011952,291853.0190264754
138.2577978898945,291937.4336248644
138.2677933896695,292021.86653377814
138.27778888944448,292106.3177558642
138.28778438921947,292190.7872937704
138.29777988899446,292275.2751501449
138.30777538876944,292359.7813276358
138.31777088854443,292444.3058288916
138.32776638831942,292528.8486565609
138.3377618880944,292613.40981329244
138.3477573878694,292697.98930173524
138.35775288764438,292782.58712453855
138.36774838741937,292867.2032843517
138.37774388719436,292951.83778382424
138.38773938696934,293036.490625606
138.39773488674433,293121.16181234684
138.40773038651932,293205.85134669696
138.4177258862943,293290.5592313067
138.4277213860693,293375.28546882654
138.43771688584428,293460.03006190725
138.44771238561927,293544.7930131997
138.45770788539429,293629.57432535524
138.46770338516927,293714.3740010247
138.47769888494426,293799.1920428598
138.48769438471925,293884.02845351223
138.49768988449424,293968.8832356338
138.50768538426922,294053.75639187655
138.5176808840442,294138.64792489284
138.5276763838192,294223.557837335
138.5376718835942,294308.4861318557
138.54766738336917,294393.43281110784
138.55766288314416,294478.3978777443
138.56765838291915,294563.3813344184
138.57765388269414,294648.38318378344
138.58764938246912,294733.40342849307
138.5976448822441,294818.44207120105
138.6076403820191,294903.4991145613
138.6176358817941,294988.57456122816
138.62763138156907,295073.6684138558
138.63762688134406,295158.78067509877
138.64762238111905,295243.9113476119
138.65761788089404,295329.06043405016
138.66761338066902,295414.22793706856
138.677608880444,295499.4138593224
138.687604380219,295584.6182034672
138.697599879994,295669.8409721588
138.707595379769,295755.08216805314
138.717590879544,295840.3417938058
138.72758637931898,295925.61985207355
138.73758187909397,296010.91634551255
138.74757737886895,296096.2312767796
138.75757287864394,296181.5646485315
138.76756837841893,296266.9164634253
138.77756387819392,296352.2867241182
138.7875593779689,296437.67543326766
138.7975548777439,296523.08259353135
138.80755037751888,296608.5082075669
138.81754587729387,296693.9522780324
138.82754137706885,296779.414807586
138.83753687684384,296864.89579888614
138.84753237661883,296950.3952545913
138.85752787639382,297035.9131773603
138.8675233761688,297121.44956985203
138.8775188759438,297207.0044347257
138.88751437571878,297292.5777746406
138.89750987549377,297378.16959225625
138.90750537526876,297463.77989023237
138.91750087504374,297549.40867122886
138.92749637481873,297635.0559379058
138.93749187459372,297720.7216929235
138.94748737436873,297806.40593894274
138.95748287414372,297892.10867862357
138.9674783739187,297977.8299146272
138.9774738736937,298063.5696496147
138.98746937346868,298149.3278862472
138.99746487324367,298235.1046271862
139.00746037301866,298320.89987509337
139.01745587279365,298406.7136326305
139.02745137256863,298492.5459024596
139.03744687234362,298578.3966872428
139.0474423721186,298664.2659896426
139.0574378718936,298750.1538123215
139.06743337166859,298836.06015794235
139.07742887144357,298921.985029168
139.08742437121856,299007.92842866183
139.09741987099355,299093.89035908703
139.10741537076854,299179.8708231071
139.11741087054352,299265.86982338584
139.1274063703185,299351.8873625872
139.1374018700935,299437.9234433753
139.1473973698685,299523.9780684144
139.15739286964347,299610.051240369
139.16738836941846,299696.1429619038
139.17738386919345,299782.25323568366
139.18737936896844,299868.38206437376
139.19737486874345,299954.52945063944
139.20737036851844,300040.69539714576
139.21736586829343,300126.87990655866
139.22736136806842,300213.0829815439
139.2373568678434,300299.30462476757
139.2473523676184,300385.5448388958
139.25734786739338,300471.80362659506
139.26734336716837,300558.08099053206
139.27733886694335,300644.3769333734
139.28733436671834,300730.69145778613
139.29732986649333,300817.02456643747
139.30732536626832,300903.37626199477
139.3173208660433,300989.74654712563
139.3273163658183,301076.13542449777
139.33731186559328,301162.54289677914
139.34730736536827,301248.96896663785
139.35730286514325,301335.4136367422
139.36729836491824,301421.87690976076
139.37729386469323,301508.3587883623
139.38728936446822,301594.85927521565
139.3972848642432,301681.3783729899
139.4072803640182,301767.9160843543
139.41727586379318,301854.47241197835
139.42727136356817,301941.04735853174
139.43726686334318,302027.6409266846
139.44726236311817,302114.25311910646
139.45725786289316,302200.88393846777
139.46725336266815,302287.53338743903
139.47724886244313,302374.2014686908
139.48724436221812,302460.88818489393
139.4972398619931,302547.5935387194
139.5072353617681,302634.31753283844
139.51723086154308,302721.0601699224
139.52722636131807,302807.82145264297
139.53722186109306,302894.60138367175
139.54721736086805,302981.39996568084
139.55721286064303,303068.21720134234
139.56720836041802,303155.0530933286
139.577203860193,303241.9076443122
139.587199359968,303328.78085696575
139.59719485974298,303415.67273396236
139.60719035951797,303502.583277975
139.61718585929296,303589.5124916769
139.62718135906795,303676.4603777418
139.63717685884293,303763.42693884316
139.64717235861792,303850.412177655
139.6571678583929,303937.41609685135
139.6671633581679,304024.4386991064
139.67715885794289,304111.47998709464
139.6871543577179,304198.539963491
139.6971498574929,304285.61863096984
139.70714535726788,304372.7159922064
139.71714085704286,304459.83204987587
139.72713635681785,304546.96680665365
139.73713185659284,304634.1202652154
139.74712735636783,304721.29242823686
139.75712285614281,304808.4832983941
139.7671183559178,304895.69287836313
139.7771138556928,304982.9211708205
139.78710935546778,305070.16817844263
139.79710485524276,305157.4339039063
139.80710035501775,305244.7183498886
139.81709585479274,305332.0215190664
139.82709135456773,305419.3434141172
139.83708685434272,305506.6840377184
139.8470823541177,305594.0433925479
139.8570778538927,305681.4214812834
139.86707335366768,305768.81830660306
139.87706885344267,305856.2338711852
139.88706435321765,305943.6681777082
139.89705985299264,306031.12122885085
139.90705535276763,306118.59302729194
139.91705085254262,306206.0835757105
139.9270463523176,306293.5928767857
139.93704185209262,306381.1209331973
139.9470373518676,306468.6677476245
139.9570328516426,306556.2333227472
139.96702835141758,306643.8176612455
139.97702385119257,306731.4207657996
139.98701935096756,306819.04263908986
139.99701485074254,306906.6832837969
140.00701035051753,306994.34270260134
140.01700585029252,307082.0208981843
140.0270013500675,307169.7178732268
140.0369968498425,307257.4336304103
140.04699234961748,307345.16817241634
140.05698784939247,307432.9215019265
140.06698334916746,307520.6936216228
140.07697884894245,307608.4845341874
140.08697434871743,307696.29424230254
140.09696984849242,307784.1227486507
140.1069653482674,307871.9700559146
140.1169608480424,307959.83616677707
140.12695634781738,308047.72108392115
140.13695184759237,308135.62481003016
140.14694734736736,308223.5473477876
140.15694284714235,308311.48869987694
140.16693834691733,308399.44886898214
140.17693384669235,308487.42785778746
140.18692934646734,308575.4256689766
140.19692484624233,308663.4423052342
140.2069203460173,308751.47776924487
140.2169158457923,308839.5320636934
140.2269113455673,308927.6051912647
140.23690684534228,309015.69715464406
140.24690234511726,309103.80795651686
140.25689784489225,309191.9375995685
140.26689334466724,309280.0860864848
140.27688884444223,309368.2534199517
140.2868843442172,309456.43960265536
140.2968798439922,309544.64463728206
140.3068753437672,309632.8685265183
140.31687084354218,309721.11127305083
140.32686634331716,309809.3728795665
140.33686184309215,309897.6533487524
140.34685734286714,309985.9526832959
140.35685284264213,310074.2708858843
140.36684834241711,310162.6079592053
140.3768438421921,310250.9639059469
140.3868393419671,310339.338728797
140.39683484174208,310427.7324304438
140.40683034151706,310516.1450135759
140.41682584129205,310604.5764808818
140.42682134106707,310693.02683505043
140.43681684084206,310781.4960787706
140.44681234061704,310869.9842147315
140.45680784039203,310958.4912456226
140.46680334016702,311047.01717413345
140.476798839942,311135.56200295384
140.486794339717,311224.1257347737
140.49678983949198,311312.7083722832
140.50678533926697,311401.30991817266
140.51678083904196,311489.9303751326
140.52677633881694,311578.56974585383
140.53677183859193,311667.22803302715
140.54676733836692,311755.9052393437
140.5567628381419,311844.6013674948
140.5667583379169,311933.31642017193
140.57675383769188,312022.0504000667
140.58674933746687,312110.8033098711
140.59674483724186,312199.57515227713
140.60674033701684,312288.3659299771
140.61673583679183,312377.1756456633
140.62673133656682,312466.0043020285
140.6367268363418,312554.85190176545
140.6467223361168,312643.7184475673
140.65671783589178,312732.6039421271
140.6667133356668,312821.50838813855
140.6767088354418,312910.43178829487
140.68670433521677,312999.37414528994
140.69669983499176,313088.33546181774
140.70669533476675,313177.3157405725
140.71669083454174,313266.3149842486
140.72668633431672,313355.33319554053
140.7366818340917,313444.37037714303
140.7466773338667,313533.4265317511
140.7566728336417,313622.5016620598
140.76666833341667,313711.5957707644
140.77666383319166,313800.70886056055
140.78665933296665,313889.8409341438
140.79665483274164,313978.99199421017
140.80665033251663,314068.16204345564
140.8166458322916,314157.35108457657
140.8266413320666,314246.5591202693
140.8366368318416,314335.7861532306
140.84663233161658,314425.0321861573
140.85662783139156,314514.2972217464
140.86662333116655,314603.58126269514
140.87661883094154,314692.88431170094
140.88661433071653,314782.2063714614
140.8966098304915,314871.54744467436
140.9066053302665,314960.90753403783
140.91660083004152,315050.28664225014
140.9265963298165,315139.6847720093
140.9365918295915,315229.10192601406
140.94658732936648,315318.5381069632
140.95658282914147,315407.9933175557
140.96657832891646,315497.4675604906
140.97657382869144,315586.9608384673
140.98656932846643,315676.47315418534
140.99656482824142,315766.0045103445
141.0065603280164,315855.55490964453
141.0165558277914,315945.1243547856
141.02655132756638,316034.7128484681
141.03654682734137,316124.3203933924
141.04654232711636,316213.9469922592
141.05653782689134,316303.5926477694
141.06653332666633,316393.257362624
141.07652882644132,316482.9411395243
141.0865243262163,316572.64398117166
141.0965198259913,316662.3658902678
141.10651532576628,316752.10686951457
141.11651082554127,316841.8669216139
141.12650632531626,316931.646049268
141.13650182509124,317021.4442551793
141.14649732486623,317111.2615420504
141.15649282464125,317201.0979125843
141.16648832441624,317290.9533694835
141.17648382419122,317380.82791545143
141.1864793239662,317470.72155319137
141.1964748237412,317560.6342854069
141.20647032351619,317650.5661148018
141.21646582329117,317740.51704408
141.22646132306616,317830.48707594554
141.23645682284115,317920.47621310275
141.24645232261614,318010.4844582562
141.25644782239112,318100.5118141105
141.2664433221661,318190.5582833706
141.2764388219411,318280.6238687416
141.2864343217161,318370.7085729287
141.29642982149107,318460.81239863735
141.30642532126606,318550.9353485733
141.31642082104105,318641.0774254423
141.32641632081604,318731.2386319504
141.33641182059102,318821.41897080385
141.346407320366,318911.6184447091
141.356402820141,319001.83705637266
141.366398319916,319092.0748085014
141.37639381969097,319182.33170380234
141.38638931946596,319272.6077449826
141.39638481924095,319362.90293474955
141.40638031901597,319453.217275811
141.41637581879095,319543.5507708743
141.42637131856594,319633.90342264756
141.43636681834093,319724.27523383894
141.44636231811592,319814.6662071568
141.4563578178909,319905.0763453096
141.4663533176659,319995.5056510061
141.47634881744088,320085.95412695524
141.48634431721587,320176.42177586607
141.49633981699085,320266.9086004479
141.50633531676584,320357.4146034102
141.51633081654083,320447.9397874625
141.52632631631582,320538.4841553149
141.5363218160908,320629.04770967737
141.5463173158658,320719.63045326015
141.55631281564078,320810.2323887736
141.56630831541577,320900.85351892846
141.57630381519076,320991.49384643545
141.58629931496574,321082.15337400563
141.59629481474073,321172.8321043502
141.60629031451572,321263.5300401806
141.6162858142907,321354.2471842084
141.6262813140657,321444.9835391453
141.63627681384068,321535.7391077033
141.6462723136157,321626.5138925949
141.65626781339068,321717.3078965318
141.66626331316567,321808.12112222693
141.67625881294066,321898.95357239293
141.68625431271565,321989.80524974276
141.69624981249063,322080.67615698953
141.70624531226562,322171.56629684655
141.7162408120406,322262.4756720273
141.7262363118156,322353.4042852456
141.73623181159059,322444.3521392151
141.74622731136557,322535.31923665
141.75622281114056,322626.30558026466
141.76621831091555,322717.31117277336
141.77621381069054,322808.3360168909
141.78620931046552,322899.3801153319
141.7962048102405,322990.4434708117
141.8062003100155,323081.52608604525
141.81619580979049,323172.6279637481
141.82619130956547,323263.74910663586
141.83618680934046,323354.8895174242
141.84618230911545,323446.04919882934
141.85617780889044,323537.22815356724
141.86617330866542,323628.42638435436
141.8761688084404,323719.64389390725
141.8861643082154,323810.88068494265
141.89615980799041,323902.13676017773
141.9061553077654,323993.41212232923
141.9161508075404,324084.7067741147
141.92614630731538,324176.02071825153
141.93614180709037,324267.3539574575
141.94613730686535,324358.7064944506
141.95613280664034,324450.0783319489
141.96612830641533,324541.4694726705
141.97612380619032,324632.87991933414
141.9861193059653,324724.3096746583
141.9961148057403,324815.75874136196
142.00611030551528,324907.22712216404
142.01610580529027,324998.71481978387
142.02610130506525,325090.2218369409
142.03609680484024,325181.7481763547
142.04609230461523,325273.2938407451
142.05608780439022,325364.85883283213
142.0660833041652,325456.44315533596
142.0760788039402,325548.046810977
142.08607430371518,325639.6698024758
142.09606980349017,325731.31213255314
142.10606530326515,325822.97380393004
142.11606080304014,325914.65481932764
142.12605630281513,326006.3551814672
142.13605180259012,326098.0748930703
142.14604730236513,326189.813956859
142.15604280214012,326281.5723755547
142.1660383019151,326373.35015187965
142.1760338016901,326465.14728855627
142.18602930146508,326556.9637883069
142.19602480124007,326648.7996538545
142.20602030101506,326740.6548879217
142.21601580079005,326832.5294932317
142.22601130056503,326924.4234725077
142.23600680034002,327016.33682847314
142.246002300115,327108.26956385176
142.25599779989,327200.22168136726
142.26599329966498,327292.19318374374
142.27598879943997,327384.18407370546
142.28598429921496,327476.1943539768
142.29597979898995,327568.22402728227
142.30597529876493,327660.2730963468
142.31597079853992,327752.34156389534
142.3259662983149,327844.42943265295
142.3359617980899,327936.53670534515
142.34595729786489,328028.6633846974
142.35595279763987,328120.8094734355
142.36594829741486,328212.97497428535
142.37594379718985,328305.1598899731
142.38593929696486,328397.36422322533
142.39593479673985,328489.5879767681
142.40593029651484,328581.8311533283
142.41592579628983,328674.0937556328
142.42592129606481,328766.3757864088
142.4359167958398,328858.6772483834
142.4459122956148,328950.9981442843
142.45590779538978,329043.338476839
142.46590329516476,329135.69824877544
142.47589879493975,329228.0774628216
142.48589429471474,329320.4761217058
142.49588979448973,329412.89422815636
142.50588529426471,329505.331784902
142.5158807940397,329597.7887946715
142.5258762938147,329690.2652601938
142.53587179358968,329782.76118419814
142.54586729336467,329875.276569414
142.55586279313965,329967.81141857087
142.56585829291464,330060.3657343984
142.57585379268963,330152.93951962685
142.58584929246462,330245.5327769861
142.5958447922396,330338.1455092066
142.6058402920146,330430.7777190188
142.61583579178958,330523.4294091535
142.62583129156457,330616.1005823417
142.63582679133958,330708.79124131467
142.64582229111457,330801.5013888032
142.65581779088956,330894.23102753906
142.66581329066454,330986.9801602539
142.67580879043953,331079.7487896796
142.68580429021452,331172.5369185482
142.6957997899895,331265.34454959206
142.7057952897645,331358.17168554355
142.71579078953948,331451.0183291353
142.72578628931447,331543.88448310026
142.73578178908946,331636.77015017124
142.74577728886445,331729.6753330817
142.75577278863943,331822.6000345648
142.76576828841442,331915.5442573543
142.7757637881894,332008.50800418394
142.7857592879644,332101.4912777877
142.79575478773938,332194.49408089975
142.80575028751437,332287.51641625445
142.81574578728936,332380.5582865864
142.82574128706435,332473.6196946303
142.83573678683933,332566.7006431211
142.84573228661432,332659.8011347939
142.8557277863893,332752.92117238406
142.8657232861643,332846.0607586271
142.8757187859393,332939.2198962589
142.8857142857143,333032.39858801494
142.8957097854893,333125.5968366315
142.90570528526428,333218.81464484485
142.91570078503926,333312.05201539147
142.92569628481425,333405.3089510081
142.93569178458924,333498.5854544314
142.94568728436423,333591.88152839866
142.9556827841392,333685.19717564696
142.9656782839142,333778.53239891375
142.9756737836892,333871.8872009367
142.98566928346418,333965.26158445346
142.99566478323916,334058.65555220214
143.00566028301415,334152.06910692103
143.01565578278914,334245.50225134834
143.02565128256413,334338.9549882227
143.03564678233911,334432.4273202829
143.0456422821141,334525.91925026797
143.0556377818891,334619.4307809169
143.06563328166408,334712.9619149691
143.07562878143906,334806.5126551641
143.08562428121405,334900.08300424163
143.09561978098904,334993.67296494165
143.10561528076403,335087.2825400042
143.11561078053901,335180.9117321695
143.12560628031403,335274.56054417853
143.13560178008902,335368.2289787712
143.145597279864,335461.9170386888
143.155592779639,335555.62472667237
143.16558827941398,335649.35204546305
143.17558377918897,335743.0989978024
143.18557927896396,335836.86558643205
143.19557477873894,335930.65181409376
143.20557027851393,336024.45768352965
143.21556577828892,336118.2831974819
143.2255612780639,336212.12835869275
143.2355567778389,336305.99316990504
143.24555227761388,336399.8776338614
143.25554777738887,336493.7817533048
143.26554327716386,336587.70553097856
143.27553877693884,336681.6489696259
143.28553427671383,336775.6120719904
143.29552977648882,336869.59484081576
143.3055252762638,336963.597278846
143.3155207760388,337057.6193888252
143.32551627581378,337151.66117349773
143.33551177558877,337245.722635608
143.34550727536376,337339.80377790076
143.35550277513875,337433.90460312087
143.36549827491376,337528.0251140137
143.37549377468875,337622.165313324
143.38548927446374,337716.32520379755
143.39548477423872,337810.50478817994
143.4054802740137,337904.704069217
143.4154757737887,337998.9230496548
143.4254712735637,338093.1617322396
143.43546677333867,338187.4201197178
143.44546227311366,338281.69821483595
143.45545777288865,338375.9960203409
143.46545327266364,338470.3135389796
143.47544877243863,338564.6507734994
143.4854442722136,338659.00772664754
143.4954397719886,338753.3844011716
143.5054352717636,338847.7807998194
143.51543077153858,338942.19692533877
143.52542627131356,339036.632780478
143.53542177108855,339131.08836798527
143.54541727086354,339225.5636906093
143.55541277063853,339320.05875109864
143.5654082704135,339414.5735522024
143.5754037701885,339509.10809666937
143.5853992699635,339603.6623872491
143.59539476973848,339698.23642669094
143.60539026951346,339792.8302177447
143.61538576928848,339887.4437631604
143.62538126906347,339982.0770656876
143.63537676883846,340076.7301280768
143.64537226861344,340171.40295307845
143.65536776838843,340266.0955434432
143.66536326816342,340360.80790192186
143.6753587679384,340455.5400312654
143.6853542677134,340550.2919342251
143.69534976748838,340645.06361355237
143.70534526726337,340739.8550719988
143.71534076703836,340834.666312316
143.72533626681334,340929.49733725615
143.73533176658833,341024.34814957133
143.74532726636332,341119.21875201387
143.7553227661383,341214.1091473364
143.7653182659133,341309.01933829155
143.77531376568828,341403.9493276323
143.78530926546327,341498.8991181119
143.79530476523826,341593.8687124834
143.80530026501324,341688.85811350046
143.81529576478823,341783.8673239168
143.82529126456322,341878.89634648623
143.8352867643382,341973.94518396293
143.8452822641132,342069.013839101
143.85527776388818,342164.102314655
143.8652732636632,342259.21061338
143.87526876343819,342354.33873803
143.88526426321317,342449.48669136054
143.89525976298816,342544.6544761268
143.90525526276315,342639.842095084
143.91525076253814,342735.0495509881
143.92524626231312,342830.2768465946
143.9352417620881,342925.52398465964
143.9452372618631,343020.79096793936
143.9552327616381,343116.0777991901
143.96522826141307,343211.3844811686
143.97522376118806,343306.7110166314
143.98521926096305,343402.05740833556
143.99521476073804,343497.4236590382
144.00521026051302,343592.80977149657
144.015205760288,343688.21574846836
144.025201260063,343783.64159271115
144.035196759838,343879.08730698295
144.04519225961297,343974.55289404176
144.05518775938796,344070.03835664585
144.06518325916295,344165.5436975538
144.07517875893794,344261.0689195243
144.08517425871293,344356.6140253161
144.0951697584879,344452.17901768826
144.10516525826293,344547.7638994004
144.11516075803792,344643.36867321143
144.1251562578129,344738.9933418811
144.1351517575879,344834.6379081693
144.14514725736288,344930.30237483606
144.15514275713787,345025.9867446415
144.16513825691285,345121.6910203462
144.17513375668784,345217.41520471056
144.18512925646283,345313.1593004955
144.19512475623782,345408.92331046186
144.2051202560128,345504.7072373709
144.2151157557878,345600.5110839839
144.22511125556278,345696.3348530624
144.23510675533777,345792.1785473682
144.24510225511276,345888.04216966324
144.25509775488774,345983.9257227095
144.26509325466273,346079.82920926943
144.27508875443772,346175.7526321055
144.2850842542127,346271.6959939803
144.2950797539877,346367.65929765685
144.30507525376268,346463.64254589815
144.31507075353767,346559.6457414675
144.32506625331266,346655.66888712824
144.33506175308764,346751.71198564424
144.34505725286263,346847.77503977914
144.35505275263765,346943.8580522973
144.36504825241263,347039.9610259625
144.37504375218762,347136.0839635393
144.3850392519626,347232.2268677923
144.3950347517376,347328.3897414864
144.40503025151258,347424.5725873865
144.41502575128757,347520.7754082578
144.42502125106256,347616.9982068657
144.43501675083755,347713.2409859757
144.44501225061254,347809.5037483537
144.45500775038752,347905.7864967655
144.4650032501625,348002.0892339772
144.4749987499375,348098.4119627553
144.48499424971249,348194.7546858662
144.49498974948747,348291.11740607664
144.50498524926246,348387.5001261535
144.51498074903745,348483.9028488639
144.52497624881244,348580.3255769751
144.53497174858742,348676.76831325464
144.5449672483624,348773.2310604701
144.5549627481374,348869.71382138936
144.5649582479124,348966.21659878053
144.57495374768737,349062.7393954118
144.58494924746236,349159.28221405164
144.59494474723738,349255.8450574689
144.60494024701237,349352.4279284319
144.61493574678735,349449.03082970984
144.62493124656234,349545.653764072
144.63492674633733,349642.29673428775
144.64492224611232,349738.9597431267
144.6549177458873,349835.64279335854
144.6649132456623,349932.3458877533
144.67490874543728,350029.0690290811
144.68490424521227,350125.81222011236
144.69489974498725,350222.5754636175
144.70489524476224,350319.35876236734
144.71489074453723,350416.1621191328
144.72488624431222,350512.985536685
144.7348817440872,350609.8290177951
144.7448772438622,350706.69256523484
144.75487274363718,350803.5761817757
144.76486824341217,350900.4798701897
144.77486374318715,350997.40363324876
144.78485924296214,351094.3474737253
144.79485474273713,351191.31139439164
144.80485024251212,351288.29539802053
144.8148457422871,351385.2994873848
144.8248412420621,351482.32366525737
144.83483674183708,351579.36793441157
144.8448322416121,351676.43229762104
144.85482774138708,351773.5167576588
144.86482324116207,351870.62131729897
144.87481874093706,351967.7459793155
144.88481424071205,352064.8907464826
144.89480974048703,352162.05562157463
144.90480524026202,352259.24060736614
144.914800740037,352356.4457066319
144.924796239812,352453.67092214676
144.93479173958698,352550.916256686
144.94478723936197,352648.1817130248
144.95478273913696,352745.46729393874
144.96477823891195,352842.77300220355
144.97477373868693,352940.0988405951
144.98476923846192,353037.44481188955
144.9947647382369,353134.810918863
145.0047602380119,353232.1971642921
145.01475573778688,353329.6035509535
145.02475123756187,353427.03008162393
145.03474673733686,353524.47675908054
145.04474223711185,353621.94358610053
145.05473773688684,353719.4305654614
145.06473323666182,353816.9376999407
145.0747287364368,353914.46499231615
145.08472423621183,354012.01244536624
145.0947197359868,354109.58006186853
145.1047152357618,354207.1678446016
145.1147107355368,354304.7757963441
145.12470623531178,354402.4039198748
145.13470173508676,354500.0522179727
145.14469723486175,354597.72069341684
145.15469273463674,354695.4093489866
145.16468823441173,354793.1181874616
145.17468373418671,354890.84721162147
145.1846792339617,354988.5964242462
145.1946747337367,355086.3658281158
145.20467023351168,355184.1554260107
145.21466573328667,355281.9652207113
145.22466123306165,355379.79521499836
145.23465673283664,355477.64541165263
145.24465223261163,355575.5158134553
145.25464773238662,355673.4064231875
145.2646432321616,355771.3172436309
145.2746387319366,355869.2482775669
145.28463423171158,355967.1995277775
145.29462973148657,356065.1709970446
145.30462523126155,356163.1626881505
145.31462073103654,356261.17460387753
145.32461623081153,356359.2067470084
145.33461173058654,356457.259120326
145.34460723036153,356555.331726613
145.35460273013652,356653.42456865264
145.3645982299115,356751.5376492284
145.3745937296865,356849.67097112373
145.38458922946148,356947.82453712245
145.39458472923647,357045.99835000857
145.40458022901146,357144.19241256604
145.41457572878645,357242.4067275793
145.42457122856143,357340.6412978329
145.43456672833642,357438.8961261114
145.4445622281114,357537.1712151998
145.4545577278864,357635.4665678831
145.46455322766138,357733.7821869467
145.47454872743637,357832.118075176
145.48454422721136,357930.4742353567
145.49453972698635,358028.8506702746
145.50453522676133,358127.24738271575
145.51453072653632,358225.66437546635
145.5245262263113,358324.10165131296
145.5345217260863,358422.559213042
145.54451722586128,358521.0370634405
145.55451272563627,358619.53520529525
145.56450822541126,358718.0536413936
145.57450372518625,358816.5923745228
145.58449922496126,358915.1514074709
145.59449472473625,359013.7307430249
145.60449022451124,359112.3303839731
145.61448572428623,359210.9503331037
145.6244812240612,359309.590593205
145.6344767238362,359408.2511670656
145.6444722236112,359506.93205747404
145.65446772338618,359605.6332672194
145.66446322316116,359704.35479909077
145.67445872293615,359803.09665587737
145.68445422271114,359901.85884036875
145.69444972248613,360000.6413553546
145.7044452222611,360099.44420362473
145.7144407220361,360198.26738796924
145.7244362218111,360297.11091117846
145.73443172158608,360395.9747760426
145.74442722136106,360494.85898535256
145.75442272113605,360593.7635418991
145.76441822091104,360692.6884484731
145.77441372068603,360791.63370786596
145.78440922046101,360890.599322869
145.794404720236,360989.5852962737
145.804400220011,361088.591630872
145.81439571978598,361187.6183294559
145.824391219561,361286.66539481765
145.83438671933598,361385.7328297493
145.84438221911097,361484.8206370435
145.85437771888596,361583.92881949304
145.86437321866094,361683.0573798909
145.87436871843593,361782.20632103016
145.88436421821092,361881.3756457041
145.8943597179859,361980.5653567064
145.9043552177609,362079.77545683045
145.91435071753588,362179.00594887044
145.92434621731087,362278.2568356203
145.93434171708586,362377.52811987436
145.94433721686084,362476.8198044271
145.95433271663583,362576.131892073
145.96432821641082,362675.4643856072
145.9743237161858,362774.8172878245
145.9843192159608,362874.1906015203
145.99431471573578,362973.58432948985
146.00431021551077,363072.9984745289
146.01430571528576,363172.4330394332
146.02430121506075,363271.8880269987
146.03429671483573,363371.36344002176
146.04429221461072,363470.85928129853
146.0542877143857,363570.37555362575
146.0642832141607,363669.9122598001
146.0742787139357,363769.4694026188
146.0842742137107,363869.04698487854
146.0942697134857,363968.64500937687
146.10426521326067,364068.2634789113
146.11426071303566,364167.9023962795
146.12425621281065,364267.5617642795
146.13425171258564,364367.24158570933
146.14424721236063,364466.94186336733
146.1542427121356,364566.66260005184
146.1642382119106,364666.4037985618
146.1742337116856,364766.1654616958
146.18422921146058,364865.9475922531
146.19422471123556,364965.75019303284
146.20422021101055,365065.5732668345
146.21421571078554,365165.4168164577
146.22421121056053,365265.28084470227
146.2342067103355,365365.1653543683
146.2442022101105,365465.0703482558
146.2541977098855,365564.9958291654
146.26419320966048,365664.9417998975
146.27418870943546,365764.90826325305
146.28418420921045,365864.8952220329
146.29417970898544,365964.90267903823
146.30417520876043,366064.93063707044
146.31417070853544,366164.97909893136
146.32416620831043,366265.04806742206
146.33416170808542,366365.13754534494
146.3441572078604,366465.2475355019
146.3541527076354,366565.37804069545
146.36414820741038,366665.529063728
146.37414370718537,366765.70060740225
146.38413920696036,366865.8926745211
146.39413470673534,366966.1052678876
146.40413020651033,367066.33839030506
146.41412570628532,367166.5920445769
146.4241212060603,367266.86623350676
146.4341167058353,367367.1609598986
146.44411220561028,367467.47622655635
146.45410770538527,367567.81203628425
146.46410320516026,367668.16839188675
146.47409870493524,367768.54529616836
146.48409420471023,367868.94275193405
146.49408970448522,367969.3607619887
146.5040852042602,368069.7993291375
146.5140807040352,368170.2584561858
146.52407620381018,368270.73814593925
146.53407170358517,368371.2384012036
146.54406720336016,368471.7592247847
146.55406270313514,368572.30061948876
146.56405820291016,368672.8625881224
146.57405370268515,368773.4451334916
146.58404920246014,368874.0482584033
146.59404470223512,368974.6719656645
146.6040402020101,369075.3162580821
146.6140357017851,369175.9811384636
146.6240312015601,369276.66660961637
146.63402670133507,369377.3726743481
146.64402220111006,369478.09933546674
146.65401770088505,369578.8465957802
146.66401320066004,369679.61445809685
146.67400870043502,369780.4029252251
146.68400420021,369881.21199997346
146.693999699985,369982.0416851509
146.70399519976,370082.89198356634
146.71399069953497,370183.762898029
146.72398619930996,370284.6544313483
146.73398169908495,370385.56658633385
146.74397719885994,370486.49936579546
146.75397269863493,370587.45277254295
146.7639681984099,370688.4268093866
146.7739636981849,370789.4214791367
146.7839591979599,370890.43678460387
146.79395469773488,370991.47272859875
146.8039501975099,371092.5293139326
146.81394569728488,371193.606543416
146.82394119705987,371294.7044198605
146.83393669683485,371395.82294607756
146.84393219660984,371496.962124879
146.85392769638483,371598.12195907655
146.86392319615982,371699.3024514824
146.8739186959348,371800.50360490876
146.8839141957098,371901.7254221681
146.89390969548478,372002.9679060731
146.90390519525977,372104.23105943657
146.91390069503476,372205.51488507143
146.92389619480974,372306.81938579114
146.93389169458473,372408.1445644089
146.94388719435972,372509.4904237385
146.9538826941347,372610.8569665936
146.9638781939097,372712.24419578817
146.97387369368468,372813.65211413655
146.98386919345967,372915.080724453
146.99386469323466,373016.530029552
147.00386019300964,373118.00003224844
147.01385569278463,373219.4907353573
147.02385119255962,373321.00214169355
147.0338466923346,373422.53425407264
147.0438421921096,373524.08707531
147.0538376918846,373625.6606082218
147.0638331916596,373727.25485562324
147.07382869143458,373828.86982033064
147.08382419120957,373930.50550516037
147.09381969098456,374032.1619129289
147.10381519075955,374133.83904645295
147.11381069053454,374235.5369085493
147.12380619030952,374337.255502035
147.1338016900845,374438.9948297274
147.1437971898595,374540.7548944438
147.15379268963449,374642.53569900186
147.16378818940947,374744.33724621945
147.17378368918446,374846.15953891457
147.18377918895945,374948.00257990527
147.19377468873444,375049.8663720102
147.20377018850942,375151.75091804774
147.2137656882844,375253.65622083674
147.2237611880594,375355.58228319616
147.2337566878344,375457.52910794516
147.24375218760937,375559.4966979031
147.25374768738436,375661.48505588947
147.26374318715935,375763.49418472406
147.27373868693434,375865.5240872267
147.28373418670932,375967.5747662176
147.29372968648434,376069.6462245173
147.30372518625933,376171.73846494575
147.31372068603432,376273.85149032396
147.3237161858093,376375.9853034728
147.3337116855843,376478.13990721316
147.34370718535928,376580.3153043666
147.35370268513427,376682.5114977543
147.36369818490925,376784.7284901981
147.37369368468424,376886.9662845197
147.38368918445923,376989.22488354123
147.39368468423422,377091.5042900849
147.4036801840092,377193.804506973
147.4136756837842,377296.1255370283
147.42367118355918,377398.46738307347
147.43366668333417,377500.8300479316
147.44366218310915,377603.2135344257
147.45365768288414,377705.61784537934
147.46365318265913,377808.0429836159
147.47364868243412,377910.48895195924
147.4836441822091,378012.95575323334
147.4936396819841,378115.4433902622
147.50363518175908,378217.9518658702
147.51363068153407,378320.4811828819
147.52362618130906,378423.03134412196
147.53362168108404,378525.6023524153
147.54361718085906,378628.1942105873
147.55361268063405,378730.8069214627
147.56360818040903,378833.44048786716
147.57360368018402,378936.09491262643
147.583599179959,379038.7701985663
147.593594679734,379141.4663485129
147.60359017950898,379244.1833652924
147.61358567928397,379346.9212517312
147.62358117905896,379449.68001065607
147.63357667883395,379552.4596448937
147.64357217860893,379655.2601572711
147.65356767838392,379758.08155061555
147.6635631781589,379860.92382775433
147.6735586779339,379963.786991515
147.68355417770888,380066.6710447255
147.69354967748387,380169.57599021366
147.70354517725886,380272.5018308076
147.71354067703385,380375.4485693358
147.72353617680884,380478.41620862664
147.73353167658382,380581.404751509
147.7435271763588,380684.4142008117
147.7535226761338,380787.4445593639
147.76351817590879,380890.4958299948
147.77351367568377,380993.568015534
147.78350917545876,381096.6611188112
147.79350467523378,381199.77514265646
147.80350017500876,381302.9100898993
147.81349567478375,381406.0659633704
147.82349117455874,381509.2427659
147.83348667433373,381612.44050031883
147.84348217410871,381715.6591694578
147.8534776738837,381818.89877614786
147.8634731736587,381922.1593232202
147.87346867343368,382025.4408135063
147.88346417320867,382128.74324983766
147.89345967298365,382232.0666350462
147.90345517275864,382335.4109719638
147.91345067253363,382438.7762634226
147.92344617230862,382542.16251225513
147.9334416720836,382645.5697212938
147.9434371718586,382748.9978933714
147.95343267163358,382852.44703132083
147.96342817140857,382955.9171379753
147.97342367118355,383059.40821616806
147.98341917095854,383162.92026873265
147.99341467073353,383266.4532985027
148.00341017050852,383370.00730831234
148.0134056702835,383473.58230099536
148.0234011700585,383577.1782793862
148.0333966698335,383680.7952463196
148.0433921696085,383784.43320462963
148.05338766938348,383888.09215715143
148.06338316915847,383991.7721067201
148.07337866893346,384095.4730561707
148.08337416870845,384199.19500833884
148.09336966848343,384302.93796606007
148.10336516825842,384406.7019321702
148.1133606680334,384510.4869095052
148.1233561678084,384614.29290090135
148.13335166758338,384718.11990919494
148.14334716735837,384821.9679372226
148.15334266713336,384925.8369878211
148.16333816690835,385029.7270638274
148.17333366668333,385133.63816807856
148.18332916645832,385237.570303412
148.1933246662333,385341.5234726652
148.2033201660083,385445.497678676
148.21331566578328,385549.4929242822
148.22331116555827,385653.50921232195
148.23330666533326,385757.5465456335
148.24330216510825,385861.6049270555
148.25329766488323,385965.6843594263
148.26329316465822,386069.7848455851
148.2732886644332,386173.90638837084
148.28328416420823,386278.0489906231
148.2932796639832,386382.2126551807
148.3032751637582,386486.39738488354
148.3132706635332,386590.60318257153
148.32326616330818,386694.8300510846
148.33326166308316,386799.07799326297
148.34325716285815,386903.3470119472
148.35325266263314,387007.6371099777
148.36324816240813,387111.9482901953
148.3732436621831,387216.28055544104
148.3832391619581,387320.6339085561
148.3932346617331,387425.0083523817
148.40323016150808,387529.4038897595
148.41322566128306,387633.82052353123
148.42322116105805,387738.25825653883
148.43321666083304,387842.71709162433
148.44321216060803,387947.19703163026
148.45320766038301,388051.6980793989
148.463203160158,388156.2202377731
148.473198659933,388260.76350959565
148.48319415970798,388365.32789770974
148.49318965948297,388469.91340495856
148.50318515925795,388574.52003418555
148.51318065903294,388679.14778823446
148.52317615880796,388783.7966699494
148.53317165858294,388888.4666821738
148.54316715835793,388993.1578277522
148.55316265813292,389097.870109529
148.5631581579079,389202.60353034886
148.5731536576829,389307.35809305654
148.58314915745788,389412.13380049705
148.59314465723287,389516.9306555156
148.60314015700786,389621.7486609575
148.61313565678284,389726.5878196684
148.62313115655783,389831.4481344941
148.63312665633282,389936.3296082804
148.6431221561078,390041.2322438735
148.6531176558828,390146.15604411985
148.66311315565778,390251.1010118659
148.67310865543277,390356.06714995834
148.68310415520776,390461.0544612441
148.69309965498275,390566.0629485703
148.70309515475773,390671.09261478425
148.71309065453272,390776.14346273337
148.7230861543077,390881.2154952654
148.7330816540827,390986.30871522817
148.74307715385768,391091.42312546977
148.75307265363267,391196.5587288384
148.76306815340766,391301.7155281825
148.77306365318267,391406.89352635114
148.78305915295766,391512.0927261923
148.79305465273265,391617.31313055556
148.80305015250764,391722.55474229
148.81304565228263,391827.817564245
148.8230411520576,391933.1015992702
148.8330366518326,392038.40685021534
148.8430321516076,392143.7333199304
148.85302765138258,392249.0810112656
148.86302315115756,392354.4499270711
148.87301865093255,392459.84007019777
148.88301415070754,392565.2514434961
148.89300965048253,392670.68404981715
148.9030051502575,392776.13789201196
148.9130006500325,392881.6129729318
148.9229961498075,392987.1092954284
148.93299164958248,393092.6268623532
148.94298714935746,393198.16567655816
148.95298264913245,393303.7257408955
148.96297814890744,393409.3070582173
148.97297364868243,393514.9096313761
148.9829691484574,393620.53346322454
148.9929646482324,393726.17855661554
149.0029601480074,393831.84491440206
149.0129556477824,393937.53253943764
149.0229511475574,394043.24143457506
149.03294664733238,394148.9716026683
149.04294214710737,394254.7230465712
149.05293764688236,394360.49576913763
149.06293314665734,394466.28977322177
149.07292864643233,394572.1050616781
149.08292414620732,394677.94163736113
149.0929196459823,394783.79950312566
149.1029151457573,394889.6786618266
149.11291064553228,394995.5791163191
149.12290614530727,395101.5008694585
149.13290164508226,395207.4439241003
149.14289714485724,395313.40828310023
149.15289264463223,395419.39394931425
149.16288814440722,395525.40092559834
149.1728836441822,395631.4292148089
149.1828791439572,395737.47881980235
149.19287464373218,395843.5497434354
149.20287014350717,395949.6419885649
149.21286564328216,396055.75555804785
149.22286114305714,396161.89045474166
149.23285664283213,396268.04668150353
149.24285214260712,396374.22424119135
149.2528476423821,396480.4231366627
149.26284314215712,396586.64337077603
149.2728386419321,396692.8849463889
149.2828341417071,396799.14786636
149.2928296414821,396905.432133548
149.30282514125707,397011.73775081156
149.31282064103206,397118.06472100975
149.32281614080705,397224.4130470017
149.33281164058204,397330.7827316467
149.34280714035702,397437.1737778043
149.352802640132,397543.58618833433
149.362798139907,397650.0199660966
149.372793639682,397756.47511395137
149.38278913945697,397862.95163475885
149.39278463923196,397969.44953137956
149.40278013900695,398075.9688066742
149.41277563878194,398182.5094635036
149.42277113855693,398289.0715047289
149.4327666383319,398395.65493321134
149.4427621381069,398502.25975181244
149.4527576378819,398608.8859633937
149.46275313765688,398715.53357081715
149.47274863743186,398822.20257694466
149.48274413720685,398928.8929846385
149.49273963698184,399035.6047967611
149.50273513675683,399142.33801617514
149.51273063653184,399249.0926457436
149.52272613630683,399355.86868832895
149.53272163608182,399462.6661467947
149.5427171358568,399569.485024004
149.5527126356318,399676.3253228207
149.56270813540678,399783.18704610836
149.57270363518177,399890.070196731
149.58269913495675,399996.97477755276
149.59269463473174,400103.90079143795
149.60269013450673,400210.84824125114
149.61268563428172,400317.81712985697
149.6226811340567,400424.80746012036
149.6326766338317,400531.81923490646
149.64267213360668,400638.85245708044
149.65266763338167,400745.9071295079
149.66266313315666,400852.9832550545
149.67265863293164,400960.0808365861
149.68265413270663,401067.1998769686
149.69264963248162,401174.34037906834
149.7026451322566,401281.50234575185
149.7126406320316,401388.6857798856
149.72263613180658,401495.8906843366
149.73263163158157,401603.1170619717
149.74262713135656,401710.3649156581
149.75262263113157,401817.63424826355
149.76261813090656,401924.925062655
149.77261363068155,402032.23736170057
149.78260913045654,402139.5711482682
149.79260463023152,402246.926425226
149.8026001300065,402354.30319544236
149.8125956297815,402461.7014617858
149.82259112955649,402569.1212271252
149.83258662933147,402676.56249432924
149.84258212910646,402784.0252662672
149.85257762888145,402891.5095458083
149.86257312865644,402999.0153358221
149.87256862843142,403106.5426391782
149.8825641282064,403214.09145874664
149.8925596279814,403321.6617973973
149.9025551277564,403429.2536580006
149.91255062753137,403536.8670434269
149.92254612730636,403644.50195654685
149.93254162708135,403752.15840023133
149.94253712685634,403859.83637735137
149.95253262663132,403967.5358907782
149.9625281264063,404075.2569433831
149.9725236261813,404182.9995380378
149.9825191259563,404290.76367761404
149.99251462573127,404398.54936498386
150.0025101255063,404506.35660301975
150.01250562528128,404614.1853945934
150.02250112505627,404722.0357425777
150.03249662483125,404829.9076498454
150.04249212460624,404937.80111926945
150.05248762438123,405045.716153723
150.06248312415622,405153.65275607933
150.0724786239312,405261.61092921195
150.0824741237062,405369.59067599464
150.09246962348118,405477.5919993013
150.10246512325617,405585.61490200594
150.11246062303115,405693.65938698285
150.12245612280614,405801.72545710654
150.13245162258113,405909.8131152517
150.14244712235612,406017.9223642932
150.1524426221311,406126.05320710596
150.1624381219061,406234.20564656536
150.17243362168108,406342.37968554674
150.18242912145607,406450.5753269258
150.19242462123105,406558.79257357825
150.20242012100604,406667.03142838017
150.21241562078103,406775.29189420777
150.22241112055602,406883.5739739374
150.232406620331,406991.87767044565
150.24240212010602,407100.2029866096
150.252397619881,407208.54992530553
150.262393119656,407316.918489411
150.27238861943098,407425.3086818033
150.28238411920597,407533.72050536005
150.29237961898096,407642.15396295884
150.30237511875595,407750.6090574777
150.31237061853093,407859.0857917947
150.32236611830592,407967.5841687881
150.3323616180809,408076.1041913365
150.3423571178559,408184.64586231846
150.35235261763088,408293.20918461296
150.36234811740587,408401.794161099
150.37234361718086,408510.40079465584
150.38233911695585,408619.02908816293
150.39233461673084,408727.6790445
150.40233011650582,408836.3506665468
150.4123256162808,408945.04395718337
150.4223211160558,409053.75891928986
150.43231661583079,409162.49555574683
150.44231211560577,409271.25386943476
150.45230761538076,409380.03386323445
150.46230311515575,409488.8355400269
150.47229861493074,409597.6589026933
150.48229411470572,409706.50395411503
150.49228961448074,409815.37069717393
150.50228511425573,409924.2591347511
150.51228061403071,410033.16926972877
150.5222761138057,410142.1011049892
150.5322716135807,410251.05464341457
150.54226711335568,410360.0298878874
150.55226261313067,410469.02684129047
150.56225811290565,410578.04550650663
150.57225361268064,410687.08588641905
150.58224911245563,410796.14798391087
150.59224461223062,410905.2318018657
150.6022401120056,411014.3373431671
150.6122356117806,411123.46461069887
150.62223111155558,411232.61360734527
150.63222661133057,411341.7843359903
150.64222211110555,411450.97679951857
150.65221761088054,411560.19100081455
150.66221311065553,411669.4269427631
150.67220861043052,411778.6846282493
150.6822041102055,411887.9640601583
150.6921996099805,411997.2652413754
150.70219510975548,412106.58817478624
150.71219060953047,412215.9328632766
150.72218610930545,412325.29930973245
150.73218160908047,412434.6875170402
150.74217710885546,412544.09748808556
150.75217260863045,412653.5292257555
150.76216810840543,412762.98273293657
150.77216360818042,412872.45801251574
150.7821591079554,412981.9550673802
150.7921546077304,413091.47390041716
150.80215010750538,413201.0145145142
150.81214560728037,413310.57691255887
150.82214110705536,413420.1610974391
150.83213660683035,413529.76707204303
150.84213210660533,413639.3948392588
150.85212760638032,413749.04440197494
150.8621231061553,413858.71576308005
150.8721186059303,413968.4089254629
150.88211410570528,414078.12389201263
150.89210960548027,414187.86066561844
150.90210510525526,414297.6192491696
150.91210060503025,414407.3996455558
150.92209610480523,414517.2018576669
150.93209160458022,414627.0258883927
150.9420871043552,414736.8717406235
150.9520826041302,414846.7394172497
150.96207810390518,414956.6289211617
150.97207360368017,415066.54025525035
150.9820691034552,415176.4734224068
150.99206460323018,415286.4284255217
151.00206010300516,415396.4052674866
151.01205560278015,415506.4039511929
151.02205110255514,415616.4244795325
151.03204660233013,415726.4668553972
151.0420421021051,415836.53108167904
151.0520376018801,415946.6171612704
151.0620331016551,416056.7250970637
151.07202860143008,416166.8548919515
151.08202410120506,416277.00654882676
151.09201960098005,416387.18007058254
151.10201510075504,416497.37546011194
151.11201060053003,416607.5927203085
151.12200610030501,416717.83185406576
151.13200160008,416828.0928642776
151.141997099855,416938.37575383805
151.15199259962998,417048.68052564113
151.16198809940497,417159.00718258135
151.17198359917995,417269.3557275533
151.18197909895494,417379.7261634516
151.19197459872993,417490.11849317135
151.20197009850492,417600.53271960764
151.2119655982799,417710.96884565585
151.22196109805492,417821.4268742117
151.2319565978299,417931.90680817043
151.2419520976049,418042.4086504282
151.25194759737988,418152.9324038811
151.26194309715487,418263.4780714254
151.27193859692986,418374.04565595766
151.28193409670484,418484.6351603745
151.29192959647983,418595.2465875728
151.30192509625482,418705.87994044967
151.3119205960298,418816.5352219023
151.3219160958048,418927.2124348281
151.33191159557978,419037.9115821248
151.34190709535477,419148.6326666903
151.35190259512976,419259.3756914223
151.36189809490475,419370.1406592193
151.37189359467973,419480.9275729796
151.38188909445472,419591.7364356018
151.3918845942297,419702.56724998466
151.4018800940047,419813.42001902714
151.41187559377968,419924.2947456285
151.42187109355467,420035.191432688
151.43186659332966,420146.1100831052
151.44186209310465,420257.0506997799
151.45185759287963,420368.013285612
151.46185309265462,420478.99784350157
151.47184859242964,420590.0043763493
151.48184409220462,420701.0328870551
151.4918395919796,420812.08337851986
151.5018350917546,420923.15585364454
151.5118305915296,421034.2503153302
151.52182609130458,421145.36676647817
151.53182159107956,421256.5052099899
151.54181709085455,421367.66564876697
151.55181259062954,421478.8480857113
151.56180809040453,421590.0525237248
151.5718035901795,421701.27896570985
151.5817990899545,421812.5274145688
151.5917945897295,421923.79787320434
151.60179008950448,422035.0903445191
151.61178558927946,422146.40483141626
151.62178108905445,422257.7413367989
151.63177658882944,422369.09986357036
151.64177208860443,422480.48041463434
151.6517675883794,422591.88299289445
151.6617630881544,422703.3076012548
151.6717585879294,422814.7542426194
151.68175408770438,422926.22291989264
151.69174958747936,423037.71363597905
151.70174508725435,423149.2263937833
151.71174058702934,423260.7611962103
151.72173608680436,423372.3180461655
151.73173158657934,423483.8969465536
151.74172708635433,423595.4979002803
151.75172258612932,423707.12091025134
151.7617180859043,423818.76597937255
151.7717135856793,423930.43311055005
151.78170908545428,424042.12230668997
151.79170458522927,424153.83357069886
151.80170008500426,424265.5669054833
151.81169558477924,424377.32231395016
151.82169108455423,424489.0997990063
151.83168658432922,424600.89936355915
151.8416820841042,424712.72101051593
151.8516775838792,424824.5647427843
151.86167308365418,424936.43056327204
151.87166858342917,425048.3184748871
151.88166408320416,425160.22848053765
151.89165958297914,425272.160583132
151.90165508275413,425384.1147855788
151.91165058252912,425496.0910907867
151.9216460823041,425608.0895016646
151.9316415820791,425720.1100211218
151.94163708185408,425832.15265206737
151.95163258162907,425944.2173974109
151.9616280814041,426056.30426006246
151.97162358117907,426168.41324293124
151.98161908095406,426280.5443489277
151.99161458072905,426392.697580962
152.00161008050404,426504.87294194463
152.01160558027902,426617.0704347863
152.021601080054,426729.29006239783
152.031596579829,426841.5318276902
152.041592079604,426953.7957335748
152.05158757937897,427066.0817829628
152.06158307915396,427178.38997876586
152.07157857892895,427290.720323896
152.08157407870394,427403.0728212649
152.09156957847892,427515.44747378497
152.1015650782539,427627.84428436856
152.1115605780289,427740.26325592806
152.1215560778039,427852.7043913764
152.13155157757888,427965.1676936265
152.14154707735386,428077.6531655915
152.15154257712885,428190.1608101846
152.16153807690384,428302.69063031947
152.17153357667883,428415.24262890976
152.1815290764538,428527.81680886936
152.1915245762288,428640.41317311244
152.2015200760038,428753.03172455315
152.2115155757788,428865.6724661065
152.2215110755538,428978.3354006863
152.23150657532878,429091.0205312078
152.24150207510377,429203.72786058614
152.25149757487875,429316.4573917365
152.26149307465374,429429.20912757434
152.27148857442873,429541.9830710152
152.28148407420372,429654.779224975
152.2914795739787,429767.59759236965
152.3014750737537,429880.43817611545
152.31147057352868,429993.30097912875
152.32146607330367,430106.1860043261
152.33146157307866,430219.0932546243
152.34145707285364,430332.0227329403
152.35145257262863,430444.9744421914
152.36144807240362,430557.94838529476
152.3714435721786,430670.94456516794
152.3814390719536,430783.9629847288
152.39143457172858,430897.00364689523
152.40143007150357,431010.0665545852
152.41142557127856,431123.1517107171
152.42142107105354,431236.2591182095
152.43141657082853,431349.38877998106
152.44141207060352,431462.5406989506
152.45140757037854,431575.7148780375
152.46140307015352,431688.91132016043
152.4713985699285,431802.1300282393
152.4813940697035,431915.37100519345
152.49138956947849,432028.63425394293
152.50138506925347,432141.9197774077
152.51138056902846,432255.2275785081
152.52137606880345,432368.55766016437
152.53137156857844,432481.9100252972
152.54136706835342,432595.28467682743
152.5513625681284,432708.68161767593
152.5613580679034,432822.10085076396
152.5713535676784,432935.54237901286
152.58134906745337,433049.0062053441
152.59134456722836,433162.4923326797
152.60134006700335,433276.00076394127
152.61133556677834,433389.53150205116
152.62133106655332,433503.0845499316
152.6313265663283,433616.65991050523
152.6413220661033,433730.2575866947
152.6513175658783,433843.87758142274
152.66131306565327,433957.5198976126
152.67130856542826,434071.18453818763
152.68130406520325,434184.8715060712
152.69129956497824,434298.580804187
152.70129506475325,434412.3124354592
152.71129056452824,434526.06640281115
152.72128606430323,434639.8427091675
152.73128156407822,434753.6413574527
152.7412770638532,434867.46235059126
152.7512725636282,434981.3056915081
152.76126806340318,435095.1713831282
152.77126356317817,435209.0594283767
152.78125906295315,435322.969830179
152.79125456272814,435436.90259146073
152.80125006250313,435550.8577151477
152.81124556227812,435664.8352041657
152.8212410620531,435778.8350614411
152.8312365618281,435892.8572899001
152.84123206160308,436006.90189246926
152.85122756137807,436120.9688720753
152.86122306115305,436235.05823164526
152.87121856092804,436349.1699741061
152.88121406070303,436463.3041023851
152.89120956047802,436577.46061941
152.901205060253,436691.6395281082
152.911200560028,436805.8408314077
152.92119605980298,436920.06453223655
152.93119155957797,437034.31063352304
152.94118705935298,437148.5791381959
152.95118255912797,437262.87004918314
152.96117805890296,437377.18336941395
152.97117355867795,437491.51910181734
152.98116905845293,437605.8772493225
152.99116455822792,437720.25781485887
153.0011600580029,437834.660801356
153.0111555577779,437949.0862117437
153.02115105755288,438063.53404895205
153.03114655732787,438178.00431591104
153.04114205710286,438292.4970155512
153.05113755687785,438407.012150803
153.06113305665284,438521.5497245972
153.07112855642782,438636.10973986477
153.0811240562028,438750.6921995368
153.0911195559778,438865.29710654455
153.10111505575279,438979.9244638197
153.11111055552777,439094.5742742938
153.12110605530276,439209.24654089886
153.13110155507775,439323.9412665669
153.14109705485274,439438.6584542303
153.15109255462772,439553.3981068214
153.1610880544027,439668.16022727283
153.1710835541777,439782.9448185176
153.1810790539527,439897.7518834886
153.1910745537277,440012.58142511954
153.2010700535027,440127.4334463431
153.21106555327768,440242.3079500933
153.22106105305267,440357.20493930386
153.23105655282765,440472.12441690883
153.24105205260264,440587.06638584234
153.25104755237763,440702.03084903886
153.26104305215262,440817.01780943293
153.2710385519276,440932.0272699593
153.2810340517026,441047.059233553
153.29102955147758,441162.1137031491
153.30102505125257,441277.19068168296
153.31102055102755,441392.2901720901
153.32101605080254,441507.4121773063
153.33101155057753,441622.5567002675
153.34100705035252,441737.7237439097
153.3510025501275,441852.9133111692
153.3609980499025,441968.12540498254
153.37099354967748,442083.36002828646
153.38098904945247,442198.6171840177
153.39098454922745,442313.8968751134
153.40098004900244,442429.19910451095
153.41097554877743,442544.5238751475
153.42097104855242,442659.8711899609
153.4309665483274,442775.24105188897
153.44096204810242,442890.6334638699
153.4509575478774,443006.04842884146
153.4609530476524,443121.4859497422
153.47094854742738,443236.9460295108
153.48094404720237,443352.4286710861
153.49093954697736,443467.9338774071
153.50093504675235,443583.4616514127
153.51093054652733,443699.01199604257
153.52092604630232,443814.5849142362
153.5309215460773,443930.1804089332
153.5409170458523,444045.7984830736
153.55091254562728,444161.43913959747
153.56090804540227,444277.10238144523
153.57090354517726,444392.7882115573
153.58089904495225,444508.49663287436
153.59089454472723,444624.22764833743
153.60089004450222,444739.98126088746
153.6108855442772,444855.75747346587
153.6208810440522,444971.5562890139
153.63087654382718,445087.37771047343
153.64087204360217,445203.22174078616
153.65086754337716,445319.08838289423
153.66086304315215,445434.97763973987
153.67085854292714,445550.88951426547
153.68085404270215,445666.82400941395
153.69084954247714,445782.7811281274
153.70084504225213,445898.7608733493
153.7108405420271,446014.76324802276
153.7208360418021,446130.7882550912
153.7308315415771,446246.8358974981
153.74082704135208,446362.90617818735
153.75082254112706,446478.9991001028
153.76081804090205,446595.1146661886
153.77081354067704,446711.25287938915
153.78080904045203,446827.41374264896
153.79080454022701,446943.5972589127
153.800800040002,447059.8034311253
153.810795539777,447176.032262232
153.82079103955198,447292.2837551779
153.83078653932697,447408.5579129086
153.84078203910195,447524.8547383697
153.85077753887694,447641.1742345071
153.86077303865193,447757.51640426693
153.87076853842692,447873.8812505953
153.8807640382019,447990.26877643884
153.8907595379769,448106.67898474407
153.90075503775188,448223.1118784577
153.91075053752687,448339.567460527
153.92074603730185,448456.045733899
153.93074153707687,448572.5467015215
153.94073703685186,448689.0703663414
153.95073253662684,448805.61673130677
153.96072803640183,448922.18579936575
153.97072353617682,449038.77757346636
153.9807190359518,449155.39205655694
153.9907145357268,449272.0292515862
154.00071003550178,449388.6891615027
154.01070553527677,449505.3717892554
154.02070103505176,449622.07713779353
154.03069653482675,449738.8052100664
154.04069203460173,449855.5560090233
154.05068753437672,449972.3295376142
154.0606830341517,450089.12579878874
154.0706785339267,450205.9447954973
154.08067403370168,450322.78653068986
154.09066953347667,450439.65100731706
154.10066503325166,450556.5382283295
154.11066053302665,450673.44819667796
154.12065603280163,450790.3809153136
154.13065153257662,450907.3363871876
154.1406470323516,451024.3146152514
154.1506425321266,451141.31560245645
154.16063803190158,451258.33935175475
154.1706335316766,451375.3858660986
154.1806290314516,451492.45514843933
154.19062453122658,451609.54720173
154.20062003100156,451726.6620289229
154.21061553077655,451843.7996329708
154.22061103055154,451960.96001682675
154.23060653032653,452078.1431834439
154.2406020301015,452195.34913577547
154.2505975298765,452312.5778767752
154.2605930296515,452429.82940939645
154.27058852942648,452547.1037365935
154.28058402920146,452664.4008613202
154.29057952897645,452781.72078653105
154.30057502875144,452899.0635151803
154.31057052852643,453016.4290502228
154.3205660283014,453133.8173946133
154.3305615280764,453251.22855130694
154.3405570278514,453368.66252325894
154.35055252762638,453486.1193134247
154.36054802740136,453603.5989247599
154.37054352717635,453721.10136022035
154.38053902695134,453838.6266227621
154.39053452672633,453956.1747153413
154.40053002650131,454073.7456409143
154.4105255262763,454191.33940243785
154.42052102605132,454308.9560028689
154.4305165258263,454426.59544516384
154.4405120256013,454544.2577322801
154.45050752537628,454661.9428671751
154.46050302515127,454779.65085280646
154.47049852492626,454897.3816921317
154.48049402470124,455015.13538810884
154.49048952447623,455132.91194369603
154.50048502425122,455250.71136185166
154.5104805240262,455368.5336455341
154.5204760238012,455486.378797702
154.53047152357618,455604.2468213144
154.54046702335117,455722.1377193303
154.55046252312616,455840.05149470904
154.56045802290114,455957.98815040995
154.57045352267613,456075.9476893928
154.58044902245112,456193.9301146173
154.5904445222261,456311.9354290436
154.6004400220011,456429.9636356318
154.61043552177608,456548.01473734254
154.62043102155107,456666.08873713616
154.63042652132606,456784.18563797366
154.64042202110105,456902.30544281594
154.65041752087603,457020.4481546242
154.66041302065105,457138.6137763601
154.67040852042604,457256.80231098464
154.68040402020102,457375.0137614598
154.690399519976,457493.2481307476
154.700395019751,457611.5054218102
154.710390519526,457729.7856376098
154.72038601930097,457848.0887811091
154.73038151907596,457966.41485527053
154.74037701885095,458084.76386305736
154.75037251862594,458203.1358074324
154.76036801840092,458321.53069135913
154.7703635181759,458439.9485178009
154.7803590179509,458558.3892897215
154.7903545177259,458676.8530100846
154.80035001750088,458795.3396818544
154.81034551727586,458913.8493079951
154.82034101705085,459032.3818914712
154.83033651682584,459150.93743524724
154.84033201660083,459269.5159422881
154.8503275163758,459388.1174155587
154.8603230161508,459506.7418580243
154.8703185159258,459625.3892726504
154.88031401570078,459744.0596624024
154.89030951547576,459862.7530302462
154.90030501525075,459981.46937914763
154.91030051502577,460100.20871207333
154.92029601480075,460218.97103198885
154.93029151457574,460337.75634186115
154.94028701435073,460456.564644657
154.95028251412572,460575.3959433434
154.9602780139007,460694.2502408871
154.9702735136757,460813.1275402558
154.98026901345068,460932.0278444168
154.99026451322567,461050.95115633786
155.00026001300066,461169.8974789868
155.01025551277564,461288.86681533174
155.02025101255063,461407.8591683409
155.03024651232562,461526.87454098277
155.0402420121006,461645.912936226
155.0502375118756,461764.97435703943
155.06023301165058,461884.058806392
155.07022851142557,462003.16628725315
155.08022401120056,462122.29680259206
155.09021951097554,462241.4503553784
155.10021501075053,462360.62694858207
155.11021051052552,462479.82658517285
155.1202060103005,462599.0492681211
155.1302015100755,462718.2950003972
155.14019700985048,462837.5637849715
155.1501925096255,462956.8556248154
155.16018800940049,463076.1705228989
155.17018350917547,463195.5084821936
155.18017900895046,463314.86950567074
155.19017450872545,463434.253596302
155.20017000850044,463553.6607570588
155.21016550827542,463673.0909909134
155.2201610080504,463792.5443008377
155.2301565078254,463912.0206898039
155.2401520076004,464031.5201607847
155.25014750737537,464151.04271675256
155.26014300715036,464270.5883606804
155.27013850692535,464390.1570955413
155.28013400670034,464509.7489243085
155.29012950647532,464629.3638499554
155.3001250062503,464749.00187545567
155.3101205060253,464868.6630037831
155.3201160058003,464988.3472379116
155.33011150557527,465108.05458081554
155.34010700535026,465227.7850354692
155.35010250512525,465347.5386048472
155.36009800490024,465467.3152919243
155.37009350467522,465587.11509967543
155.3800890044502,465706.93803107576
155.3900845042252,465826.7840891007
155.40008000400022,465946.653276726
155.4100755037752,466066.5455969269
155.4200710035502,466186.46105267946
155.43006650332518,466306.39964695997
155.44006200310017,466426.3613827445
155.45005750287515,466546.3462630097
155.46005300265014,466666.3542907323
155.47004850242513,466786.38546888914
155.48004400220012,466906.4398004573
155.4900395019751,467026.51728841395
155.5000350017501,467146.61793573655
155.51003050152508,467266.74174540275
155.52002600130007,467386.88872039045
155.53002150107505,467507.0588636777
155.54001700085004,467627.25217824266
155.55001250062503,467747.4686670638
155.56000800040002,467867.7083331195
155.570003500175,467987.9711793888
155.57999899995,468108.25720885064
155.58999449972498,468228.56642448413
155.59998999949997,468348.8988292686
155.60998549927496,468469.25442618364
155.61998099904994,468589.6332182091
155.62997649882493,468710.0352083248
155.63997199859992,468830.4603995109
155.64996749837493,468950.9087947481
155.65996299814992,469071.3803970161
155.6699584979249,469191.87520929624
155.6799539976999,469312.393234569
155.68994949747488,469432.93447581585
155.69994499724987,469553.49893601786
155.70994049702486,469674.0866181565
155.71993599679985,469794.6975252136
155.72993149657484,469915.33166017086
155.73992699634982,470035.98902601044
155.7499224961248,470156.66962571436
155.7599179958998,470277.37346226524
155.76991349567479,470398.1005386457
155.77990899544977,470518.8508578384
155.78990449522476,470639.62442282645
155.79989999499975,470760.42123659304
155.80989549477474,470881.24130212166
155.81989099454972,471002.0846223957
155.8298864943247,471122.95120039897
155.8398819940997,471243.84103911545
155.8498774938747,471364.7541415293
155.85987299364967,471485.69051062496
155.86986849342466,471606.65014938684
155.87986399319965,471727.6330607996
155.88985949297467,471848.63924784865
155.89985499274965,471969.6687135184
155.90985049252464,472090.72146079433
155.91984599229963,472211.7974926621
155.92984149207462,472332.89681210736
155.9398369918496,472454.01942211593
155.9498324916246,472575.16532567394
155.95982799139958,472696.33452576754
155.96982349117457,472817.5270253833
155.97981899094955,472938.74282750784
155.98981449072454,473059.98193512793
155.99980999049953,473181.24435123056
156.00980549027452,473302.530078803
156.0198009900495,473423.8391208327
156.0297964898245,473545.1714803072
156.03979198959948,473666.5271602143
156.04978748937447,473787.90616354195
156.05978298914945,473909.3084932783
156.06977848892444,474030.7341524118
156.07977398869943,474152.18314393103
156.08976948847442,474273.65547082457
156.0997649882494,474395.15113608143
156.1097604880244,474516.6701426909
156.11975598779938,474638.2124936421
156.12975148757437,474759.77819192456
156.13974698734938,474881.36724052834
156.14974248712437,475002.97964244266
156.15973798689936,475124.61540065805
156.16973348667435,475246.2745181646
156.17972898644933,475367.9569979529
156.18972448622432,475489.6628430135
156.1997199859993,475611.3920563374
156.2097154857743,475733.1446409155
156.21971098554928,475854.9205997391
156.22970648532427,475976.7199357997
156.23970198509926,476098.5426520888
156.24969748487425,476220.3887515983
156.25969298464923,476342.25823732
156.26968848442422,476464.1511122464
156.2796839841992,476586.0673793696
156.2896794839742,476708.0070416823
156.29967498374918,476829.9701021773
156.30967048352417,476951.95656384743
156.31966598329916,477073.9664296858
156.32966148307415,477195.9997026861
156.33965698284914,477318.05638584145
156.34965248262412,477440.1364821458
156.3596479823991,477562.239994593
156.3696434821741,477684.3669261772
156.3796389819491,477806.51727989287
156.3896344817241,477928.691058734
156.3996299814991,478050.8882656956
156.40962548127408,478173.10890377243
156.41962098104906,478295.3529759596
156.42961648082405,478417.6204852523
156.43961198059904,478539.9114346462
156.44960748037403,478662.2258271366
156.45960298014901,478784.5636657195
156.469598479924,478906.9249533911
156.479593979699,479029.3096931473
156.48958947947398,479151.71788798465
156.49958497924897,479274.14954089967
156.50958047902395,479396.60465488926
156.51957597879894,479519.0832329503
156.52957147857393,479641.58527808
156.53956697834892,479764.1107932757
156.5495624781239,479886.65978153487
156.5595579778989,480009.23224585544
156.56955347767388,480131.82818923524
156.57954897744887,480254.4476146723
156.58954447722385,480377.090525165
156.59953997699884,480499.7569237119
156.60953547677383,480622.4468133117
156.61953097654882,480745.1601969633
156.62952647632383,480867.89707766596
156.63952197609882,480990.6574584184
156.6495174758738,481113.44134222047
156.6595129756488,481236.2487320717
156.66950847542378,481359.07963097206
156.67950397519877,481481.9340419215
156.68949947497376,481604.8119679202
156.69949497474875,481727.7134119687
156.70949047452373,481850.63837706763
156.71948597429872,481973.58686621767
156.7294814740737,482096.5588824199
156.7394769738487,482219.5544286755
156.74947247362368,482342.57350798574
156.75946797339867,482465.6161233523
156.76946347317366,482588.682277777
156.77945897294865,482711.7719742616
156.78945447272363,482834.88521580835
156.79944997249862,482958.0220054197
156.8094454722736,483081.18234609795
156.8194409720486,483204.3662408459
156.82943647182358,483327.5736926666
156.83943197159857,483450.804704563
156.84942747137356,483574.05927953834
156.85942297114855,483697.3374205963
156.86941847092356,483820.6391307406
156.87941397069855,483943.96441297483
156.88940947047354,484067.31327030296
156.89940497024853,484190.6857057296
156.9094004700235,484314.081722259
156.9193959697985,484437.50132289575
156.9293914695735,484560.94451064477
156.93938696934848,484684.4112885111
156.94938246912346,484807.90165949985
156.95937796889845,484931.4156266165
156.96937346867344,485054.9531928666
156.97936896844843,485178.51436125586
156.9893644682234,485302.09913479036
156.9993599679984,485425.7075164762
157.0093554677734,485549.33950931975
157.01935096754838,485672.9951163276
157.02934646732336,485796.6743405065
157.03934196709835,485920.3771848632
157.04933746687334,486044.10365240497
157.05933296664833,486167.8537461392
157.06932846642331,486291.6274690732
157.0793239661983,486415.4248242148
157.0893194659733,486539.24581457174
157.09931496574828,486663.09044315224
157.10931046552327,486786.9587129646
157.11930596529828,486910.8506270175
157.12930146507327,487034.76618831896
157.13929696484826,487158.70539987803
157.14929246462324,487282.668264704
157.15928796439823,487406.6547858059
157.16928346417322,487530.66496619326
157.1792789639482,487654.69880887563
157.1892744637232,487778.7563168628
157.19926996349818,487902.8374931647
157.20926546327317,488026.9423407917
157.21926096304816,488151.07086275396
157.22925646282314,488275.2230620622
157.23925196259813,488399.3989417271
157.24924746237312,488523.59850475966
157.2592429621481,488647.82175417093
157.2692384619231,488772.0686929724
157.27923396169808,488896.3393241754
157.28922946147307,489020.6336507917
157.29922496124806,489144.9516758333
157.30922046102305,489269.29340231227
157.31921596079803,489393.65883324086
157.32921146057302,489518.0479716315
157.339206960348,489642.4608204969
157.349202460123,489766.89738284994
157.35919795989798,489891.3576617037
157.369193459673,490015.8416600717
157.379188959448,490140.3493809667
157.38918445922297,490264.88082740275
157.39917995899796,490389.43600239366
157.40917545877295,490514.0149089532
157.41917095854794,490638.61755009595
157.42916645832292,490763.2439288361
157.4391619580979,490887.8940481882
157.4491574578729,491012.567911167
157.4591529576479,491137.2655207876
157.46914845742288,491261.9868800651
157.47914395719786,491386.73199201486
157.48913945697285,491511.50085965235
157.49913495674784,491636.2934859935
157.50913045652283,491761.10987405403
157.5191259562978,491885.95002685016
157.5291214560728,492010.8139473981
157.5391169558478,492135.70163871447
157.54911245562278,492260.6131038158
157.55910795539776,492385.54834571923
157.56910345517275,492510.50736744155
157.57909895494774,492635.49017200014
157.58909445472273,492760.4967624125
157.5990899544977,492885.52714169625
157.60908545427273,493010.5813128696
157.61908095404772,493135.6592789498
157.6290764538227,493260.7610429555
157.6390719535977,493385.88660790503
157.64906745337268,493511.0359768171
157.65906295314767,493636.20915271045
157.66905845292266,493761.406138604
157.67905395269764,493886.6269375171
157.68904945247263,494011.871552469
157.69904495224762,494137.1399864792
157.7090404520226,494262.43224256753
157.7190359517976,494387.748323754
157.72903145157258,494513.0882330586
157.73902695134757,494638.4519735018
157.74902245112256,494763.83954810404
157.75901795089754,494889.25095988606
157.76901345067253,495014.6862118687
157.77900895044752,495140.1453070731
157.7890044502225,495265.6282485205
157.7989999499975,495391.1350392325
157.80899544977248,495516.6656822306
157.81899094954747,495642.22018053685
157.82898644932246,495767.7985371731
157.83898194909744,495893.40075516165
157.84897744887243,496019.026837525
157.85897294864745,496144.6767872861
157.86896844842244,496270.35060746706
157.87896394819742,496396.0483010912
157.8889594479724,496521.7698711817
157.8989549477474,496647.51532076206
157.9089504475224,496773.2846528557
157.91894594729737,496899.0778704866
157.92894144707236,497024.89497667854
157.93893694684735,497150.7359744558
157.94893244662234,497276.60086684255
157.95892794639732,497402.48965686356
157.9689234461723,497528.40234754334
157.9789189459473,497654.338941907
157.9889144457223,497780.29944297957
157.99890994549727,497906.28385378624
158.00890544527226,498032.2921773527
158.01890094504725,498158.3244167046
158.02889644482224,498284.3805748677
158.03889194459722,498410.4606548681
158.0488874443722,498536.5646597321
158.0588829441472,498662.6925924863
158.0688784439222,498788.84445615695
158.07887394369718,498915.0202537713
158.08886944347216,499041.21998835617
158.09886494324718,499167.44366293907
158.10886044302217,499293.69128054695
158.11885594279715,499419.96284420753
158.12885144257214,499546.2583569486
158.13884694234713,499672.5778217984
158.14884244212212,499798.92124178476
158.1588379418971,499925.2886199363
158.1688334416721,500051.67995928146
158.17882894144708,500178.095262849
158.18882444122207,500304.5345336679
158.19881994099705,500430.9977747673
158.20881544077204,500557.48498917645
158.21881094054703,500683.99617992487
158.22880644032202,500810.5313500424
158.238801940097,500937.0905025587
158.248797439872,501063.67364050413
158.25879293964698,501190.2807669088
158.26878843942197,501316.9118848032
158.27878393919696,501443.56699721795
158.28877943897194,501570.2461071841
158.29877493874693,501696.9492177324
158.30877043852192,501823.6763318944
158.3187659382969,501950.4274527013
158.3287614380719,502077.20258318476
158.33875693784688,502204.0017263767
158.3487524376219,502330.8248853094
158.35874793739688,502457.6720630143
158.36874343717187,502584.5432625242
158.37873893694686,502711.43848687166
158.38873443672185,502838.3577390894
158.39872993649684,502965.3010222105
158.40872543627182,503092.2683392681
158.4187209360468,503219.2596932954
158.4287164358218,503346.275087326
158.43871193559679,503473.31452439376
158.44870743537177,503600.3780075324
158.45870293514676,503727.465539776
158.46869843492175,503854.57712415914
158.47869393469674,503981.712763716
158.48868943447172,504108.8724614815
158.4986849342467,504236.0562204904
158.5086804340217,504363.2640437777
158.5186759337967,504490.4959343789
158.52867143357167,504617.75189532916
158.53866693334666,504745.0319296642
158.54866243312165,504872.33604041993
158.55865793289664,504999.66423063236
158.56865343267162,505127.0165033377
158.5786489324466,505254.3928615723
158.58864443222163,505381.7933083732
158.59863993199662,505509.21784677636
158.6086354317716,505636.66647981916
158.6186309315466,505764.1392105388
158.62862643132158,505891.6360419727
158.63862193109657,506019.15697715833
158.64861743087155,506146.70201913343
158.65861293064654,506274.2711709359
158.66860843042153,506401.86443560396
158.67860393019652,506529.4818161758
158.6885994299715,506657.1233156901
158.6985949297465,506784.7889371855
158.70859042952148,506912.47868370084
158.71858592929647,507040.1925582753
158.72858142907145,507167.930563948
158.73857692884644,507295.69270375854
158.74857242862143,507423.4789807465
158.75856792839642,507551.2893979519
158.7685634281714,507679.1239584146
158.7785589279464,507806.9826651748
158.78855442772138,507934.8655212731
158.79854992749637,508062.7725297501
158.80854542727135,508190.70369364636
158.81854092704634,508318.65901600313
158.82853642682133,508446.63849986147
158.83853192659635,508574.64214826317
158.84852742637133,508702.6699642492
158.85852292614632,508830.72195086145
158.8685184259213,508958.7981111421
158.8785139256963,509086.89844813314
158.88850942547128,509215.02296487696
158.89850492524627,509343.1716644161
158.90850042502126,509471.3445497933
158.91849592479625,509599.5416240514
158.92849142457123,509727.76289023354
158.93848692434622,509856.00835138315
158.9484824241212,509984.2780105435
158.9584779238962,510112.5718707583
158.96847342367118,510240.8899350716
158.97846892344617,510369.23220652726
158.98846442322116,510497.5986881696
158.99845992299615,510625.9893830431
159.00845542277114,510754.4042941924
159.01845092254612,510882.84342466225
159.0284464223211,511011.3067774978
159.0384419220961,511139.7943557441
159.04843742187109,511268.3061624467
159.05843292164607,511396.8422006511
159.06842842142106,511525.4024734031
159.07842392119605,511653.9869837487
159.08841942097106,511782.5957347344
159.09841492074605,511911.22872940573
159.10841042052104,512039.8859708099
159.11840592029603,512168.5674619933
159.12840142007101,512297.2732060031
159.138396919846,512426.0032058864
159.148392419621,512554.7574646905
159.15838791939598,512683.5359854628
159.16838341917096,512812.33877125103
159.17837891894595,512941.16582510323
159.18837441872094,513070.01715006726
159.19836991849593,513198.89274919155
159.20836541827092,513327.79262552457
159.2183609180459,513456.7167821149
159.2283564178209,513585.6652220113
159.23835191759588,513714.6379482631
159.24834741737087,513843.6349639192
159.25834291714585,513972.6562720292
159.26833841692084,514101.70187564264
159.27833391669583,514230.7717778095
159.28832941647082,514359.8659815795
159.2983249162458,514488.98449000303
159.3083204160208,514618.1273061304
159.31831591579578,514747.2944330122
159.3283114155708,514876.4858736995
159.33830691534578,515005.7016312425
159.34830241512077,515134.9417086929
159.35829791489576,515264.2061091018
159.36829341467075,515393.49483552086
159.37828891444573,515522.80789100175
159.38828441422072,515652.14527859644
159.3982799139957,515781.5070013569
159.4082754137707,515910.89306233556
159.41827091354568,516040.30346458487
159.42826641332067,516169.7382111574
159.43826191309566,516299.19730510615
159.44825741287065,516428.68074948416
159.45825291264563,516558.1885473446
159.46824841242062,516687.720701741
159.4782439121956,516817.2772157269
159.4882394119706,516946.8580923562
159.49823491174558,517076.4633346828
159.50823041152057,517206.0929457611
159.51822591129556,517335.74692864536
159.52822141107055,517465.4252863902
159.53821691084553,517595.12802205037
159.54821241062052,517724.8551386809
159.5582079103955,517854.60663933685
159.5682034101705,517984.3825270737
159.5781989099455,518114.18280494725
159.5881944097205,518244.00747601263
159.5981899094955,518373.856543326
159.60818540927048,518503.73000994365
159.61818090904546,518633.6278789217
159.62817640882045,518763.55015331676
159.63817190859544,518893.4968361855
159.64816740837043,519023.46793058485
159.6581629081454,519153.4634395718
159.6681584079204,519283.48336620367
159.6781539076954,519413.5277135379
159.68814940747038,519543.59648463223
159.69814490724536,519673.6896825443
159.70814040702035,519803.80731033237
159.71813590679534,519933.94937105454
159.72813140657033,520064.11586776935
159.73812690634531,520194.3068035352
159.7481224061203,520324.52218141104
159.7581179058953,520454.7620044557
159.76811340567028,520585.02627572865
159.77810890544527,520715.31499828905
159.78810440522025,520845.6281751964
159.79809990499524,520975.96580951073
159.80809540477023,521106.3279042918
159.81809090454524,521236.7144626002
159.82808640432023,521367.1254874954
159.83808190409522,521497.5609820383
159.8480774038702,521628.0209492898
159.8580729036452,521758.5053923105
159.86806840342018,521889.01431416185
159.87806390319517,522019.54771790485
159.88805940297016,522150.1056066012
159.89805490274514,522280.68798331235
159.90805040252013,522411.29485110036
159.91804590229512,522541.9262130272
159.9280414020701,522672.5820721551
159.9380369018451,522803.2624315465
159.94803240162008,522933.9672942641
159.95802790139507,523064.6966633706
159.96802340117006,523195.45054192905
159.97801890094505,523326.2289330027
159.98801440072003,523457.03183965496
159.99800990049502,523587.8592649493
160.00800540027,523718.71121194965
160.018000900045,523849.5876837198
160.02799639981998,523980.488683324
160.03799189959497,524111.41421382665
160.04798739936996,524242.3642782922
160.05798289914495,524373.3388797855
160.06797839891996,524504.3380213717
160.07797389869495,524635.3617061153
160.08796939846994,524766.409937082
160.09796489824492,524897.4827173371
160.1079603980199,525028.5800499464
160.1179558977949,525159.701937976
160.1279513975699,525290.8483844916
160.13794689734488,525422.0193925597
160.14794239711986,525553.2149652466
160.15793789689485,525684.435105619
160.16793339666984,525815.6798167439
160.17792889644483,525946.9491016882
160.1879243962198,526078.2429635192
160.1979198959948,526209.5614053041
160.2079153957698,526340.9044301107
160.21791089554478,526472.2720410067
160.22790639531976,526603.6642410601
160.23790189509475,526735.0810333393
160.24789739486974,526866.5224209124
160.25789289464473,526997.9884068479
160.2678883944197,527129.4789942149
160.2778838941947,527260.9941860819
160.2878793939697,527392.5339855185
160.29787489374468,527524.0983955936
160.3078703935197,527655.6874193774
160.31786589329468,527787.3010599387
160.32786139306967,527918.939320348
160.33785689284466,528050.6022036751
160.34785239261964,528182.2897129903
160.35784789239463,528314.0018513644
160.36784339216962,528445.7386218676
160.3778388919446,528577.5000275712
160.3878343917196,528709.2860715459
160.39782989149458,528841.0967568633
160.40782539126957,528972.9320865944
160.41782089104456,529104.7920638112
160.42781639081954,529236.6766915855
160.43781189059453,529368.585972989
160.44780739036952,529500.519911094
160.4578028901445,529632.478508973
160.4677983899195,529764.4617696987
160.47779388969448,529896.4696963436
160.48778938946947,530028.5022919808
160.49778488924446,530160.5595596834
160.50778038901944,530292.641502525
160.51777588879443,530424.7481235786
160.52777138856942,530556.8794259183
160.5377668883444,530689.0354126182
160.5477623881194,530821.216086752
160.5577578878944,530953.4214513947
160.5677533876694,531085.6515096198
160.5777488874444,531217.9062645024
160.58774438721937,531350.1857191176
160.59773988699436,531482.4898765403
160.60773538676935,531614.8187398457
160.61773088654434,531747.1723121094
160.62772638631932,531879.5505964068
160.6377218860943,532011.9535958142
160.6477173858693,532144.3813134071
160.6577128856443,532276.8337522619
160.66770838541927,532409.3109154553
160.67770388519426,532541.8128060636
160.68769938496925,532674.3394271635
160.69769488474424,532806.8907818323
160.70769038451922,532939.466873147
160.7176858842942,533072.0677041848
160.7276813840692,533204.6932780236
160.7376768838442,533337.343597741
160.74767238361918,533470.0186664148
160.75766788339416,533602.7184871234
160.76766338316915,533735.4430629449
160.77765888294414,533868.1923969579
160.78765438271913,534000.9664922411
160.79764988249414,534133.7653518738
160.80764538226913,534266.5889789342
160.81764088204412,534399.4373765022
160.8276363818191,534532.3105476571
160.8376318815941,534665.2084954786
160.84762738136908,534798.1312230466
160.85762288114407,534931.078733441
160.86761838091905,535064.0510297422
160.87761388069404,535197.0481150306
160.88760938046903,535330.0699923867
160.89760488024402,535463.1166648915
160.907600380019,535596.1881356258
160.917595879794,535729.2844076711
160.92759137956898,535862.4054841084
160.93758687934397,535995.5513680195
160.94758237911896,536128.7220624861
160.95757787889394,536261.9175705903
160.96757337866893,536395.1378954139
160.97756887844392,536528.3830400397
160.9875643782189,536661.65300755
160.9975598779939,536794.9478010276
161.00755537776888,536928.2674235553
161.01755087754387,537061.6118782162
161.02754637731886,537194.9811680936
161.03754187709384,537328.3752962712
161.04753737686886,537461.7942658329
161.05753287664385,537595.2380798617
161.06752837641884,537728.7067414423
161.07752387619382,537862.200253659
161.0875193759688,537995.7186195959
161.0975148757438,538129.2618423379
161.10751037551879,538262.8299249696
161.11750587529377,538396.4228705764
161.12750137506876,538530.0406822432
161.13749687484375,538663.6833630555
161.14749237461874,538797.3509160989
161.15748787439372,538931.0433444591
161.1674833741687,539064.7606512223
161.1774788739437,539198.5028394745
161.1874743737187,539332.269912302
161.19746987349367,539466.0618727916
161.20746537326866,539599.8787240299
161.21746087304365,539733.7204691038
161.22745637281864,539867.5871111003
161.23745187259362,540001.4786531071
161.2474473723686,540135.3950982112
161.2574428721436,540269.336449501
161.2674383719186,540403.3027100636
161.27743387169357,540537.2938829877
161.28742937146856,540671.3099713614
161.29742487124358,540805.3509782733
161.30742037101857,540939.4169068116
161.31741587079355,541073.5077600655
161.32741137056854,541207.6235411238
161.33740687034353,541341.764253076
161.34740237011852,541475.9298990115
161.3573978698935,541610.1204820197
161.3673933696685,541744.3360051907
161.37738886944348,541878.5764716143
161.38738436921847,542012.8418843807
161.39737986899345,542147.1322465803
161.40737536876844,542281.4475613037
161.41737086854343,542415.7878316417
161.42736636831842,542550.1530606853
161.4373618680934,542684.5432515255
161.4473573678684,542818.9584072536
161.45735286764338,542953.3985309614
161.46734836741837,543087.8636257404
161.47734386719335,543222.3536946825
161.48733936696834,543356.8687408799
161.49733486674333,543491.408767425
161.50733036651832,543625.97377741
161.5173258662933,543760.5637739277
161.5273213660683,543895.1787600712
161.5373168658433,544029.8187389335
161.5473123656183,544164.4837136077
161.55730786539328,544299.173687187
161.56730336516827,544433.8886627654
161.57729886494326,544568.6286434365
161.58729436471825,544703.3936322946
161.59728986449323,544838.1836324336
161.60728536426822,544972.9986469483
161.6172808640432,545107.8386789329
161.6272763638182,545242.7037314824
161.63727186359318,545377.5938076916
161.64726736336817,545512.5089106557
161.65726286314316,545647.4490434704
161.66725836291815,545782.4142092308
161.67725386269314,545917.404411033
161.68724936246812,546052.4196519726
161.6972448622431,546187.459935146
161.7072403620181,546322.5252636494
161.71723586179309,546457.6156405791
161.72723136156807,546592.7310690323
161.73722686134306,546727.8715521055
161.74722236111805,546863.0370928958
161.75721786089304,546998.2276945006
161.76721336066802,547133.4433600174
161.777208860443,547268.6840925437
161.78720436021803,547403.9498951779
161.79719985999301,547539.2407710169
161.807195359768,547674.5567231599
161.817190859543,547809.8977547048
161.82718635931798,547945.2638687505
161.83718185909296,548080.6550683958
161.84717735886795,548216.0713567395
161.85717285864294,548351.5127368808
161.86716835841793,548486.9792119194
161.87716385819292,548622.4707849546
161.8871593579679,548757.9874590862
161.8971548577429,548893.5292374142
161.90715035751788,549029.0961230387
161.91714585729287,549164.68811906
161.92714135706785,549300.3052285786
161.93713685684284,549435.9474546955
161.94713235661783,549571.6148005112
161.95712785639282,549707.3072691271
161.9671233561678,549843.0248636444
161.9771188559428,549978.7675871646
161.98711435571778,550114.5354427893
161.99710985549277,550250.3284336204
162.00710535526775,550386.14656276
162.01710085504274,550521.9898333104
162.02709635481776,550657.8582483743
162.03709185459275,550793.7518110535
162.04708735436773,550929.6705244515
162.05708285414272,551065.614391671
162.0670783539177,551201.5834158155
162.0770738536927,551337.5775999881
162.08706935346768,551473.5969472926
162.09706485324267,551609.6414608327
162.10706035301766,551745.7111437124
162.11705585279265,551881.8059990357
162.12705135256763,552017.9260299073
162.13704685234262,552154.0712394314
162.1470423521176,552290.241630713
162.1570378518926,552426.4372068568
162.16703335166758,552562.6579709682
162.17702885144257,552698.9039261522
162.18702435121756,552835.1750755146
162.19701985099255,552971.4714221607
162.20701535076753,553107.7929691968
162.21701085054252,553244.1397197287
162.2270063503175,553380.511676863
162.2370018500925,553516.9088437058
162.24699734986748,553653.3312233639
162.25699284964247,553789.778818944
162.26698834941746,553926.2516335534
162.27698384919248,554062.7496702995
162.28697934896746,554199.2729322892
162.29697484874245,554335.8214226301
162.30697034851744,554472.3951444303
162.31696584829243,554608.9941007977
162.3269613480674,554745.6182948406
162.3369568478424,554882.2677296671
162.3469523476174,555018.942408386
162.35694784739238,555155.642334106
162.36694334716736,555292.3675099361
162.37693884694235,555429.1179389853
162.38693434671734,555565.893624363
162.39692984649233,555702.6945691787
162.40692534626731,555839.5207765423
162.4169208460423,555976.3722495635
162.4269163458173,556113.2489913524
162.43691184559228,556250.1510050193
162.44690734536726,556387.0782936747
162.45690284514225,556524.0308604294
162.46689834491724,556661.0087083941
162.47689384469223,556798.0118406799
162.48688934446722,556935.0402603981
162.4968848442422,557072.09397066
162.5068803440172,557209.1729745773
162.5168758437922,557346.2772752624
162.5268713435672,557483.4068758262
162.53686684334218,557620.5617793815
162.54686234311717,557757.7419890405
162.55685784289216,557894.9475079161
162.56685334266714,558032.1783391209
162.57684884244213,558169.4344857679
162.58684434221712,558306.7159509702
162.5968398419921,558444.0227378411
162.6068353417671,558581.3548494943
162.61683084154208,558718.7122890435
162.62682634131707,558856.0950596024
162.63682184109206,558993.5031642856
162.64681734086705,559130.9366062068
162.65681284064203,559268.395388481
162.66680834041702,559405.8795142225
162.676803840192,559543.3889865465
162.686799339967,559680.923808568
162.69679483974198,559818.4839834023
162.70679033951697,559956.0695141647
162.71678583929196,560093.6804039709
162.72678133906695,560231.3166559368
162.73677683884193,560368.9782731783
162.74677233861692,560506.6652588118
162.7567678383919,560644.3776159536
162.76676333816692,560782.1153477208
162.7767588379419,560919.8784572292
162.7867543377169,561057.6669475964
162.7967498374919,561195.4808219395
162.80674533726688,561333.3200833759
162.81674083704186,561471.1847350231
162.82673633681685,561609.0747799989
162.83673183659184,561746.9902214212
162.84672733636683,561884.9310624081
162.8567228361418,562022.8973060781
162.8667183359168,562160.8889555496
162.8767138356918,562298.9060139413
162.88670933546678,562436.9484843721
162.89670483524176,562575.0163699612
162.90670033501675,562713.1096738278
162.91669583479174,562851.2283990912
162.92669133456673,562989.3725488713
162.9366868343417,563127.542126288
162.9466823341167,563265.7371344613
162.9566778338917,563403.9575765113
162.96667333366668,563542.2034555585
162.97666883344166,563680.4747747236
162.98666433321665,563818.7715371274
162.99665983299164,563957.0937458909
163.00665533276663,564095.4414041352
163.01665083254164,564233.8145149822
163.02664633231663,564372.2130815526
163.03664183209162,564510.6371069687
163.0466373318666,564649.0865943523
163.0566328316416,564787.5615468257
163.06662833141658,564926.0619675111
163.07662383119157,565064.5878595313
163.08661933096656,565203.1392260087
163.09661483074154,565341.7160700664
163.10661033051653,565480.3183948275
163.11660583029152,565618.9462034153
163.1266013300665,565757.5994989533
163.1365968298415,565896.2782845652
163.14659232961648,566034.9825633748
163.15658782939147,566173.7123385062
163.16658332916646,566312.4676130838
163.17657882894144,566451.2483902319
163.18657432871643,566590.0546730751
163.19656982849142,566728.8864647384
163.2065653282664,566867.7437683467
163.2165608280414,567006.6265870252
163.22655632781638,567145.5349238996
163.23655182759137,567284.4687820951
163.24654732736636,567423.4281647376
163.25654282714137,567562.4130749537
163.26653832691636,567701.4235158686
163.27653382669135,567840.459490609
163.28652932646634,567979.5210023016
163.29652482624132,568118.6080540732
163.3065203260163,568257.7206490505
163.3165158257913,568396.8587903609
163.3265113255663,568536.0224811315
163.33650682534127,568675.2117244899
163.34650232511626,568814.4265235639
163.35649782489125,568953.6668814812
163.36649332466624,569092.9328013702
163.37648882444122,569232.2242863588
163.3864843242162,569371.5413395757
163.3964798239912,569510.8839641496
163.4064753237662,569650.2521632091
163.41647082354118,569789.6459398835
163.42646632331616,569929.0652973021
163.43646182309115,570068.5102385941
163.44645732286614,570207.9807668893
163.45645282264113,570347.4768853172
163.4664483224161,570486.9985970082
163.4764438221911,570626.5459050923
163.4864393219661,570766.1188126998
163.49643482174108,570905.7173229615
163.5064303215161,571045.3414390085
163.51642582129108,571184.9911639709
163.52642132106607,571324.6665009802
163.53641682084105,571464.3674531678
163.54641232061604,571604.0940236652
163.55640782039103,571743.8462156042
163.56640332016602,571883.6240321167
163.576398819941,572023.427476335
163.586394319716,572163.2565513909
163.59638981949098,572303.1112604174
163.60638531926597,572442.9916065468
163.61638081904096,572582.8975929123
163.62637631881594,572722.8292226467
163.63637181859093,572862.7864988834
163.64636731836592,573002.7694247559
163.6563628181409,573142.7780033977
163.6663583179159,573282.8122379427
163.67635381769088,573422.872131525
163.68634931746587,573562.9576872786
163.69634481724086,573703.0689083381
163.70634031701584,573843.2057978379
163.71633581679083,573983.3683589131
163.72633131656582,574123.5565946983
163.7363268163408,574263.770508329
163.74632231611582,574404.010102941
163.7563178158908,574544.2753816687
163.7663133156658,574684.5663476484
163.77630881544079,574824.8830040161
163.78630431521577,574965.225353908
163.79629981499076,575105.5934004603
163.80629531476575,575245.9871468095
163.81629081454074,575386.4065960923
163.82628631431572,575526.8517514457
163.8362818140907,575667.3226160067
163.8462773138657,575807.8191929125
163.8562728136407,575948.3414853008
163.86626831341567,576088.8894963091
163.87626381319066,576229.4632290752
163.88625931296565,576370.0626867372
163.89625481274064,576510.6878724335
163.90625031251562,576651.3387893022
163.9162458122906,576792.0154404821
163.9262413120656,576932.7178291121
163.9362368118406,577073.445958331
163.94623231161557,577214.1998312782
163.95622781139056,577354.9794510929
163.96622331116555,577495.7848209147
163.97621881094054,577636.6159438834
163.98621431071552,577777.472823139
163.99620981049054,577918.3554618222
164.00620531026553,578059.2638630721
164.01620081004052,578200.1980300301
164.0261963098155,578341.1579658366
164.0361918095905,578482.1436736326
164.04618730936548,578623.1551565592
164.05618280914047,578764.1924177578
164.06617830891545,578905.2554603697
164.07617380869044,579046.3442875368
164.08616930846543,579187.4589024009
164.09616480824042,579328.5993081039
164.1061603080154,579469.7655077883
164.1161558077904,579610.9575045964
164.12615130756538,579752.1753016708
164.13614680734037,579893.4189021544
164.14614230711535,580034.6883091902
164.15613780689034,580175.9835259214
164.16613330666533,580317.3045554915
164.17612880644032,580458.651401044
164.1861243062153,580600.0240657227
164.1961198059903,580741.4225526715
164.20611530576528,580882.8468650347
164.21611080554027,581024.2970059565
164.22610630531526,581165.7729785816
164.23610180509027,581307.2747860552
164.24609730486526,581448.8024315212
164.25609280464025,581590.3559181252
164.26608830441523,581731.9352490128
164.27608380419022,581873.5404273291
164.2860793039652,582015.1714562201
164.2960748037402,582156.8283388314
164.30607030351518,582298.5110783094
164.31606580329017,582440.2196778001
164.32606130306516,582581.9541404501
164.33605680284015,582723.714469406
164.34605230261513,582865.5006678149
164.35604780239012,583007.3127388234
164.3660433021651,583149.1506855792
164.3760388019401,583291.0145112292
164.38603430171509,583432.9042189213
164.39602980149007,583574.8198118035
164.40602530126506,583716.7612930235
164.41602080104005,583858.7286657295
164.42601630081504,584000.72193307
164.43601180059002,584142.7410981936
164.446007300365,584284.786164249
164.45600280014,584426.857134385
164.465998299915,584568.954011751
164.47599379968997,584711.0767994961
164.485989299465,584853.2255007705
164.49598479923998,584995.4001187228
164.50598029901496,585137.6006565037
164.51597579878995,585279.8271172629
164.52597129856494,585422.0795041509
164.53596679833993,585564.3578203182
164.54596229811492,585706.6620689153
164.5559577978899,585848.9922530934
164.5659532976649,585991.3483760032
164.57594879743988,586133.7304407962
164.58594429721487,586276.1384506237
164.59593979698985,586418.5724086375
164.60593529676484,586561.0323179892
164.61593079653983,586703.5181818308
164.62592629631482,586846.0300033147
164.6359217960898,586988.5677855933
164.6459172958648,587131.1315318191
164.65591279563978,587273.7212451448
164.66590829541477,587416.3369287236
164.67590379518975,587558.9785857084
164.68589929496474,587701.6462192528
164.69589479473973,587844.3398325102
164.70589029451472,587987.0594286344
164.7158857942897,588129.8050107792
164.72588129406472,588272.5765820993
164.7358767938397,588415.3741457481
164.7458722936147,588558.1977048805
164.75586779338968,588701.0472626513
164.76586329316467,588843.9228222154
164.77585879293966,588986.8243867275
164.78585429271465,589129.7519593434
164.79584979248963,589272.7055432183
164.80584529226462,589415.6851415079
164.8158407920396,589558.6907573679
164.8258362918146,589701.7223939545
164.83583179158958,589844.780054424
164.84582729136457,589987.8637419326
164.85582279113956,590130.9734596371
164.86581829091455,590274.1092106941
164.87581379068953,590417.2709982608
164.88580929046452,590560.4588254943
164.8958047902395,590703.6726955519
164.9058002900145,590846.9126115912
164.91579578978948,590990.17857677
164.92579128956447,591133.4705942462
164.93578678933946,591276.788667178
164.94578228911445,591420.1327987238
164.95577778888943,591563.5029920419
164.96577328866442,591706.8992502912
164.97576878843944,591850.3215766309
164.98576428821443,591993.7699742195
164.9957597879894,592137.2444462164
165.0057552877644,592280.7449957812
165.0157507875394,592424.2716260738
165.02574628731438,592567.8243402536
165.03574178708936,592711.403141481
165.04573728686435,592855.0080329162
165.05573278663934,592998.6390177195
165.06572828641433,593142.2960990517
165.07572378618931,593285.9792800735
165.0857192859643,593429.6885639459
165.0957147857393,593573.4239538303
165.10571028551428,593717.1854528879
165.11570578528926,593860.9730642802
165.12570128506425,594004.7867911692
165.13569678483924,594148.6266367169
165.14569228461423,594292.4926040852
165.15568778438922,594436.3846964366
165.1656832841642,594580.3029169337
165.1756787839392,594724.2472687392
165.18567428371418,594868.2177550158
165.19566978348917,595012.2143789269
165.20566528326415,595156.2371436357
165.21566078303914,595300.2860523058
165.22565628281416,595444.3611081012
165.23565178258914,595588.462314185
165.24564728236413,595732.5896737216
165.25564278213912,595876.7431898755
165.2656382819141,596020.9228658108
165.2756337816891,596165.1287046924
165.28562928146408,596309.360709685
165.29562478123907,596453.6188839539
165.30562028101406,596597.9032306641
165.31561578078905,596742.2137529809
165.32561128056403,596886.5504540702
165.33560678033902,597030.9133370975
165.345602280114,597175.3024052291
165.355597779889,597319.7176616308
165.36559327966398,597464.1591094694
165.37558877943897,597608.6267519111
165.38558427921396,597753.1205921229
165.39557977898895,597897.6406332715
165.40557527876393,598042.1868785245
165.41557077853892,598186.7593310486
165.4255662783139,598331.3579940118
165.4355617780889,598475.9828705816
165.44555727786388,598620.633963926
165.45555277763887,598765.3112772129
165.4655482774139,598910.0148136113
165.47554377718888,599054.7445762886
165.48553927696386,599199.500568414
165.49553477673885,599344.2827931562
165.50553027651384,599489.0912536845
165.51552577628883,599633.9259531681
165.5255212760638,599778.7868947763
165.5355167758388,599923.6740816786
165.5455122756138,600068.5875170452
165.55550777538878,600213.5272040458
165.56550327516376,600358.4931458507
165.57549877493875,600503.4853456304
165.58549427471374,600648.5038065553
165.59548977448873,600793.5485317963
165.6054852742637,600938.6195245242
165.6154807740387,601083.7167879104
165.6254762738137,601228.8403251262
165.63547177358868,601373.9901393428
165.64546727336366,601519.1662337324
165.65546277313865,601664.3686114666
165.66545827291364,601809.5972757176
165.67545377268863,601954.8522296578
165.68544927246361,602100.1334764597
165.6954447722386,602245.4410192957
165.7054402720136,602390.774861339
165.7154357717886,602536.135005763
165.7254312715636,602681.5214557401
165.73542677133858,602826.9342144441
165.74542227111357,602972.3732850489
165.75541777088856,603117.8386707279
165.76541327066354,603263.3303746555
165.77540877043853,603408.848400006
165.78540427021352,603554.3927499533
165.7953997699885,603699.9634276725
165.8053952697635,603845.5604363382
165.81539076953848,603991.1837791253
165.82538626931347,604136.8334592092
165.83538176908846,604282.509479765
165.84537726886344,604428.2118439684
165.85537276863843,604573.9405549952
165.86536826841342,604719.6956160212
165.8753637681884,604865.4770302228
165.8853592679634,605011.2848007759
165.89535476773838,605157.1189308574
165.90535026751337,605302.9794236439
165.91534576728836,605448.8662823122
165.92534126706335,605594.7795100395
165.93533676683833,605740.719110003
165.94533226661332,605886.6850853802
165.95532776638834,606032.6774393491
165.96532326616332,606178.696175087
165.9753187659383,606324.741295772
165.9853142657133,606470.8128045826
165.9953097654883,606616.9107046971
166.00530526526327,606763.0349992942
166.01530076503826,606909.1856915527
166.02529626481325,607055.3627846515
166.03529176458824,607201.56628177
166.04528726436322,607347.7961860873
166.0552827641382,607494.0525007831
166.0652782639132,607640.3352290374
166.0752737636882,607786.6443740298
166.08526926346318,607932.9799389408
166.09526476323816,608079.3419269505
166.10526026301315,608225.7303412395
166.11525576278814,608372.1451849885
166.12525126256313,608518.5864613785
166.1352467623381,608665.0541735904
166.1452422621131,608811.5483248058
166.1552377618881,608958.068918206
166.16523326166308,609104.6159569728
166.17522876143806,609251.1894442879
166.18522426121305,609397.7893833335
166.19521976098804,609544.4157772919
166.20521526076305,609691.0686293459
166.21521076053804,609837.7479426771
166.22520626031303,609984.4537204691
166.23520176008802,610131.1859659048
166.245197259863,610277.9446821675
166.255192759638,610424.7298724403
166.26518825941298,610571.5415399071
166.27518375918797,610718.3796877515
166.28517925896296,610865.2443191577
166.29517475873794,611012.1354373096
166.30517025851293,611159.0530453918
166.31516575828792,611305.9971465888
166.3251612580629,611452.9677440852
166.3351567578379,611599.964841066
166.34515225761288,611746.9884407164
166.35514775738787,611894.0385462218
166.36514325716286,612041.1151607676
166.37513875693784,612188.2182875393
166.38513425671283,612335.3479297231
166.39512975648782,612482.5040905051
166.4051252562628,612629.6867730713
166.4151207560378,612776.8959806084
166.42511625581278,612924.1317163031
166.43511175558777,613071.393983342
166.44510725536279,613218.6827849128
166.45510275513777,613365.9981242018
166.46509825491276,613513.3400043967
166.47509375468775,613660.7084286853
166.48508925446274,613808.1034002554
166.49508475423772,613955.5249222951
166.5050802540127,614102.9729979924
166.5150757537877,614250.4476305357
166.5250712535627,614397.9488231136
166.53506675333767,614545.476578915
166.54506225311266,614693.0309011287
166.55505775288765,614840.6117929439
166.56505325266264,614988.2192575498
166.57504875243762,615135.8532981361
166.5850442522126,615283.5139178927
166.5950397519876,615431.2011200092
166.6050352517626,615578.9149076757
166.61503075153757,615726.6552840826
166.62502625131256,615874.4222524206
166.63502175108755,616022.2158158799
166.64501725086254,616170.035977652
166.65501275063752,616317.8827409273
166.6650082504125,616465.7561088974
166.6750037501875,616613.6560847538
166.6849992499625,616761.5826716879
166.6949947497375,616909.5358728922
166.7049902495125,617057.5156915578
166.71498574928748,617205.5221308774
166.72498124906247,617353.5551940431
166.73497674883745,617501.6148842478
166.74497224861244,617649.7012046841
166.75496774838743,617797.8141585452
166.76496324816242,617945.953749024
166.7749587479374,618094.119979314
166.7849542477124,618242.3128526087
166.79494974748738,618390.532372102
166.80494524726237,618538.7785409878
166.81494074703735,618687.05136246
166.82493624681234,618835.350839713
166.83493174658733,618983.6769759415
166.84492724636232,619132.02977434
166.8549227461373,619280.4092381035
166.8649182459123,619428.8153704271
166.87491374568728,619577.2481745059
166.88490924546227,619725.7076535355
166.89490474523726,619874.1938107115
166.90490024501224,620022.7066492299
166.91489574478723,620171.2461722865
166.92489124456222,620319.8123830777
166.9348867443372,620468.4052847998
166.94488224411222,620617.02488065
166.9548777438872,620765.6711738241
166.9648732436622,620914.3441675197
166.97486874343718,621063.0438649338
166.98486424321217,621211.7702692639
166.99485974298716,621360.5233837074
167.00485524276215,621509.3032114623
167.01485074253713,621658.1097557264
167.02484624231212,621806.943019698
167.0348417420871,621955.8030065751
167.0448372418621,622104.6897195567
167.05483274163709,622253.6031618412
167.06482824141207,622402.5433366274
167.07482374118706,622551.5102471148
167.08481924096205,622700.5038965023
167.09481474073704,622849.5242879897
167.10481024051202,622998.5714247766
167.114805740287,623147.6453100626
167.124801240062,623296.745947048
167.134796739837,623445.8733389331
167.14479223961197,623595.0274889182
167.15478773938696,623744.208400204
167.16478323916195,623893.4160759914
167.17477873893694,624042.6505194812
167.18477423871195,624191.9117338752
167.19476973848694,624341.1997223739
167.20476523826193,624490.5144881794
167.21476073803692,624639.8560344932
167.2247562378119,624789.2243645176
167.2347517375869,624938.6194814547
167.24474723736188,625088.0413885068
167.25474273713687,625237.4900888763
167.26473823691185,625386.9655857662
167.27473373668684,625536.4678823793
167.28472923646183,625685.9969819188
167.29472473623682,625835.5528875878
167.3047202360118,625985.1356025902
167.3147157357868,626134.7451301292
167.32471123556178,626284.381473409
167.33470673533677,626434.0446356337
167.34470223511175,626583.7346200073
167.35469773488674,626733.4514297346
167.36469323466173,626883.1950680201
167.37468873443672,627032.9655380686
167.3846842342117,627182.7628430851
167.3946797339867,627332.586986275
167.40467523376168,627482.4379708436
167.41467073353667,627632.3157999965
167.42466623331165,627782.2204769396
167.43466173308667,627932.1520048792
167.44465723286166,628082.1103870206
167.45465273263665,628232.095626571
167.46464823241163,628382.1077267362
167.47464373218662,628532.1466907238
167.4846392319616,628682.2125217402
167.4946347317366,628832.3052229927
167.50463023151158,628982.4247976886
167.51462573128657,629132.5712490354
167.52462123106156,629282.744580241
167.53461673083655,629432.9447945133
167.54461223061153,629583.17189506
167.55460773038652,629733.4258850898
167.5646032301615,629883.706767811
167.5745987299365,630034.0145464323
167.58459422971148,630184.3492241628
167.59458972948647,630334.710804211
167.60458522926146,630485.0992897868
167.61458072903645,630635.514684099
167.62457622881143,630785.9569903577
167.63457172858642,630936.4262117726
167.6445672283614,631086.9223515538
167.6545627281364,631237.4454129112
167.66455822791139,631387.9953990554
167.6745537276864,631538.5723131974
167.6845492274614,631689.1761585472
167.69454472723638,631839.8069383161
167.70454022701136,631990.4646557153
167.71453572678635,632141.149313956
167.72453122656134,632291.86091625
167.73452672633633,632442.5994658088
167.74452222611131,632593.3649658446
167.7545177258863,632744.1574195692
167.7645132256613,632894.976830195
167.77450872543628,633045.8232009347
167.78450422521126,633196.6965350008
167.79449972498625,633347.5968356063
167.80449522476124,633498.5241059641
167.81449072453623,633649.4783492876
167.82448622431122,633800.4595687903
167.8344817240862,633951.4677676858
167.8444772238612,634102.5029491878
167.85447272363618,634253.5651165104
167.86446822341117,634404.6542728681
167.87446372318615,634555.7704214748
167.88445922296114,634706.9135655457
167.89445472273613,634858.0837082951
167.90445022251112,635009.2808529383
167.9144457222861,635160.5050026904
167.92444122206112,635311.7561607669
167.9344367218361,635463.034330383
167.9444322216111,635614.3395147546
167.95442772138608,635765.6717170977
167.96442322116107,635917.0309406284
167.97441872093606,636068.417188563
167.98441422071105,636219.8304641183
167.99440972048603,636371.2707705105
168.00440522026102,636522.7381109571
168.014400720036,636674.2324886747
168.024396219811,636825.7539068809
168.03439171958598,636977.3023687928
168.04438721936097,637128.8778776285
168.05438271913596,637280.4804366058
168.06437821891095,637432.1100489424
168.07437371868593,637583.766717857
168.08436921846092,637735.4504465676
168.0943647182359,637887.1612382932
168.1043602180109,638038.8990962524
168.11435571778588,638190.6640236642
168.12435121756087,638342.4560237479
168.13434671733586,638494.2750997228
168.14434221711085,638646.1212548087
168.15433771688583,638797.994492225
168.16433321666085,638949.8948151926
168.17432871643584,639101.8222269302
168.18432421621083,639253.776730659
168.1943197159858,639405.7583295994
168.2043152157608,639557.7670269721
168.2143107155358,639709.802825998
168.22430621531078,639861.8657298984
168.23430171508576,640013.9557418945
168.24429721486075,640166.0728652079
168.25429271463574,640318.21710306
168.26428821441073,640470.3884586729
168.2742837141857,640622.5869352686
168.2842792139607,640774.8125360694
168.2942747137357,640927.0652642978
168.30427021351068,641079.3451231763
168.31426571328566,641231.6521159279
168.32426121306065,641383.9862457755
168.33425671283564,641536.3475159424
168.34425221261063,641688.7359296519
168.35424771238561,641841.1514901278
168.3642432121606,641993.5942005937
168.3742387119356,642146.0640642736
168.38423421171058,642298.5610843919
168.39422971148556,642451.0852641726
168.40422521126055,642603.6366068406
168.41422071103557,642756.215115621
168.42421621081056,642908.8207937377
168.43421171058554,643061.4536444165
168.44420721036053,643214.1136708825
168.45420271013552,643366.8008763614
168.4641982099105,643519.5152640787
168.4741937096855,643672.2568372607
168.48418920946048,643825.025599133
168.49418470923547,643977.8215529223
168.50418020901046,644130.6447018547
168.51417570878544,644283.4950491572
168.52417120856043,644436.3725980563
168.53416670833542,644589.2773517794
168.5441622081104,644742.2093135535
168.5541577078854,644895.1684866062
168.56415320766038,645048.154874165
168.57414870743537,645201.1684794578
168.58414420721036,645354.2093057125
168.59413970698535,645507.2773561574
168.60413520676033,645660.3726340208
168.61413070653532,645813.4951425313
168.6241262063103,645966.6448849178
168.6341217060853,646119.8218644091
168.64411720586028,646273.0260842344
168.6541127056353,646426.2575476234
168.6641082054103,646579.5162578049
168.67410370518527,646732.8022180091
168.68409920496026,646886.1154314658
168.69409470473525,647039.4559014051
168.70409020451024,647192.8236310573
168.71408570428522,647346.2186236529
168.7240812040602,647499.6408824228
168.7340767038352,647653.0904105976
168.7440722036102,647806.5672114084
168.75406770338518,647960.0712880866
168.76406320316016,648113.6026438634
168.77405870293515,648267.1612819708
168.78405420271014,648420.7472056404
168.79404970248513,648574.3604181042
168.8040452022601,648728.0009225946
168.8140407020351,648881.6687223439
168.8240362018101,649035.3638205845
168.83403170158508,649189.0862205495
168.84402720136006,649342.8359254719
168.85402270113505,649496.6129385845
168.86401820091004,649650.417263121
168.87401370068503,649804.2489023148
168.88400920046,649958.1078593998
168.894004700235,650111.9941376096
168.90400020001002,650265.9077401792
168.913995699785,650419.8486703419
168.92399119956,650573.8169313325
168.93398669933498,650727.8125263858
168.94398219910997,650881.8354587366
168.95397769888496,651035.8857316202
168.96397319865994,651189.9633482718
168.97396869843493,651344.0683119268
168.98396419820992,651498.2006258209
168.9939596979849,651652.3602931899
169.0039551977599,651806.54731727
169.01395069753488,651960.7617012971
169.02394619730987,652115.003448508
169.03394169708486,652269.2725621391
169.04393719685984,652423.5690454274
169.05393269663483,652577.8929016097
169.06392819640982,652732.2441339232
169.0739236961848,652886.6227456053
169.0839191959598,653041.0287398938
169.09391469573478,653195.4621200262
169.10391019550977,653349.9228892407
169.11390569528476,653504.4110507751
169.12390119505974,653658.9266078679
169.13389669483473,653813.4695637579
169.14389219460972,653968.0399216835
169.15388769438474,654122.6376848841
169.16388319415972,654277.2628565981
169.1738786939347,654431.915440065
169.1838741937097,654586.5954385244
169.1938696934847,654741.3028552161
169.20386519325967,654896.0376933797
169.21386069303466,655050.7999562555
169.22385619280965,655205.5896470837
169.23385169258464,655360.4067691047
169.24384719235962,655515.251325559
169.2538426921346,655670.1233196878
169.2638381919096,655825.0227547317
169.2738336916846,655979.9496339323
169.28382919145957,656134.9039605308
169.29382469123456,656289.8857377687
169.30382019100955,656444.894968888
169.31381569078454,656599.9316571306
169.32381119055952,656754.9958057386
169.3338066903345,656910.0874179545
169.3438021901095,657065.2064970206
169.3537976898845,657220.3530461799
169.36379318965948,657375.5270686751
169.37378868943446,657530.7285677495
169.38378418920945,657685.9575466465
169.39377968898447,657841.2140086099
169.40377518875945,657996.4979568825
169.41377068853444,658151.8093947087
169.42376618830943,658307.1483253326
169.43376168808442,658462.5147519982
169.4437571878594,658617.9086779505
169.4537526876344,658773.3301064337
169.46374818740938,658928.7790406928
169.47374368718437,659084.255483973
169.48373918695935,659239.7594395193
169.49373468673434,659395.2909105772
169.50373018650933,659550.8499003921
169.51372568628432,659706.4364122102
169.5237211860593,659862.0504492774
169.5337166858343,660017.6920148396
169.54371218560928,660173.3611121436
169.55370768538427,660329.0577444356
169.56370318515926,660484.7819149626
169.57369868493424,660640.5336269715
169.58369418470923,660796.3128837092
169.59368968448422,660952.1196884235
169.6036851842592,661107.9540443616
169.6136806840342,661263.8159547712
169.62367618380918,661419.7054229005
169.63367168358417,661575.6224519974
169.64366718335918,661731.5670453105
169.65366268313417,661887.5392060876
169.66365818290916,662043.5389375777
169.67365368268415,662199.5662430299
169.68364918245913,662355.621125693
169.69364468223412,662511.7035888163
169.7036401820091,662667.8136356494
169.7136356817841,662823.9512694417
169.72363118155909,662980.1164934434
169.73362668133407,663136.3093109039
169.74362218110906,663292.529725074
169.75361768088405,663448.7777392039
169.76361318065904,663605.053356544
169.77360868043402,663761.3565803454
169.783604180209,663917.6874138588
169.793599679984,664074.0458603356
169.803595179759,664230.4319230269
169.81359067953397,664386.8456051844
169.82358617930896,664543.28691006
169.83358167908395,664699.7558409054
169.84357717885894,664856.2524009726
169.85357267863392,665012.7765935143
169.8635681784089,665169.3284217826
169.8735636781839,665325.9078890305
169.88355917795892,665482.5149985113
169.8935546777339,665639.149753477
169.9035501775089,665795.8121571813
169.91354567728388,665952.5022128781
169.92354117705887,666109.2199238206
169.93353667683385,666265.9652932627
169.94353217660884,666422.7383244586
169.95352767638383,666579.5390206625
169.96352317615882,666736.3673851287
169.9735186759338,666893.2234211119
169.9835141757088,667050.107131867
169.99350967548378,667207.0185206487
170.00350517525877,667363.9575907124
170.01350067503375,667520.9243453135
170.02349617480874,667677.9187877075
170.03349167458373,667834.94092115
170.04348717435872,667991.9907488973
170.0534826741337,668149.0682742052
170.0634781739087,668306.1735003303
170.07347367368368,668463.306430529
170.08346917345867,668620.467068058
170.09346467323365,668777.6554161742
170.10346017300864,668934.8714781349
170.11345567278363,669092.115257197
170.12345117255862,669249.3867566183
170.13344667233363,669406.6859796568
170.14344217210862,669564.0129295696
170.1534376718836,669721.367609615
170.1634331716586,669878.7500230513
170.17342867143358,670036.160173137
170.18342417120857,670193.5980631307
170.19341967098356,670351.0636962913
170.20341517075855,670508.5570758777
170.21341067053353,670666.0782051492
170.22340617030852,670823.6270873651
170.2334016700835,670981.203725785
170.2433971698585,671138.8081236687
170.25339266963348,671296.4402842763
170.26338816940847,671454.1002108677
170.27338366918346,671611.7879067034
170.28337916895845,671769.5033750441
170.29337466873343,671927.2466191502
170.30337016850842,672085.0176422828
170.3133656682834,672242.8164477032
170.3233611680584,672400.6430386724
170.33335666783339,672558.4974184519
170.34335216760837,672716.3795903036
170.35334766738336,672874.2895574895
170.36334316715835,673032.2273232712
170.37333866693336,673190.1928909118
170.38333416670835,673348.1862636728
170.39332966648334,673506.2074448172
170.40332516625833,673664.2564376079
170.41332066603331,673822.3332453078
170.4233161658083,673980.4378711805
170.4333116655833,674138.570318489
170.44330716535828,674296.7305904971
170.45330266513326,674454.9186904685
170.46329816490825,674613.1346216674
170.47329366468324,674771.3783873577
170.48328916445823,674929.649990804
170.49328466423322,675087.9494352707
170.5032801640082,675246.2767240227
170.5132756637832,675404.6318603248
170.52327116355818,675563.0148474423
170.53326666333317,675721.4256886403
170.54326216310815,675879.8643871846
170.55325766288314,676038.3309463407
170.56325316265813,676196.8253693746
170.57324866243312,676355.3476595524
170.5832441622081,676513.8978201402
170.5932396619831,676672.4758544049
170.60323516175808,676831.0817656127
170.61323066153307,676989.7155570308
170.62322616130808,677148.3772319264
170.63322166108307,677307.0667935661
170.64321716085806,677465.7842452177
170.65321266063305,677624.5295901487
170.66320816040803,677783.3028316272
170.67320366018302,677942.1039729209
170.683199159958,678100.9330172982
170.693194659733,678259.7899680275
170.70319015950798,678418.6748283772
170.71318565928297,678577.5876016164
170.72318115905796,678736.5282910137
170.73317665883295,678895.4968998384
170.74317215860793,679054.49343136
170.75316765838292,679213.5178888477
170.7631631581579,679372.5702755715
170.7731586579329,679531.6505948014
170.78315415770788,679690.7588498073
170.79314965748287,679849.8950438596
170.80314515725786,680009.0591802286
170.81314065703285,680168.2512621854
170.82313615680783,680327.4712930005
170.83313165658282,680486.7192759452
170.8431271563578,680645.9952142906
170.8531226561328,680805.2991113083
170.86311815590778,680964.6309702699
170.8731136556828,681123.9907944476
170.8831091554578,681283.3785871126
170.89310465523278,681442.7943515376
170.90310015500776,681602.238090995
170.91309565478275,681761.7098087573
170.92309115455774,681921.2095080974
170.93308665433273,682080.7371922882
170.9430821541077,682240.292864603
170.9530776538827,682399.8765283151
170.9630731536577,682559.488186698
170.97306865343268,682719.1278430256
170.98306415320766,682878.7955005717
170.99305965298265,683038.4911626105
171.00305515275764,683198.2148324164
171.01305065253263,683357.9665132638
171.02304615230761,683517.7462084274
171.0330416520826,683677.5539211819
171.0430371518576,683837.389654803
171.05303265163258,683997.2534125654
171.06302815140756,684157.1451977448
171.07302365118255,684317.065013617
171.08301915095754,684477.0128634576
171.09301465073253,684636.9887505427
171.10301015050752,684796.9926781487
171.11300565028253,684957.0246495523
171.12300115005752,685117.0846680294
171.1329966498325,685277.1727368571
171.1429921496075,685437.2888593124
171.15298764938248,685597.4330386727
171.16298314915747,685757.6052782151
171.17297864893246,685917.8055812174
171.18297414870744,686078.0339509574
171.19296964848243,686238.2903907127
171.20296514825742,686398.5749037619
171.2129606480324,686558.8874933831
171.2229561478074,686719.2281628549
171.23295164758238,686879.5969154561
171.24294714735737,687039.9937544655
171.25294264713236,687200.4186831622
171.26293814690735,687360.8717048255
171.27293364668233,687521.3528227352
171.28292914645732,687681.8620401706
171.2929246462323,687842.3993604117
171.3029201460073,688002.9647867385
171.31291564578228,688163.5583224314
171.32291114555727,688324.1799707708
171.33290664533226,688484.8297350373
171.34290214510725,688645.5076185118
171.35289764488223,688806.2136244752
171.36289314465725,688966.9477562093
171.37288864443224,689127.7100169945
171.38288414420722,689288.500410113
171.3928796439822,689449.3189388465
171.4028751437572,689610.165606477
171.4128706435322,689771.0404162866
171.42286614330717,689931.9433715576
171.43286164308216,690092.8744755728
171.44285714285715,690253.8337316148
171.45285264263214,690414.8211429666
171.46284814240713,690575.8367129113
171.4728436421821,690736.880444732
171.4828391419571,690897.9523417127
171.4928346417321,691059.0524071367
171.50283014150708,691220.180644288
171.51282564128206,691381.3370564507
171.52282114105705,691542.5216469092
171.53281664083204,691703.7344189477
171.54281214060703,691864.9753758512
171.552807640382,692026.2445209041
171.562803140157,692187.541857392
171.572798639932,692348.8673885997
171.58279413970698,692510.2211178128
171.59278963948196,692671.6030483169
171.60278513925698,692833.0131833983
171.61278063903197,692994.451526342
171.62277613880696,693155.9180804348
171.63277163858194,693317.4128489628
171.64276713835693,693478.9358352128
171.65276263813192,693640.4870424717
171.6627581379069,693802.0664740262
171.6727536376819,693963.6741331634
171.68274913745688,694125.3100231709
171.69274463723187,694286.9741473361
171.70274013700686,694448.6665089467
171.71273563678184,694610.3871112907
171.72273113655683,694772.1359576561
171.73272663633182,694933.9130513312
171.7427221361068,695095.7183956046
171.7527176358818,695257.551993765
171.76271313565678,695419.413849101
171.77270863543177,695581.3039649021
171.78270413520676,695743.2223444572
171.79269963498174,695905.1689910558
171.80269513475673,696067.1439079876
171.81269063453172,696229.1470985425
171.8226861343067,696391.1785660104
171.8326816340817,696553.2383136816
171.84267713385668,696715.3263448464
171.8526726336317,696877.442662796
171.8626681334067,697039.5872708202
171.87266363318167,697201.7601722103
171.88265913295666,697363.9613702575
171.89265463273165,697526.1908682536
171.90265013250664,697688.4486694895
171.91264563228162,697850.7347772574
171.9226411320566,698013.049194849
171.9326366318316,698175.3919255565
171.9426321316066,698337.7629726722
171.95262763138157,698500.1623394889
171.96262313115656,698662.5900292987
171.97261863093155,698825.046045395
171.98261413070654,698987.5303910706
171.99260963048152,699150.043069619
172.0026051302565,699312.5840843334
172.0126006300315,699475.1534385077
172.0225961298065,699637.7511354357
172.03259162958147,699800.3771784113
172.04258712935646,699963.031570729
172.05258262913145,700125.7143156829
172.06257812890644,700288.4254165677
172.07257362868143,700451.1648766785
172.0825691284564,700613.9326993099
172.09256462823143,700776.7288877578
172.10256012800642,700939.5534453165
172.1125556277814,701102.4063752822
172.1225511275564,701265.2876809505
172.13254662733138,701428.1973656175
172.14254212710637,701591.1354325792
172.15253762688135,701754.101885132
172.16253312665634,701917.0967265725
172.17252862643133,702080.1199601972
172.18252412620632,702243.1715893034
172.1925196259813,702406.2516171879
172.2025151257563,702569.3600471481
172.21251062553128,702732.4968824814
172.22250612530627,702895.6621264854
172.23250162508126,703058.8557824582
172.24249712485624,703222.0778536978
172.25249262463123,703385.3283435025
172.26248812440622,703548.6072551705
172.2724836241812,703711.9145920007
172.2824791239562,703875.2503572917
172.29247462373118,704038.6145543427
172.30247012350617,704202.0071864527
172.31246562328116,704365.4282569214
172.32246112305614,704528.8777690481
172.33245662283113,704692.3557261329
172.34245212260615,704855.8621314759
172.35244762238113,705019.3969883765
172.36244312215612,705182.9603001355
172.3724386219311,705346.5520700535
172.3824341217061,705510.1723014312
172.39242962148109,705673.8209975695
172.40242512125607,705837.4981617695
172.41242062103106,706001.2037973326
172.42241612080605,706164.9379075603
172.43241162058104,706328.7004957543
172.44240712035602,706492.4915652162
172.452402620131,706656.3111192486
172.462398119906,706820.1591611535
172.472393619681,706984.0356942333
172.48238911945597,707147.9407217907
172.49238461923096,707311.8742471285
172.50238011900595,707475.8362735499
172.51237561878094,707639.8268043579
172.52237111855592,707803.8458428562
172.5323666183309,707967.8933923481
172.5423621181059,708131.9694561377
172.5523576178809,708296.0740375288
172.56235311765587,708460.2071398257
172.57234861743086,708624.3687663326
172.58234411720585,708788.5589203542
172.59233961698087,708952.7776051958
172.60233511675585,709117.0248241613
172.61233061653084,709281.3005805563
172.62232611630583,709445.6048776862
172.63232161608082,709609.9377188564
172.6423171158558,709774.2991073728
172.6523126156308,709938.6890465412
172.66230811540578,710103.1075396676
172.67230361518077,710267.5545900586
172.68229911495575,710432.0302010204
172.69229461473074,710596.5343758597
172.70229011450573,710761.0671178835
172.71228561428072,710925.6284303988
172.7222811140557,711090.2183167126
172.7322766138307,711254.8367801328
172.74227211360568,711419.4838239668
172.75226761338067,711584.1594515224
172.76226311315565,711748.8636661075
172.77225861293064,711913.5964710306
172.78225411270563,712078.3578696
172.79224961248062,712243.147865124
172.8022451122556,712407.9664609117
172.8122406120306,712572.8136602719
172.82223611180558,712737.6894665139
172.8322316115806,712902.5938829473
172.84222711135558,713067.5269128812
172.85222261113057,713232.4885596251
172.86221811090556,713397.4788264895
172.87221361068055,713562.4977167842
172.88220911045553,713727.5452338198
172.89220461023052,713892.6213809064
172.9022001100055,714057.726161355
172.9121956097805,714222.8595784765
172.92219110955548,714388.0216355817
172.93218660933047,714553.2123359821
172.94218210910546,714718.4316829891
172.95217760888045,714883.6796799144
172.96217310865543,715048.9563300698
172.97216860843042,715214.2616367672
172.9821641082054,715379.5956033191
172.9921596079804,715544.9582330376
173.00215510775539,715710.3495292355
173.01215060753037,715875.7694952256
173.02214610730536,716041.218134321
173.03214160708035,716206.6954498346
173.04213710685534,716372.2014450799
173.05213260663032,716537.7361233705
173.0621281064053,716703.2994880201
173.0721236061803,716868.8915423427
173.08211910595531,717034.512289653
173.0921146057303,717200.1617332641
173.1021101055053,717365.8398764911
173.11210560528028,717531.546722649
173.12210110505526,717697.2822750524
173.13209660483025,717863.0465370164
173.14209210460524,718028.8395118564
173.15208760438023,718194.6612028879
173.16208310415522,718360.5116134265
173.1720786039302,718526.390746788
173.1820741037052,718692.2986062886
173.19206960348018,718858.2351952444
173.20206510325517,719024.200516972
173.21206060303015,719190.1945747879
173.22205610280514,719356.2173720088
173.23205160258013,719522.2689119519
173.24204710235512,719688.3491979345
173.2520426021301,719854.4582332738
173.2620381019051,720020.5960212874
173.27203360168008,720186.7625652931
173.28202910145507,720352.9578686089
173.29202460123005,720519.181934553
173.30202010100504,720685.4347664434
173.31201560078003,720851.7163675992
173.32201110055505,721018.0267413392
173.33200660033003,721184.3658909816
173.34200210010502,721350.7338198458
173.35199759988,721517.1305312512
173.361993099655,721683.5560285173
173.37198859942998,721850.0103149639
173.38198409920497,722016.4933939107
173.39197959897996,722183.0052686777
173.40197509875495,722349.5459425854
173.41197059852993,722516.1154189542
173.42196609830492,722682.7137011047
173.4319615980799,722849.3407923577
173.4419570978549,723015.9966960342
173.45195259762988,723182.6814154555
173.46194809740487,723349.3949539431
173.47194359717986,723516.1373148185
173.48193909695485,723682.9085014034
173.49193459672983,723849.70851702
173.50193009650482,724016.5373649902
173.5119255962798,724183.3950486366
173.5219210960548,724350.2815712817
173.53191659582978,724517.1969362482
173.54191209560477,724684.1411468592
173.55190759537976,724851.1142064376
173.56190309515475,725018.1161183069
173.57189859492976,725185.146885791
173.58189409470475,725352.2065122126
173.59188959447974,725519.2950008963
173.60188509425473,725686.412355166
173.6118805940297,725853.5585783462
173.6218760938047,726020.733673761
173.6318715935797,726187.9376447353
173.64186709335468,726355.170494594
173.65186259312966,726522.4322266622
173.66185809290465,726689.7228442649
173.67185359267964,726857.0423507277
173.68184909245463,727024.390749376
173.69184459222961,727191.768043536
173.7018400920046,727359.1742365336
173.7118355917796,727526.6093316947
173.72183109155458,727694.0733323459
173.73182659132956,727861.5662418138
173.74182209110455,728029.088063425
173.75181759087954,728196.638800507
173.76181309065453,728364.2184563861
173.77180859042952,728531.8270343904
173.7818040902045,728699.464537847
173.7917995899795,728867.1309700838
173.80179508975448,729034.8263344285
173.8117905895295,729202.5506342101
173.82178608930448,729370.3038727557
173.83178158907947,729538.0860533942
173.84177708885446,729705.8971794544
173.85177258862944,729873.7372542651
173.86176808840443,730041.6062811556
173.87176358817942,730209.5042634549
173.8817590879544,730377.4312044925
173.8917545877294,730545.387107598
173.90175008750438,730713.3719761014
173.91174558727937,730881.3858133325
173.92174108705436,731049.4286226218
173.93173658682935,731217.5004072995
173.94173208660433,731385.6011706963
173.95172758637932,731553.7309161429
173.9617230861543,731721.8896469703
173.9717185859293,731890.0773665097
173.98171408570428,732058.2940780926
173.99170958547927,732226.5397850502
174.00170508525426,732394.8144907146
174.01170058502925,732563.1181984176
174.02169608480423,732731.4509114914
174.03169158457922,732899.8126332681
174.0416870843542,733068.2033670805
174.0516825841292,733236.6231162611
174.0616780839042,733405.0718841434
174.0716735836792,733573.5496740595
174.0816690834542,733742.056489343
174.09166458322917,733910.5923333277
174.10166008300416,734079.1572093471
174.11165558277915,734247.7511207348
174.12165108255414,734416.3740708253
174.13164658232913,734585.0260629525
174.1416420821041,734753.707100451
174.1516375818791,734922.4171866552
174.1616330816541,735091.1563249002
174.17162858142908,735259.9245185208
174.18162408120406,735428.7217708522
174.19161958097905,735597.54808523
174.20161508075404,735766.4034649896
174.21161058052903,735935.2879134668
174.221606080304,736104.2014339974
174.231601580079,736273.1440299178
174.241597079854,736442.1157045643
174.25159257962898,736611.1164612732
174.26158807940396,736780.1463033814
174.27158357917895,736949.205234226
174.28157907895394,737118.2932571437
174.29157457872893,737287.4103754722
174.30157007850394,737456.5565925492
174.31156557827893,737625.7319117114
174.32156107805392,737794.9363362974
174.3315565778289,737964.1698696451
174.3415520776039,738133.4325150928
174.35154757737888,738302.7242759789
174.36154307715387,738472.0451556421
174.37153857692886,738641.395157421
174.38153407670384,738810.774284655
174.39152957647883,738980.1825406831
174.40152507625382,739149.6199288447
174.4115205760288,739319.0864524795
174.4215160758038,739488.5821149271
174.43151157557878,739658.1069195278
174.44150707535377,739827.6608696213
174.45150257512876,739997.2439685484
174.46149807490374,740166.8562196494
174.47149357467873,740336.4976262652
174.48148907445372,740506.1681917366
174.4914845742287,740675.8679194048
174.5014800740037,740845.596812611
174.51147557377868,741015.3548746968
174.52147107355367,741185.1421090041
174.53146657332866,741354.9585188745
174.54146207310365,741524.8041076502
174.55145757287866,741694.6788786739
174.56145307265365,741864.5828352871
174.57144857242864,742034.5159808331
174.58144407220362,742204.4783186547
174.5914395719786,742374.4698520948
174.6014350717536,742544.4905844966
174.6114305715286,742714.5405192038
174.62142607130357,742884.6196595597
174.63142157107856,743054.7280089082
174.64141707085355,743224.8655705935
174.65141257062854,743395.0323479597
174.66140807040352,743565.2283443509
174.6714035701785,743735.4535631122
174.6813990699535,743905.7080075878
174.6913945697285,744075.9916811229
174.70139006950347,744246.3045870628
174.71138556927846,744416.6467287526
174.72138106905345,744587.018109538
174.73137656882844,744757.4187327647
174.74137206860343,744927.8486017784
174.7513675683784,745098.3077199255
174.7613630681534,745268.796090552
174.7713585679284,745439.3137170046
174.78135406770338,745609.86060263
174.79134956747836,745780.436750775
174.80134506725338,745951.0421647871
174.81134056702837,746121.6768480125
174.82133606680335,746292.3408037992
174.83133156657834,746463.0340354951
174.84132706635333,746633.7565464478
174.85132256612832,746804.5083400052
174.8613180659033,746975.2894195156
174.8713135656783,747146.0997883275
174.88130906545328,747316.9394497895
174.89130456522827,747487.8084072501
174.90130006500326,747658.7066640586
174.91129556477824,747829.6342235641
174.92129106455323,748000.5910891157
174.93128656432822,748171.5772640634
174.9412820641032,748342.5927517565
174.9512775638782,748513.6375555453
174.96127306365318,748684.7116787796
174.97126856342817,748855.81512481
174.98126406320316,749026.9478969867
174.99125956297814,749198.1099986606
175.00125506275313,749369.3014331827
175.01125056252812,749540.5222039039
175.0212460623031,749711.7723141753
175.0312415620781,749883.0517673487
175.0412370618531,750054.3605667761
175.0512325616281,750225.6987158085
175.06122806140309,750397.066217798
175.07122356117807,750568.4630760974
175.08121906095306,750739.8892940588
175.09121456072805,750911.3448750348
175.10121006050304,751082.8298223782
175.11120556027802,751254.3441394422
175.121201060053,751425.8878295798
175.131196559828,751597.4608961444
175.141192059603,751769.0633424895
175.15118755937797,751940.6951719691
175.16118305915296,752112.356387937
175.17117855892795,752284.0469937472
175.18117405870294,752455.7669927543
175.19116955847792,752627.5163883127
175.2011650582529,752799.2951837771
175.2111605580279,752971.1033825023
175.2211560578029,753142.9409878437
175.23115155757787,753314.8080031563
175.24114705735286,753486.7044317957
175.25114255712785,753658.6302771176
175.26113805690284,753830.585542478
175.27113355667782,754002.5702312326
175.2811290564528,754174.584346738
175.29112455622783,754346.6278923508
175.30112005600282,754518.7008714268
175.3111155557778,754690.8032873234
175.3211110555528,754862.9351433975
175.33110655532778,755035.0964430065
175.34110205510277,755207.2871895076
175.35109755487775,755379.5073862585
175.36109305465274,755551.7570366167
175.37108855442773,755724.0361439405
175.38108405420272,755896.344711588
175.3910795539777,756068.6827429174
175.4010750537527,756241.0502412874
175.41107055352768,756413.4472100567
175.42106605330267,756585.8736525842
175.43106155307765,756758.329572229
175.44105705285264,756930.8149723505
175.45105255262763,757103.3298563082
175.46104805240262,757275.8742274616
175.4710435521776,757448.4480891707
175.4810390519526,757621.0514447958
175.49103455172758,757793.6842976967
175.50103005150257,757966.3466512343
175.51102555127756,758139.0385087691
175.52102105105254,758311.7598736618
175.53101655082756,758484.510749274
175.54101205060255,758657.2911389661
175.55100755037753,758830.1010460999
175.56100305015252,759002.9404740368
175.5709985499275,759175.8094261391
175.5809940497025,759348.7079057683
175.59098954947748,759521.6359162867
175.60098504925247,759694.5934610569
175.61098054902746,759867.5805434413
175.62097604880245,760040.5971668025
175.63097154857743,760213.6433345038
175.64096704835242,760386.7190499081
175.6509625481274,760559.8243163787
175.6609580479024,760732.9591372792
175.67095354767739,760906.1235159733
175.68094904745237,761079.3174558249
175.69094454722736,761252.5409601983
175.70094004700235,761425.7940324575
175.71093554677734,761599.076675967
175.72093104655232,761772.3888940916
175.7309265463273,761945.7306901962
175.7409220461023,762119.1020676455
175.7509175458773,762292.5030298051
175.76091304565227,762465.9335800405
175.77090854542726,762639.3937217171
175.78090404520228,762812.8834582012
175.79089954497726,762986.402792858
175.80089504475225,763159.951729054
175.81089054452724,763333.5302701558
175.82088604430223,763507.1384195298
175.83088154407722,763680.7761805428
175.8408770438522,763854.4435565618
175.8508725436272,764028.140550954
175.86086804340218,764201.8671670868
175.87086354317717,764375.6234083277
175.88085904295215,764549.4092780442
175.89085454272714,764723.2247796047
175.90085004250213,764897.0699163767
175.91084554227712,765070.9446917291
175.9208410420521,765244.8491090301
175.9308365418271,765418.7831716484
175.94083204160208,765592.7468829529
175.95082754137707,765766.7402463127
175.96082304115205,765940.7632650969
175.97081854092704,766114.8159426753
175.98081404070203,766288.8982824173
175.99080954047702,766463.0102876928
176.000805040252,766637.1519618718
176.010800540027,766811.3233083246
176.020796039802,766985.5243304219
176.030791539577,767159.7550315335
176.04078703935198,767334.0154150306
176.05078253912697,767508.3054842843
176.06077803890196,767682.6252426658
176.07077353867695,767856.9746935463
176.08076903845193,768031.3538402973
176.09076453822692,768205.7626862909
176.1007600380019,768380.2012348989
176.1107555377769,768554.6694894931
176.12075103755188,768729.1674534463
176.13074653732687,768903.6951301307
176.14074203710186,769078.2525229192
176.15073753687685,769252.8396351846
176.16073303665183,769427.4564703001
176.17072853642682,769602.1030316388
176.1807240362018,769776.7793225743
176.1907195359768,769951.4853464802
176.20071503575178,770126.2211067304
176.21071053552677,770300.986606699
176.22070603530176,770475.7818497601
176.23070153507675,770650.6068392884
176.24069703485173,770825.4615786582
176.25069253462672,771000.3460712445
176.2606880344017,771175.2603204221
176.27068353417673,771350.2043295671
176.2806790339517,771525.1781020536
176.2906745337267,771700.1816412576
176.3006700335017,771875.2149505551
176.31066553327668,772050.278033322
176.32066103305166,772225.3708929344
176.33065653282665,772400.4935327686
176.34065203260164,772575.6459562012
176.35064753237663,772750.828166609
176.36064303215161,772926.0401673688
176.3706385319266,773101.2819618578
176.3806340317016,773276.5535534532
176.39062953147658,773451.8549455326
176.40062503125156,773627.1861414737
176.41062053102655,773802.5471446542
176.42061603080154,773977.9379584524
176.43061153057653,774153.3585862464
176.44060703035152,774328.8090314147
176.4506025301265,774504.2892973359
176.4605980299015,774679.799387389
176.47059352967648,774855.3393049528
176.48058902945147,775030.9090534067
176.49058452922645,775206.50863613
176.50058002900144,775382.1380565023
176.51057552877643,775557.7973179034
176.52057102855144,775733.4864237139
176.53056652832643,775909.2053773127
176.54056202810142,776084.954182081
176.5505575278764,776260.7328413991
176.5605530276514,776436.541358648
176.57054852742638,776612.3797372084
176.58054402720137,776788.2479804615
176.59053952697636,776964.1460917885
176.60053502675134,777140.0740745713
176.61053052652633,777316.0319321912
176.62052602630132,777492.0196680303
176.6305215260763,777668.0372854708
176.6405170258513,777844.0847878946
176.65051252562628,778020.1621786844
176.66050802540127,778196.2694612229
176.67050352517626,778372.4066388931
176.68049902495125,778548.5737150776
176.69049452472623,778724.7706931599
176.70049002450122,778900.9975765236
176.7104855242762,779077.254368552
176.7204810240512,779253.541072629
176.73047652382618,779429.8576921389
176.74047202360117,779606.2042304653
176.75046752337616,779782.5806909932
176.76046302315117,779958.9870771073
176.77045852292616,780135.4233921915
176.78045402270115,780311.8896396314
176.79044952247614,780488.3858228117
176.80044502225113,780664.9119451181
176.8104405220261,780841.4680099362
176.8204360218011,781018.0540206515
176.8304315215761,781194.66998065
176.84042702135108,781371.3158933178
176.85042252112606,781547.9917620411
176.86041802090105,781724.6975902066
176.87041352067604,781901.433381201
176.88040902045103,782078.1991384109
176.890404520226,782254.9948652235
176.900400020001,782431.8205650261
176.910395519776,782608.6762412062
176.92039101955098,782785.5618971513
176.93038651932596,782962.4775362493
176.94038201910095,783139.4231618881
176.95037751887594,783316.3987774563
176.96037301865093,783493.4043863418
176.97036851842591,783670.4399919335
176.9803640182009,783847.5055976202
176.9903595179759,784024.6012067907
177.00035501775088,784201.7268228341
177.0103505175259,784378.8824491407
177.02034601730088,784556.0680890986
177.03034151707587,784733.2837460983
177.04033701685086,784910.5294235296
177.05033251662584,785087.8051247827
177.06032801640083,785265.110853248
177.07032351617582,785442.4466123158
177.0803190159508,785619.8124053769
177.0903145157258,785797.2082358223
177.10031001550078,785974.6341070429
177.11030551527577,786152.0900224302
177.12030101505076,786329.5759853754
177.13029651482574,786507.0919992704
177.14029201460073,786684.6380675068
177.15028751437572,786862.214193477
177.1602830141507,787039.8203805728
177.1702785139257,787217.4566321869
177.18027401370068,787395.122951712
177.19026951347567,787572.8193425405
177.20026501325066,787750.5458080658
177.21026051302564,787928.302351681
177.22025601280063,788106.0889767795
177.23025151257562,788283.9056867546
177.2402470123506,788461.7524850003
177.25024251212562,788639.6293749111
177.2602380119006,788817.53635988
177.2702335116756,788995.4734433021
177.2802290114506,789173.4406285716
177.29022451122557,789351.4379190834
177.30022001100056,789529.4653182323
177.31021551077555,789707.5228294135
177.32021101055054,789885.6104560222
177.33020651032552,790063.7282014542
177.3402020101005,790241.8760691046
177.3501975098755,790420.0540623699
177.3601930096505,790598.2621846457
177.37018850942547,790776.5004393285
177.38018400920046,790954.7688298146
177.39017950897545,791133.0673595007
177.40017500875044,791311.3960317837
177.41017050852543,791489.7548500604
177.4201660083004,791668.1438177283
177.4301615080754,791846.5629381846
177.4401570078504,792025.0122148269
177.45015250762538,792203.4916510531
177.46014800740036,792382.001250261
177.47014350717535,792560.541015849
177.48013900695034,792739.1109512153
177.49013450672533,792917.7110597583
177.50013000650034,793096.3413448776
177.51012550627533,793275.0018099709
177.52012100605032,793453.692458438
177.5301165058253,793632.4132936778
177.5401120056003,793811.1643190903
177.55010750537528,793989.945538075
177.56010300515027,794168.7569540316
177.57009850492526,794347.5985703606
177.58009400470024,794526.4703904619
177.59008950447523,794705.372417736
177.60008500425022,794884.3046555838
177.6100805040252,795063.2671074059
177.6200760038002,795242.2597766035
177.63007150357518,795421.2826665778
177.64006700335017,795600.3357807301
177.65006250312516,795779.4191224622
177.66005800290014,795958.5326951756
177.67005350267513,796137.6765022726
177.68004900245012,796316.8505471554
177.6900445022251,796496.0548332261
177.7000400020001,796675.2893638875
177.71003550177508,796854.5541425422
177.72003100155007,797033.8491725932
177.73002650132506,797213.1744574438
177.74002200110007,797392.5300004977
177.75001750087506,797571.9158051574
177.76001300065005,797751.3318748272
177.77000850042504,797930.7782129109
177.78000400020002,798110.2548228126
177.789999499975,798289.7617079369
177.79999499975,798469.2988716878
177.809990499525,798648.8663174703
177.81998599929997,798828.4640486892
177.82998149907496,799008.0920687496
177.83997699884995,799187.7503810566
177.84997249862494,799367.4389890156
177.85996799839992,799547.1578960324
177.8699634981749,799726.9071055129
177.8799589979499,799906.686620863
177.8899544977249,800086.4964454889
177.89994999749987,800266.3365827969
177.90994549727486,800446.2070361937
177.91994099704985,800626.1078090861
177.92993649682484,800806.038904881
177.93993199659982,800986.0003269856
177.9499274963748,801165.9920788073
177.9599229961498,801346.0141637535
177.9699184959248,801526.0665852322
177.97991399569977,801706.1493466509
177.9899094954748,801886.2624514187
177.99990499524978,802066.4059029426
178.00990049502477,802246.5797046317
178.01989599479975,802426.7838598947
178.02989149457474,802607.0183721405
178.03988699434973,802787.283244778
178.04988249412472,802967.5784812168
178.0598779938997,803147.904084866
178.0698734936747,803328.2600591356
178.07986899344968,803508.6464074352
178.08986449322467,803689.063133175
178.09985999299965,803869.5102397649
178.10985549277464,804049.9877306158
178.11985099254963,804230.4956091379
178.12984649232462,804411.0338787421
178.1398419920996,804591.6025428396
178.1498374918746,804772.2016048414
178.15983299164958,804952.8310681588
178.16982849142457,805133.4909362035
178.17982399119956,805314.1812123872
178.18981949097454,805494.901900122
178.19981499074953,805675.6530028197
178.20981049052452,805856.4345238929
178.2198059902995,806037.2464667541
178.22980149007452,806218.0888348165
178.2397969898495,806398.961631492
178.2497924896245,806579.864860194
178.25978798939948,806760.7985243362
178.26978348917447,806941.7626273317
178.27977898894946,807122.7571725943
178.28977448872445,807303.7821635379
178.29976998849943,807484.8376035766
178.30976548827442,807665.9234961245
178.3197609880494,807847.0398445961
178.3297564878244,808028.186652406
178.33975198759939,808209.3639229691
178.34974748737437,808390.5716597004
178.35974298714936,808571.8098660149
178.36973848692435,808753.0785453283
178.37973398669934,808934.3777010561
178.38972948647432,809115.7073366138
178.3997249862493,809297.0674554178
178.4097204860243,809478.4580608838
178.4197159857993,809659.8791564286
178.42971148557427,809841.3307454685
178.43970698534926,810022.8128314202
178.44970248512425,810204.3254177008
178.45969798489924,810385.8685077273
178.46969348467422,810567.4421049169
178.47968898444924,810749.0462126879
178.48968448422423,810930.6808344567
178.49967998399921,811112.3459736417
178.5096754837742,811294.0416336611
178.5196709835492,811475.7678179332
178.52966648332418,811657.5245298763
178.53966198309917,811839.3117729091
178.54965748287415,812021.1295504506
178.55965298264914,812202.9778659197
178.56964848242413,812384.8567227355
178.57964398219912,812566.7661243175
178.5896394819741,812748.7060740854
178.5996349817491,812930.6765754588
178.60963048152408,813112.677631858
178.61962598129907,813294.709246703
178.62962148107405,813476.771423414
178.63961698084904,813658.8641654118
178.64961248062403,813840.9874761171
178.65960798039902,814023.1413589509
178.669603480174,814205.3258173341
178.679598979949,814387.5408546883
178.68959447972398,814569.7864744348
178.69958997949897,814752.0626799954
178.70958547927395,814934.369474792
178.71958097904894,815116.7068622467
178.72957647882396,815299.0748457825
178.73957197859895,815481.4734288205
178.74956747837393,815663.902614784
178.75956297814892,815846.362407096
178.7695584779239,816028.8528091793
178.7795539776989,816211.3738244573
178.78954947747388,816393.9254563535
178.79954497724887,816576.5077082914
178.80954047702386,816759.1205836948
178.81953597679885,816941.7640859877
178.82953147657383,817124.4382185944
178.83952697634882,817307.1429849394
178.8495224761238,817489.878388447
178.8595179758988,817672.644432542
178.86951347567378,817855.4411206496
178.87950897544877,818038.2684561947
178.88950447522376,818221.1264426028
178.89949997499875,818404.0150832994
178.90949547477373,818586.9343817102
178.91949097454872,818769.8843412612
178.9294864743237,818952.8649653784
178.9394819740987,819135.8762574882
178.94947747387369,819318.9182210171
178.95947297364867,819501.9908593917
178.9694684734237,819685.0941760394
178.97946397319868,819868.2281743863
178.98945947297366,820051.3928578602
178.99945497274865,820234.5882298884
179.00945047252364,820417.8142938986
179.01944597229863,820601.0710533189
179.02944147207361,820784.358511577
179.0394369718486,820967.6766721011
179.0494324716236,821151.02553832
179.05942797139858,821334.4051136618
179.06942347117356,821517.8154015556
179.07941897094855,821701.2564054303
179.08941447072354,821884.7281287151
179.09940997049853,822068.2305748393
179.10940547027351,822251.7637472325
179.1194009700485,822435.3276493244
179.1293964698235,822618.9222845451
179.13939196959848,822802.5476563247
179.14938746937347,822986.2037680933
179.15938296914845,823169.8906232816
179.16937846892344,823353.6082253202
179.17937396869843,823537.3565776402
179.18936946847342,823721.1356836724
179.1993649682484,823904.9455468484
179.2093604680234,824088.7861705994
179.2193559677984,824272.6575583577
179.2293514675734,824456.5597135541
179.23934696734838,824640.4926396211
179.24934246712337,824824.4563399912
179.25933796689836,825008.4508180965
179.26933346667334,825192.4760773698
179.27932896644833,825376.5321212438
179.28932446622332,825560.6189531516
179.2993199659983,825744.7365765263
179.3093154657733,825928.8849948015
179.31931096554828,826113.0642114105
179.32930646532327,826297.2742297873
179.33930196509826,826481.5150533656
179.34929746487325,826665.7866855797
179.35929296464823,826850.089129864
179.36928846442322,827034.422389653
179.3792839641982,827218.7864683814
179.3892794639732,827403.1813694842
179.39927496374818,827587.6070963963
179.40927046352317,827772.0636525531
179.41926596329816,827956.5510413903
179.42926146307315,828141.0692663433
179.43925696284813,828325.6183308479
179.44925246262312,828510.1982383406
179.45924796239814,828694.8089922578
179.46924346217313,828879.450596035
179.4792389619481,829064.1230531095
179.4892344617231,829248.8263669179
179.4992299614981,829433.5605408974
179.50922546127308,829618.3255784851
179.51922096104806,829803.1214831185
179.52921646082305,829987.9482582352
179.53921196059804,830172.8059072729
179.54920746037303,830357.6944336696
179.559202960148,830542.6138408633
179.569198459923,830727.5641322929
179.579193959698,830912.5453113964
179.58918945947298,831097.5573816128
179.59918495924796,831282.600346381
179.60918045902295,831467.67420914
179.61917595879794,831652.7789733293
179.62917145857293,831837.9146423885
179.63916695834791,832023.081219757
179.6491624581229,832208.2787088748
179.6591579578979,832393.5071131821
179.66915345767288,832578.766436119
179.67914895744786,832764.0566811262
179.68914445722285,832949.3778516442
179.69913995699784,833134.7299511139
179.70913545677286,833320.1129829767
179.71913095654784,833505.5269506731
179.72912645632283,833690.9718576447
179.73912195609782,833876.4477073334
179.7491174558728,834061.954503181
179.7591129556478,834247.4922486293
179.76910845542278,834433.0609471205
179.77910395519777,834618.6606020972
179.78909945497276,834804.2912170017
179.79909495474774,834989.9527952771
179.80909045452273,835175.645340366
179.81908595429772,835361.3688557118
179.8290814540727,835547.1233447577
179.8390769538477,835732.9088109473
179.84907245362268,835918.7252577244
179.85906795339767,836104.5726885328
179.86906345317266,836290.4511068164
179.87905895294764,836476.3605160199
179.88905445272263,836662.3009195875
179.89904995249762,836848.2723209641
179.9090454522726,837034.2747235943
179.9190409520476,837220.3081309235
179.92903645182258,837406.3725463967
179.93903195159757,837592.4679734594
179.9490274513726,837778.5944155577
179.95902295114757,837964.7518761364
179.96901845092256,838150.9403586423
179.97901395069755,838337.1598665213
179.98900945047254,838523.4104032198
179.99900495024752,838709.6919721846
180.0090004500225,838896.0045768623
180.0189959497975,839082.3482207
180.0289914495725,839268.7229071449
180.03898694934747,839455.1286396442
180.04898244912246,839641.5654216455
180.05897794889745,839828.0332565967
180.06897344867244,840014.5321479454
180.07896894844743,840201.06209914
180.0889644482224,840387.6231136288
180.0989599479974,840574.2151948602
180.1089554477724,840760.8383462831
180.11895094754738,840947.492571346
180.12894644732236,841134.1778734982
180.13894194709735,841320.8942561892
180.14893744687234,841507.6417228681
180.15893294664733,841694.4202769848
180.1689284464223,841881.229921989
180.1789239461973,842068.0706613308
180.1889194459723,842254.9424984604
180.1989149457473,842441.8454368288
180.2089104455223,842628.7794798855
180.21890594529728,842815.7446310819
180.22890144507227,843002.740893869
180.23889694484726,843189.7682716977
180.24889244462224,843376.8267680198
180.25888794439723,843563.9163862867
180.26888344417222,843751.0371299501
180.2788789439472,843938.1890024621
180.2888744437222,844125.3720072747
180.29886994349718,844312.5861478401
180.30886544327217,844499.8314276112
180.31886094304716,844687.1078500405
180.32885644282214,844874.4154185808
180.33885194259713,845061.7541366854
180.34884744237212,845249.1240078076
180.3588429421471,845436.5250354008
180.3688384419221,845623.9572229186
180.37883394169708,845811.420573815
180.38882944147207,845998.9150915439
180.39882494124706,846186.4407795597
180.40882044102204,846373.997641317
180.41881594079703,846561.5856802699
180.42881144057202,846749.2048998737
180.438806940347,846936.8553035833
180.44880244012202,847124.5368948544
180.458797939897,847312.2496771413
180.468793439672,847499.9936539001
180.47878893944699,847687.7688285867
180.48878443922197,847875.575204657
180.49877993899696,848063.4127855671
180.50877543877195,848251.2815747736
180.51877093854694,848439.1815757328
180.52876643832192,848627.1127919015
180.5387619380969,848815.0752267365
180.5487574378719,849003.0688836952
180.5587529376469,849191.0937662347
180.56874843742187,849379.1498778126
180.57874393719686,849567.2372218866
180.58873943697185,849755.3558019145
180.59873493674684,849943.5056213544
180.60873043652182,850131.6866836647
180.6187259362968,850319.8989923038
180.6287214360718,850508.14255073
180.6387169358468,850696.4173624028
180.64871243562177,850884.7234307807
180.65870793539676,851073.0607593232
180.66870343517175,851261.4293514895
180.67869893494674,851449.8292107395
180.68869443472175,851638.2603405332
180.69868993449674,851826.7227443298
180.70868543427173,852015.21642559
180.71868093404672,852203.7413877739
180.7286764338217,852392.2976343423
180.7386719335967,852580.885168756
180.74866743337168,852769.5039944758
180.75866293314667,852958.1541149628
180.76865843292165,853146.8355336785
180.77865393269664,853335.5482540844
180.78864943247163,853524.2922796421
180.79864493224662,853713.0676138136
180.8086404320216,853901.8742600608
180.8186359317966,854090.7122218465
180.82863143157158,854279.5815026325
180.83862693134657,854468.4821058819
180.84862243112156,854657.4140350575
180.85861793089654,854846.3772936224
180.86861343067153,855035.3718850396
180.87860893044652,855224.3978127728
180.8886044302215,855413.4550802854
180.8985999299965,855602.5436910414
180.90859542977148,855791.6636485049
180.91859092954647,855980.8149561398
180.92858642932146,856169.9976174107
180.93858192909647,856359.2116357827
180.94857742887146,856548.4570147195
180.95857292864645,856737.7337576866
180.96856842842143,856927.0418681491
180.97856392819642,857116.3813495723
180.9885594279714,857305.7522054219
180.9985549277464,857495.1544391636
181.00855042752139,857684.5880542634
181.01854592729637,857874.0530541871
181.02854142707136,858063.5494424014
181.03853692684635,858253.0772223724
181.04853242662134,858442.636397567
181.05852792639632,858632.2269714522
181.0685234261713,858821.8489474952
181.0785189259463,859011.5023291627
181.08851442572129,859201.1871199226
181.09850992549627,859390.9033232424
181.10850542527126,859580.6509425901
181.11850092504625,859770.4299814334
181.12849642482124,859960.2404432407
181.13849192459622,860150.0823314806
181.1484874243712,860339.9556496214
181.1584829241462,860529.8604011321
181.1684784239212,860719.7965894818
181.1784739236962,860909.7642181397
181.1884694234712,861099.7632905747
181.19846492324618,861289.7938102564
181.20846042302117,861479.8557806549
181.21845592279615,861669.9492052402
181.22845142257114,861860.074087482
181.23844692234613,862050.2304308511
181.24844242212112,862240.4182388176
181.2584379218961,862430.6375148526
181.2684334216711,862620.8882624267
181.27842892144608,862811.1704850112
181.28842442122107,863001.4841860774
181.29841992099605,863191.8293690964
181.30841542077104,863382.2060375405
181.31841092054603,863572.6141948808
181.32840642032102,863763.0538445901
181.338401920096,863953.52499014
181.348397419871,864144.0276350036
181.35839291964598,864334.5617826527
181.36838841942097,864525.1274365608
181.37838391919595,864715.7246002008
181.38837941897094,864906.3532770455
181.39837491874593,865097.0134705687
181.40837041852092,865287.7051842437
181.4183659182959,865478.4284215448
181.42836141807092,865669.1831859458
181.4383569178459,865859.9694809201
181.4483524176209,866050.7873099427
181.45834791739588,866241.636676488
181.46834341717087,866432.5175840307
181.47833891694586,866623.4300360456
181.48833441672085,866814.3740360084
181.49832991649583,867005.3495873936
181.50832541627082,867196.3566936773
181.5183209160458,867387.3953583348
181.5283164158208,867578.4655848423
181.53831191559578,867769.5673766757
181.54830741537077,867960.7007373113
181.55830291514576,868151.8656702254
181.56829841492075,868343.0621788946
181.57829391469573,868534.2902667962
181.58828941447072,868725.5499374069
181.5982849142457,868916.8411942039
181.6082804140207,869108.1640406647
181.61827591379569,869299.5184802669
181.62827141357067,869490.9045164882
181.63826691334566,869682.3221528067
181.64826241312065,869873.7713927005
181.65825791289564,870065.2522396478
181.66825341267065,870256.764697128
181.67824891244564,870448.3087686186
181.68824441222063,870639.8844575991
181.6982399119956,870831.4917675488
181.7082354117706,871023.1307019469
181.7182309115456,871214.8012642728
181.72822641132058,871406.5034580063
181.73822191109556,871598.2372866274
181.74821741087055,871790.002753616
181.75821291064554,871981.7998624524
181.76820841042053,872173.6286166173
181.77820391019551,872365.4890195911
181.7881994099705,872557.3810748549
181.7981949097455,872749.3047858895
181.80819040952048,872941.2601561762
181.81818590929547,873133.2471891964
181.82818140907045,873325.2658884319
181.83817690884544,873517.3162573645
181.84817240862043,873709.398299476
181.85816790839542,873901.5120182487
181.8681634081704,874093.6574171651
181.8781589079454,874285.8344997074
181.88815440772038,874478.0432693589
181.89814990749537,874670.2837296021
181.90814540727035,874862.5558839206
181.91814090704537,875054.8597357979
181.92813640682036,875247.1952887166
181.93813190659534,875439.5625461608
181.94812740637033,875631.9615116147
181.95812290614532,875824.3921885622
181.9681184059203,876016.8545804877
181.9781139056953,876209.3486908758
181.98810940547028,876401.8745232109
181.99810490524527,876594.4320809781
182.00810040502026,876787.0213676624
182.01809590479525,876979.6423867489
182.02809140457023,877172.2951417234
182.03808690434522,877364.9796360712
182.0480824041202,877557.6958732783
182.0580779038952,877750.4438568307
182.06807340367018,877943.2235902147
182.07806890344517,878136.0350769163
182.08806440322016,878328.8783204227
182.09805990299515,878521.7533242204
182.10805540277013,878714.6600917962
182.11805090254512,878907.5986266376
182.1280464023201,879100.5689322319
182.1380419020951,879293.5710120662
182.14803740187008,879486.6048696288
182.1580329016451,879679.6705084081
182.1680284014201,879872.7679318909
182.17802390119508,880065.8971435663
182.18801940097006,880259.0581469225
182.19801490074505,880452.2509454485
182.20801040052004,880645.4755426332
182.21800590029503,880838.7319419655
182.22800140007,881032.0201469349
182.237996899845,881225.3401610304
182.24799239962,881418.6919877423
182.25798789939498,881612.07563056
182.26798339916996,881805.4910929737
182.27797889894495,881998.9383784735
182.28797439871994,882192.4174905501
182.29796989849493,882385.928432694
182.3079653982699,882579.4712083959
182.3179608980449,882773.0458211468
182.3279563978199,882966.6522744381
182.33795189759488,883160.2905717609
182.34794739736986,883353.960716607
182.35794289714485,883547.662712468
182.36793839691984,883741.396562836
182.37793389669483,883935.162271203
182.38792939646981,884128.9598410615
182.3979248962448,884322.7892759038
182.40792039601982,884516.6505792235
182.4179158957948,884710.5437545122
182.4279113955698,884904.4688052634
182.43790689534478,885098.4257349708
182.44790239511977,885292.4145471277
182.45789789489476,885486.4352452277
182.46789339466974,885680.4878327646
182.47788889444473,885874.5723132328
182.48788439421972,886068.6886901262
182.4978798939947,886262.8369669394
182.5078753937697,886457.0171471669
182.51787089354468,886651.2292343039
182.52786639331967,886845.473231845
182.53786189309466,887039.7491432856
182.54785739286964,887234.0569721211
182.55785289264463,887428.396721847
182.56784839241962,887622.7683959593
182.5778438921946,887817.1719979537
182.5878393919696,888011.6075313265
182.59783489174458,888206.0749995742
182.60783039151957,888400.5744061931
182.61782589129456,888595.10575468
182.62782139106955,888789.6690485319
182.63781689084453,888984.264291246
182.64781239061952,889178.8914863195
182.65780789039454,889373.5506372505
182.66780339016952,889568.2417475355
182.6777988899445,889762.964820673
182.6877943897195,889957.7198601612
182.6977898894945,890152.5068694982
182.70778538926947,890347.3258521826
182.71778088904446,890542.1768117129
182.72777638881945,890737.0597515882
182.73777188859444,890931.974675307
182.74776738836943,891126.9215863694
182.7577628881444,891321.900488274
182.7677583879194,891516.9113845209
182.7777538876944,891711.9542786096
182.78774938746938,891907.0291740405
182.79774488724436,892102.1360743133
182.80774038701935,892297.2749829285
182.81773588679434,892492.445903387
182.82773138656933,892687.6488391893
182.8377268863443,892882.8837938365
182.8477223861193,893078.1507708294
182.8577178858943,893273.4497736696
182.86771338566928,893468.7808058589
182.87770888544426,893664.1438708984
182.88770438521925,893859.5389722903
182.89769988499427,894054.9661135374
182.90769538476926,894250.4252981408
182.91769088454424,894445.9165296034
182.92768638431923,894641.4398114282
182.93768188409422,894836.9951471175
182.9476773838692,895032.5825401751
182.9576728836442,895228.2019941034
182.96766838341918,895423.8535124067
182.97766388319417,895619.537098588
182.98765938296916,895815.2527561514
182.99765488274414,896011.0004886008
183.00765038251913,896206.7802994406
183.01764588229412,896402.5921921749
183.0276413820691,896598.4361703086
183.0376368818441,896794.3122373463
183.04763238161908,896990.2203967931
183.05762788139407,897186.1606521539
183.06762338116906,897382.1330069342
183.07761888094404,897578.1374646397
183.08761438071903,897774.174028776
183.09760988049402,897970.242702849
183.107605380269,898166.343490365
183.117600880044,898362.47639483
183.12759637981898,898558.6414197508
183.13759187959397,898754.8385686338
183.14758737936899,898951.0678449867
183.15758287914397,899147.3292523153
183.16757837891896,899343.6227941277
183.17757387869395,899539.948473931
183.18756937846894,899736.3062952331
183.19756487824392,899932.6962615417
183.2075603780189,900129.1183763649
183.2175558777939,900325.572643211
183.2275513775689,900522.0590655884
183.23754687734387,900718.5776470056
183.24754237711886,900915.1283909712
183.25753787689385,901111.7113009949
183.26753337666884,901308.326380585
183.27752887644382,901504.9736332514
183.2875243762188,901701.6530625037
183.2975198759938,901898.3646718515
183.3075153757688,902095.1084648047
183.31751087554377,902291.8844448734
183.32750637531876,902488.6926155682
183.33750187509375,902685.5329803994
183.34749737486874,902882.4055428777
183.35749287464373,903079.3103065144
183.3674883744187,903276.24727482
183.3774838741937,903473.2164513061
183.38747937396872,903670.2178394847
183.3974748737437,903867.2514428664
183.4074703735187,904064.3172649636
183.41746587329368,904261.4153092883
183.42746137306867,904458.5455793529
183.43745687284365,904655.7080786696
183.44745237261864,904852.9028107511
183.45744787239363,905050.1297791104
183.46744337216862,905247.3889872604
183.4774388719436,905444.6804387142
183.4874343717186,905642.0041369853
183.49742987149358,905839.3600855873
183.50742537126857,906036.7482880336
183.51742087104356,906234.1687478389
183.52741637081854,906431.621468517
183.53741187059353,906629.106453582
183.54740737036852,906826.6237065488
183.5574028701435,907024.173230932
183.5673983699185,907221.7550302463
183.57739386969348,907419.3691080072
183.58738936946847,907617.01546773
183.59738486924346,907814.6941129297
183.60738036901844,908012.4050471226
183.61737586879343,908210.1482738244
183.62737136856842,908407.9237965508
183.63736686834343,908605.731618819
183.64736236811842,908803.5717441444
183.6573578678934,909001.4441760438
183.6673533676684,909199.3489180347
183.67734886744338,909397.2859736334
183.68734436721837,909595.2553463575
183.69733986699336,909793.2570397245
183.70733536676835,909991.2910572519
183.71733086654334,910189.3574024573
183.72732636631832,910387.4560788589
183.7373218660933,910585.5870899749
183.7473173658683,910783.7504393236
183.75731286564329,910981.9461304236
183.76730836541827,911180.1741667936
183.77730386519326,911378.4345519525
183.78729936496825,911576.7272894194
183.79729486474324,911775.052382714
183.80729036451822,911973.4098353554
183.8172858642932,912171.7996508635
183.8272813640682,912370.221832758
183.8372768638432,912568.6763845595
183.84727236361817,912767.1633097877
183.85726786339316,912965.6826119632
183.86726336316815,913164.2342946071
183.87725886294317,913362.8183612403
183.88725436271815,913561.434815383
183.89724986249314,913760.0836605569
183.90724536226813,913958.7649002835
183.91724086204312,914157.4785380844
183.9272363618181,914356.2245774815
183.9372318615931,914555.0030219966
183.94722736136808,914753.813875152
183.95722286114307,914952.6571404703
183.96721836091805,915151.5328214737
183.97721386069304,915350.4409216852
183.98720936046803,915549.3814446277
183.99720486024302,915748.3543938245
184.007200360018,915947.3597727987
184.017195859793,916146.3975850741
184.02719135956798,916345.4678341742
184.03718685934297,916544.570523623
184.04718235911795,916743.7056569448
184.05717785889294,916942.8732376634
184.06717335866793,917142.073269304
184.07716885844292,917341.3057553908
184.0871643582179,917540.5706994486
184.0971598579929,917739.8681050029
184.10715535776788,917939.1979755786
184.11715085754287,918138.5603147015
184.12714635731788,918337.9551258973
184.13714185709287,918537.3824126911
184.14713735686786,918736.8421786096
184.15713285664285,918936.3344271785
184.16712835641783,919135.8591619247
184.17712385619282,919335.4163863746
184.1871193559678,919535.006104055
184.1971148557428,919734.6283184929
184.20711035551778,919934.2830332154
184.21710585529277,920133.9702517501
184.22710135506776,920333.6899776242
184.23709685484275,920533.4422143658
184.24709235461773,920733.2269655027
184.25708785439272,920933.0442345629
184.2670833541677,921132.8940250749
184.2770788539427,921332.7763405673
184.28707435371768,921532.6911845683
184.29706985349267,921732.6385606076
184.30706535326766,921932.6184722135
184.31706085304265,922132.6309229159
184.32705635281764,922332.6759162439
184.33705185259262,922532.7534557272
184.3470473523676,922732.8635448958
184.3570428521426,922933.0061872797
184.36703835191759,923133.1813864092
184.3770338516926,923333.389145815
184.3870293514676,923533.6294690269
184.39702485124258,923733.9023595762
184.40702035101756,923934.2078209937
184.41701585079255,924134.545856811
184.42701135056754,924334.9164705592
184.43700685034253,924535.3196657699
184.44700235011751,924735.7554459749
184.4569978498925,924936.2238147062
184.4669933496675,925136.7247754958
184.47698884944248,925337.2583318764
184.48698434921747,925537.82448738
184.49697984899245,925738.4232455398
184.50697534876744,925939.0546098886
184.51697084854243,926139.7185839595
184.52696634831742,926340.4151712855
184.5369618480924,926541.1443754005
184.5469573478674,926741.9061998379
184.55695284764238,926942.7006481319
184.56694834741737,927143.5277238162
184.57694384719235,927344.3874304254
184.58693934696734,927545.2797714936
184.59693484674233,927746.2047505557
184.60693034651732,927947.1623711464
184.61692584629233,928148.1526368015
184.62692134606732,928349.1755510546
184.6369168458423,928550.2311174423
184.6469123456173,928751.3193394997
184.65690784539228,928952.440220763
184.66690334516727,929153.5937647677
184.67689884494226,929354.7799750502
184.68689434471725,929555.9988551472
184.69688984449223,929757.2504085947
184.70688534426722,929958.5346389298
184.7168808440422,930159.8515496892
184.7268763438172,930361.2011444103
184.73687184359218,930562.5834266302
184.74686734336717,930763.9983998865
184.75686284314216,930965.4460677169
184.76685834291715,931166.9264336594
184.77685384269213,931368.4395012518
184.78684934246712,931569.9852740327
184.7968448422421,931771.5637555402
184.8068403420171,931973.1749493133
184.81683584179208,932174.8188588908
184.82683134156707,932376.4954878116
184.83682684134206,932578.204839615
184.84682234111705,932779.9469178406
184.85681784089203,932981.7217260277
184.86681334066705,933183.5292677167
184.87680884044204,933385.3695464467
184.88680434021703,933587.2425657584
184.896799839992,933789.1483291921
184.906795339767,933991.0868402885
184.916790839542,934193.058102588
184.92678633931698,934395.0621196321
184.93678183909196,934597.0988949615
184.94677733886695,934799.1684321179
184.95677283864194,935001.2707346426
184.96676833841693,935203.4058060773
184.9767638381919,935405.573649964
184.9867593379669,935607.7742698448
184.9967548377419,935810.0076692619
185.00675033751688,936012.2738517579
185.01674583729186,936214.5728208757
185.02674133706685,936416.9045801576
185.03673683684184,936619.2691331471
185.04673233661683,936821.6664833874
185.05672783639181,937024.0966344217
185.0667233361668,937226.559589794
185.0767188359418,937429.055353048
185.08671433571678,937631.5839277277
185.09670983549177,937834.1453173769
185.10670533526678,938036.7395255413
185.11670083504177,938239.3665557639
185.12669633481676,938442.0264115902
185.13669183459174,938644.7190965652
185.14668733436673,938847.4446142338
185.15668283414172,939050.2029681418
185.1666783339167,939252.9941618345
185.1766738336917,939455.8181988575
185.18666933346668,939658.6750827568
185.19666483324167,939861.5648170789
185.20666033301666,940064.4874053696
185.21665583279164,940267.4428511758
185.22665133256663,940470.431158044
185.23664683234162,940673.4523295212
185.2466423321166,940876.5063691542
185.2566378318916,941079.5932804907
185.26663333166658,941282.7130670777
185.27662883144157,941485.8657324634
185.28662433121656,941689.0512801952
185.29661983099155,941892.2697138212
185.30661533076653,942095.52103689
185.31661083054152,942298.8052529494
185.3266063303165,942502.1223655485
185.3366018300915,942705.472378236
185.34659732986648,942908.8552945609
185.3565928296415,943112.2711180729
185.3665883294165,943315.7198523203
185.37658382919147,943519.201500853
185.38657932896646,943722.7160672211
185.39657482874145,943926.2635549745
185.40657032851644,944129.8439676631
185.41656582829143,944333.4573088373
185.4265613280664,944537.1035820479
185.4365568278414,944740.7827908455
185.4465523276164,944944.4949387807
185.45654782739138,945148.240029405
185.46654332716636,945352.0180662696
185.47653882694135,945555.8290529257
185.48653432671634,945759.6729929254
185.49652982649133,945963.5498898203
185.5065253262663,946167.4597471626
185.5165208260413,946371.4025685043
185.5265163258163,946575.3783573982
185.53651182559128,946779.3871173967
185.54650732536626,946983.4288520528
185.55650282514125,947187.5035649191
185.56649832491624,947391.6112595493
185.57649382469123,947595.7519394965
185.5864893244662,947799.9256083145
185.59648482424123,948004.1322695574
185.60648032401622,948208.3719267782
185.6164758237912,948412.6445835317
185.6264713235662,948616.950243372
185.63646682334118,948821.2889098539
185.64646232311617,949025.660586532
185.65645782289116,949230.0652769613
185.66645332266614,949434.5029846969
185.67644882244113,949638.9737132943
185.68644432221612,949843.4774663086
185.6964398219911,950048.0142472956
185.7064353217661,950252.5840598115
185.71643082154108,950457.1869074121
185.72642632131607,950661.8227936537
185.73642182109106,950866.4917220927
185.74641732086604,951071.1936962861
185.75641282064103,951275.9287197904
185.76640832041602,951480.6967961628
185.776403820191,951685.4979289602
185.786399319966,951890.3321217406
185.79639481974098,952095.199378061
185.80639031951597,952300.0997014798
185.81638581929096,952505.0330955546
185.82638131906594,952709.9995638435
185.83637681884093,952914.9991099051
185.84637231861595,953120.0317372986
185.85636781839094,953325.0974495811
185.86636331816592,953530.1962503128
185.8763588179409,953735.3281430526
185.8863543177159,953940.4931313598
185.8963498174909,954145.6912187937
185.90634531726587,954350.9224089144
185.91634081704086,954556.1867052817
185.92633631681585,954761.4841114555
185.93633181659084,954966.8146309962
185.94632731636582,955172.1782674643
185.9563228161408,955377.5750244206
185.9663183159158,955583.0049054256
185.9763138156908,955788.4679140408
185.98630931546577,955993.9640538271
185.99630481524076,956199.4933283462
186.00630031501575,956405.0557411595
186.01629581479074,956610.6512958289
186.02629131456573,956816.2799959165
186.0362868143407,957021.9418449844
186.0462823141157,957227.636846595
186.0562778138907,957433.3650043109
186.06627331366568,957639.1263216949
186.07626881344066,957844.9208023101
186.08626431321565,958050.7484497194
186.09625981299067,958256.6092674868
186.10625531276565,958462.503259175
186.11625081254064,958668.4304283478
186.12624631231563,958874.3907785694
186.13624181209062,959080.384313404
186.1462373118656,959286.4110364156
186.1562328116406,959492.4709511691
186.16622831141558,959698.564061229
186.17622381119057,959904.6903701599
186.18621931096555,960110.8498815275
186.19621481074054,960317.0425988967
186.20621031051553,960523.2685258327
186.21620581029052,960729.5276659015
186.2262013100655,960935.8200226689
186.2361968098405,961142.1455997011
186.24619230961548,961348.5044005639
186.25618780939047,961554.896428824
186.26618330916546,961761.3216880478
186.27617880894044,961967.7801818023
186.28617430871543,962174.2719136545
186.29616980849042,962380.7968871716
186.3061653082654,962587.3551059207
186.3161608080404,962793.9465734694
186.32615630781538,963000.5712933859
186.3361518075904,963207.2292692383
186.34614730736538,963413.9205045936
186.35614280714037,963620.645003021
186.36613830691536,963827.4027680886
186.37613380669035,964034.1938033653
186.38612930646534,964241.0181124203
186.39612480624032,964447.8756988222
186.4061203060153,964654.7665661407
186.4161158057903,964861.690717945
186.42611130556529,965068.6481578047
186.43610680534027,965275.63888929
186.44610230511526,965482.6629159708
186.45609780489025,965689.7202414172
186.46609330466524,965896.8108691999
186.47608880444022,966103.9348028891
186.4860843042152,966311.0920460561
186.4960798039902,966518.2826022716
186.5060753037652,966725.5064751068
186.51607080354017,966932.7636681334
186.52606630331516,967140.0541849227
186.53606180309015,967347.3780290463
186.54605730286514,967554.7352040769
186.55605280264012,967762.1257135858
186.5660483024151,967969.5495611457
186.5760438021901,968177.0067503292
186.58603930196512,968384.4972847096
186.5960348017401,968592.0211678586
186.6060303015151,968799.5784033498
186.61602580129008,969007.1689947568
186.62602130106507,969214.7929456529
186.63601680084005,969422.4502596118
186.64601230061504,969630.1409402073
186.65600780039003,969837.8649910137
186.66600330016502,970045.6224156049
186.67599879994,970253.4132175557
186.685994299715,970461.2374004406
186.69598979948998,970669.0949678344
186.70598529926497,970876.9859233121
186.71598079903995,971084.9102704491
186.72597629881494,971292.8680128207
186.73597179858993,971500.8591540026
186.74596729836492,971708.8836975704
186.7559627981399,971916.9416471003
186.7659582979149,972125.0330061682
186.77595379768988,972333.1577783506
186.78594929746487,972541.3159672242
186.79594479723986,972749.5075763656
186.80594029701484,972957.7326093517
186.81593579678983,973165.9910697599
186.82593129656485,973374.2829611677
186.83592679633983,973582.6082871518
186.84592229611482,973790.9670512903
186.8559177958898,973999.3592571613
186.8659132956648,974207.7849083425
186.87590879543978,974416.2440084128
186.88590429521477,974624.7365609499
186.89589979498976,974833.2625695331
186.90589529476475,975041.8220377411
186.91589079453973,975250.4149691527
186.92588629431472,975459.0413673471
186.9358817940897,975667.7012359044
186.9458772938647,975876.3945784034
186.95587279363968,976085.1213984245
186.96586829341467,976293.8816995474
186.97586379318966,976502.6754853524
186.98585929296465,976711.5027594198
186.99585479273964,976920.3635253301
187.00585029251462,977129.2577866644
187.0158457922896,977338.1855470035
187.0258412920646,977547.1468099284
187.03583679183959,977756.1415790207
187.04583229161457,977965.1698578617
187.05582779138956,978174.2316500332
187.06582329116455,978383.3269591171
187.07581879093956,978592.4557886962
187.08581429071455,978801.6181423517
187.09580979048954,979010.8140236663
187.10580529026453,979220.0434362232
187.11580079003951,979429.3063836048
187.1257962898145,979638.6028693945
187.1357917895895,979847.9328971754
187.14578728936448,980057.2964705309
187.15578278913947,980266.6935930448
187.16577828891445,980476.1242683008
187.17577378868944,980685.5884998831
187.18576928846443,980895.0862913756
187.19576478823942,981104.617646363
187.2057602880144,981314.1825684299
187.2157557877894,981523.7810611608
187.22575128756438,981733.413128141
187.23574678733937,981943.0787729556
187.24574228711435,982152.7779991897
187.25573778688934,982362.5108104292
187.26573328666433,982572.2772102597
187.27572878643932,982782.077202267
187.2857242862143,982991.9107900376
187.2957197859893,983201.7779771574
187.30571528576428,983411.6787672131
187.3157107855393,983621.6131637922
187.32570628531428,983831.5811704802
187.33570178508927,984041.5827908646
187.34569728486426,984251.6180285328
187.35569278463925,984461.6868870726
187.36568828441423,984671.7893700714
187.37568378418922,984881.9254811167
187.3856792839642,985092.0952237974
187.3956747837392,985302.2986017008
187.40567028351418,985512.5356184158
187.41566578328917,985722.8062775312
187.42566128306416,985933.1105826355
187.43565678283915,986143.4485373177
187.44565228261413,986353.8201451671
187.45564778238912,986564.225409773
187.4656432821641,986774.6643347251
187.4756387819391,986985.136923613
187.48563428171408,987195.6431800269
187.49562978148907,987406.1831075565
187.50562528126406,987616.7567097928
187.51562078103905,987827.363990326
187.52561628081403,988038.0049527464
187.53561178058902,988248.6796006458
187.545607280364,988459.3879376145
187.555602780139,988670.1299672441
187.565598279914,988880.9056931267
187.575593779689,989091.715118853
187.585589279464,989302.558248015
187.59558477923898,989513.4350842052
187.60558027901396,989724.3456310156
187.61557577878895,989935.2898920388
187.62557127856394,990146.2678708672
187.63556677833893,990357.2795710937
187.6455622781139,990568.3249963117
187.6555577778889,990779.4041501139
187.6655532776639,990990.5170360941
187.67554877743888,991201.6636578456
187.68554427721386,991412.8440189621
187.69553977698885,991624.0581230379
187.70553527676384,991835.3059736672
187.71553077653883,992046.5875744441
187.72552627631381,992257.9029289633
187.7355217760888,992469.2520408194
187.7455172758638,992680.6349136075
187.75551277563878,992892.0515509224
187.76550827541377,993103.50195636
187.77550377518875,993314.9861335154
187.78549927496374,993526.5040859843
187.79549477473873,993738.0558173627
187.80549027451374,993949.6413312473
187.81548577428873,994161.2606312331
187.82548127406372,994372.9137209171
187.8354767738387,994584.6006038962
187.8454722736137,994796.3212837671
187.85546777338868,995008.0757641266
187.86546327316367,995219.8640485724
187.87545877293866,995431.6861407016
187.88545427271364,995643.5420441119
187.89544977248863,995855.4317624011
187.90544527226362,996067.3552991673
187.9154407720386,996279.3126580084
187.9254362718136,996491.303842523
187.93543177158858,996703.3288563099
187.94542727136357,996915.3877029674
187.95542277113856,997127.4803860947
187.96541827091355,997339.6069092908
187.97541377068853,997551.7672761553
187.98540927046352,997763.9614902874
187.9954047702385,997976.1895552871
188.0054002700135,998188.4514747543
188.01539576978848,998400.7472522887
188.02539126956347,998613.0768914911
188.03538676933846,998825.4403959617
188.04538226911345,999037.8377693014
188.05537776888846,999250.2690151114
188.06537326866345,999462.7341369916
188.07536876843844,999675.2331385441
188.08536426821343,999887.7660233701
188.0953597679884,1000100.3327950713
188.1053552677634,1000312.9334572495
188.1153507675384,1000525.5680135066
188.12534626731338,1000738.2364674452
188.13534176708836,1000950.9388226675
188.14533726686335,1001163.6750827759
188.15533276663834,1001376.4452513732
188.16532826641333,1001589.2493320627
188.1753237661883,1001802.0873284473
188.1853192659633,1002014.9592441304
188.1953147657383,1002227.8650827155
188.20531026551328,1002440.8048478066
188.21530576528826,1002653.7785430072
188.22530126506325,1002866.7861719218
188.23529676483824,1003079.8277381544
188.24529226461323,1003292.90324531
188.2552877643882,1003506.0126969928
188.2652832641632,1003719.1560968079
188.2752787639382,1003932.3334483601
188.28527426371318,1004145.544755255
188.29526976348816,1004358.7900210981
188.30526526326318,1004572.0692494956
188.31526076303817,1004785.3824440519
188.32525626281316,1004998.7296083737
188.33525176258814,1005212.1107460675
188.34524726236313,1005425.5258607394
188.35524276213812,1005638.9749559964
188.3652382619131,1005852.4580354448
188.3752337616881,1006065.9751026919
188.38522926146308,1006279.5261613448
188.39522476123807,1006493.1112150111
188.40522026101306,1006706.7302672981
188.41521576078804,1006920.3833218137
188.42521126056303,1007134.0703821654
188.43520676033802,1007347.7914519622
188.445202260113,1007561.5465348117
188.455197759888,1007775.3356343226
188.46519325966298,1007989.1587541038
188.47518875943797,1008203.0158977644
188.48518425921296,1008416.9070689128
188.49517975898794,1008630.8322711587
188.50517525876293,1008844.7915081119
188.51517075853792,1009058.7847833815
188.5251662583129,1009272.8121005775
188.5351617580879,1009486.8734633102
188.5451572578629,1009700.9688751904
188.5551527576379,1009915.098339827
188.5651482574129,1010129.2618608319
188.57514375718787,1010343.4594418152
188.58513925696286,1010557.6910863882
188.59513475673785,1010771.9567981622
188.60513025651284,1010986.2565807485
188.61512575628782,1011200.5904377586
188.6251212560628,1011414.9583728045
188.6351167558378,1011629.360389498
188.6451122556128,1011843.7964914512
188.65510775538777,1012058.2666822767
188.66510325516276,1012272.7709655866
188.67509875493775,1012487.3093449944
188.68509425471274,1012701.8818241123
188.69508975448773,1012916.4884065536
188.7050852542627,1013131.1290959318
188.7150807540377,1013345.8038958603
188.7250762538127,1013560.5128099527
188.73507175358768,1013775.2558418232
188.74506725336266,1013990.0329950855
188.75506275313765,1014204.8442733539
188.76505825291264,1014419.689680243
188.77505375268763,1014634.5692193673
188.7850492524626,1014849.482894342
188.79504475223763,1015064.4307087824
188.80504025201262,1015279.4126663025
188.8150357517876,1015494.4287705185
188.8250312515626,1015709.4790250461
188.83502675133758,1015924.5634335007
188.84502225111257,1016139.6819994984
188.85501775088755,1016354.8347266559
188.86501325066254,1016570.0216185887
188.87500875043753,1016785.2426789141
188.88500425021252,1017000.4979112487
188.8949997499875,1017215.787319209
188.9049952497625,1017431.1109064127
188.91499074953748,1017646.4686764767
188.92498624931247,1017861.860633019
188.93498174908746,1018077.2867796569
188.94497724886244,1018292.7471200083
188.95497274863743,1018508.2416576914
188.96496824841242,1018723.7703963247
188.9749637481874,1018939.3333395264
188.9849592479624,1019154.9304909154
188.99495474773738,1019370.5618541102
189.00495024751237,1019586.2274327303
189.01494574728736,1019801.9272303943
189.02494124706234,1020017.6612507224
189.03493674683736,1020233.4294973345
189.04493224661235,1020449.2319738489
189.05492774638734,1020665.0686838868
189.06492324616232,1020880.9396310679
189.0749187459373,1021096.8448190129
189.0849142457123,1021312.7842513421
189.09490974548729,1021528.7579316766
189.10490524526227,1021744.7658636372
189.11490074503726,1021960.808050845
189.12489624481225,1022176.8844969214
189.13489174458724,1022392.995205488
189.14488724436222,1022609.1401801666
189.1548827441372,1022825.3194245788
189.1648782439122,1023041.532942347
189.1748737436872,1023257.7807370935
189.18486924346217,1023474.0628124406
189.19486474323716,1023690.3791720112
189.20486024301215,1023906.7298194281
189.21485574278714,1024123.1147583143
189.22485124256212,1024339.5339922932
189.2348467423371,1024555.9875249881
189.2448422421121,1024772.4753600227
189.2548377418871,1024988.9975010209
189.26483324166207,1025205.5539516067
189.27482874143706,1025422.1447154044
189.28482424121208,1025638.7697960387
189.29481974098707,1025855.4291971335
189.30481524076205,1026072.1229223136
189.31481074053704,1026288.8509752046
189.32480624031203,1026505.6133594312
189.33480174008702,1026722.410078619
189.344797239862,1026939.2411363936
189.354792739637,1027156.1065363804
189.36478823941198,1027373.0062822057
189.37478373918697,1027589.9403774956
189.38477923896195,1027806.9088258763
189.39477473873694,1028023.9116309745
189.40477023851193,1028240.9487964166
189.41476573828692,1028458.0203258299
189.4247612380619,1028675.126222841
189.4347567378369,1028892.2664910775
189.44475223761188,1029109.441134167
189.45474773738687,1029326.6501557367
189.46474323716185,1029543.893559415
189.47473873693684,1029761.1713488295
189.48473423671183,1029978.4835276089
189.49472973648682,1030195.8300993813
189.5047252362618,1030413.2110677751
189.5147207360368,1030630.6264364196
189.5247162358118,1030848.0762089442
189.5347117355868,1031065.5603889768
189.54470723536178,1031283.0789801477
189.55470273513677,1031500.631986086
189.56469823491176,1031718.2194104219
189.57469373468675,1031935.8412567852
189.58468923446173,1032153.4975288061
189.59468473423672,1032371.1882301148
189.6046802340117,1032588.9133643421
189.6146757337867,1032806.6729351182
189.62467123356168,1033024.4669460746
189.63466673333667,1033242.2954008421
189.64466223311166,1033460.1583030522
189.65465773288665,1033678.0556563361
189.66465323266164,1033895.9874643259
189.67464873243662,1034113.9537306532
189.6846442322116,1034331.9544589499
189.6946397319866,1034549.9896528486
189.70463523176159,1034768.0593159817
189.71463073153657,1034986.1634519817
189.72462623131156,1035204.3020644813
189.73462173108655,1035422.4751571139
189.74461723086154,1035640.6827335126
189.75461273063652,1035858.9247973106
189.7646082304115,1036077.2013521417
189.77460373018653,1036295.5124016402
189.78459922996151,1036513.8579494389
189.7945947297365,1036732.2379991726
189.8045902295115,1036950.6525544756
189.81458572928648,1037169.1016189824
189.82458122906147,1037387.5851963281
189.83457672883645,1037606.1032901473
189.84457222861144,1037824.655904075
189.85456772838643,1038043.243041747
189.86456322816142,1038261.8647067985
189.8745587279364,1038480.5209028651
189.8845542277114,1038699.211633583
189.89454972748638,1038917.936902588
189.90454522726137,1039136.6967135167
189.91454072703635,1039355.4910700052
189.92453622681134,1039574.3199756906
189.93453172658633,1039793.1834342092
189.94452722636132,1040012.0814491985
189.9545227261363,1040231.0140242955
189.9645182259113,1040449.9811631378
189.97451372568628,1040668.9828693627
189.98450922546127,1040888.0191466084
189.99450472523625,1041107.0899985128
190.00450022501124,1041326.1954287139
190.01449572478623,1041545.3354408501
190.02449122456125,1041764.5100385608
190.03448672433623,1041983.7192254836
190.04448222411122,1042202.9630052577
190.0544777238862,1042422.2413815225
190.0644732236612,1042641.5543579173
190.07446872343618,1042860.9019380816
190.08446422321117,1043080.2841256551
190.09445972298616,1043299.7009242778
190.10445522276115,1043519.1523375899
190.11445072253613,1043738.6383692315
190.12444622231112,1043958.159022843
190.1344417220861,1044177.7143020654
190.1444372218611,1044397.3042105394
190.15443272163608,1044616.928751906
190.16442822141107,1044836.5879298068
190.17442372118606,1045056.2817478826
190.18441922096105,1045276.0102097755
190.19441472073603,1045495.7733191273
190.20441022051102,1045715.57107958
190.214405720286,1045935.4034947759
190.224401220061,1046155.2705683568
190.23439671983598,1046375.1723039662
190.24439221961097,1046595.1087052464
190.25438771938596,1046815.0797758404
190.26438321916098,1047035.0855193919
190.27437871893596,1047255.1259395432
190.28437421871095,1047475.2010399385
190.29436971848594,1047695.3108242215
190.30436521826093,1047915.4552960361
190.3143607180359,1048135.6344590262
190.3243562178109,1048355.8483168365
190.3343517175859,1048576.0968731113
190.34434721736088,1048796.3801314952
190.35434271713586,1049016.6980956334
190.36433821691085,1049237.050769171
190.37433371668584,1049457.4381557526
190.38432921646083,1049677.8602590247
190.39432471623581,1049898.317082632
190.4043202160108,1050118.808630221
190.4143157157858,1050339.3349054374
190.42431121556078,1050559.8959119276
190.43430671533577,1050780.491653338
190.44430221511075,1051001.122133315
190.45429771488574,1051221.7873555059
190.46429321466073,1051442.487323557
190.47428871443572,1051663.222041116
190.4842842142107,1051883.9915118304
190.4942797139857,1052104.795739347
190.50427521376068,1052325.6347273146
190.5142707135357,1052546.5084793807
190.52426621331068,1052767.4169991931
190.53426171308567,1052988.3602904005
190.54425721286066,1053209.3383566511
190.55425271263564,1053430.3512015943
190.56424821241063,1053651.398828878
190.57424371218562,1053872.4812421522
190.5842392119606,1054093.5984450658
190.5942347117356,1054314.7504412686
190.60423021151058,1054535.9372344096
190.61422571128557,1054757.1588281393
190.62422121106056,1054978.4152261077
190.63421671083555,1055199.7064319646
190.64421221061053,1055421.032449361
190.65420771038552,1055642.3932819471
190.6642032101605,1055863.7889333742
190.6741987099355,1056085.2194072928
190.68419420971048,1056306.6847073543
190.69418970948547,1056528.1848372102
190.70418520926046,1056749.719800512
190.71418070903545,1056971.2896009116
190.72417620881043,1057192.8942420608
190.73417170858542,1057414.533727612
190.7441672083604,1057636.2080612173
190.75416270813542,1057857.9172465298
190.7641582079104,1058079.6612872013
190.7741537076854,1058301.4401868854
190.7841492074604,1058523.253949235
190.79414470723538,1058745.1025779033
190.80414020701036,1058966.9860765438
190.81413570678535,1059188.9044488107
190.82413120656034,1059410.8576983574
190.83412670633533,1059632.8458288382
190.8441222061103,1059854.8688439073
190.8541177058853,1060076.926747219
190.8641132056603,1060299.0195424282
190.87410870543528,1060521.1472331898
190.88410420521026,1060743.3098231584
190.89409970498525,1060965.5073159898
190.90409520476024,1061187.739715339
190.91409070453523,1061410.0070248616
190.9240862043102,1061632.309248214
190.9340817040852,1061854.6463890513
190.9440772038602,1062077.0184510304
190.95407270363518,1062299.425437807
190.96406820341016,1062521.8673530384
190.97406370318515,1062744.344200381
190.98405920296014,1062966.8559834918
190.99405470273513,1063189.402706028
191.00405020251014,1063411.9843716472
191.01404570228513,1063634.6009840062
191.02404120206012,1063857.252546763
191.0340367018351,1064079.9390635758
191.0440322016101,1064302.6605381023
191.05402770138508,1064525.416974001
191.06402320116007,1064748.2083749305
191.07401870093506,1064971.034744549
191.08401420071004,1065193.896086516
191.09400970048503,1065416.7924044903
191.10400520026002,1065639.723702131
191.114000700035,1065862.6899830978
191.12399619981,1066085.69125105
191.13399169958498,1066308.7275096476
191.14398719935997,1066531.7987625508
191.15398269913496,1066754.9050134195
191.16397819890994,1066978.046265914
191.17397369868493,1067201.2225236956
191.18396919845992,1067424.4337904244
191.1939646982349,1067647.6800697614
191.2039601980099,1067870.961365368
191.21395569778488,1068094.2776809053
191.22395119755987,1068317.6290200353
191.23394669733486,1068541.0153864191
191.24394219710987,1068764.4367837198
191.25393769688486,1068987.893215598
191.26393319665985,1069211.3846857168
191.27392869643484,1069434.9111977387
191.28392419620982,1069658.4727553262
191.2939196959848,1069882.0693621421
191.3039151957598,1070105.7010218499
191.3139106955348,1070329.3677381126
191.32390619530977,1070553.0695145933
191.33390169508476,1070776.8063549565
191.34389719485975,1071000.5782628653
191.35389269463474,1071224.3852419842
191.36388819440972,1071448.2272959768
191.3738836941847,1071672.1044285083
191.3838791939597,1071896.0166432431
191.3938746937347,1072119.9639438456
191.40387019350968,1072343.946333981
191.41386569328466,1072567.9638173145
191.42386119305965,1072792.0163975116
191.43385669283464,1073016.1040782377
191.44385219260963,1073240.2268631586
191.4538476923846,1073464.3847559404
191.4638431921596,1073688.577760249
191.4738386919346,1073912.8058797505
191.48383419170958,1074137.069118112
191.4938296914846,1074361.3674790007
191.50382519125958,1074585.700966082
191.51382069103457,1074810.069583024
191.52381619080955,1075034.473333493
191.53381169058454,1075258.912221158
191.54380719035953,1075483.3862496857
191.55380269013452,1075707.8954227439
191.5637981899095,1075932.439744001
191.5737936896845,1076157.0192171254
191.58378918945948,1076381.633845785
191.59378468923447,1076606.2836336487
191.60378018900946,1076830.9685843852
191.61377568878444,1077055.6887016639
191.62377118855943,1077280.4439891535
191.63376668833442,1077505.2344505237
191.6437621881094,1077730.060089444
191.6537576878844,1077954.9209095843
191.66375318765938,1078179.8169146143
191.67374868743437,1078404.7481082042
191.68374418720936,1078629.7144940246
191.69373968698434,1078854.7160757459
191.70373518675933,1079079.7528570388
191.71373068653432,1079304.8248415743
191.7237261863093,1079529.9320330233
191.73372168608432,1079755.074435058
191.7437171858593,1079980.2520513486
191.7537126856343,1080205.464885567
191.76370818540929,1080430.7129413858
191.77370368518427,1080655.9962224767
191.78369918495926,1080881.314732512
191.79369468473425,1081106.6684751639
191.80369018450924,1081332.0574541052
191.81368568428422,1081557.481673009
191.8236811840592,1081782.941135548
191.8336766838342,1082008.4358453958
191.8436721836092,1082233.9658062253
191.85366768338417,1082459.5310217105
191.86366318315916,1082685.131495525
191.87365868293415,1082910.7672313426
191.88365418270914,1083136.4382328382
191.89364968248412,1083362.1445036854
191.9036451822591,1083587.8860475589
191.9136406820341,1083813.662868134
191.9236361818091,1084039.4749690848
191.93363168158407,1084265.3223540871
191.94362718135906,1084491.205026816
191.95362268113405,1084717.1229909472
191.96361818090904,1084943.076250156
191.97361368068402,1085169.0648081186
191.98360918045904,1085395.0886685115
191.99360468023403,1085621.1478350102
192.00360018000902,1085847.2423112912
192.013595679784,1086073.3721010315
192.023591179559,1086299.5372079078
192.03358667933398,1086525.7376355974
192.04358217910897,1086751.9733877773
192.05357767888395,1086978.244468125
192.06357317865894,1087204.5508803183
192.07356867843393,1087430.8926280346
192.08356417820892,1087657.2697149522
192.0935596779839,1087883.6821447494
192.1035551777589,1088110.1299211045
192.11355067753388,1088336.613047696
192.12354617730887,1088563.1315282024
192.13354167708385,1088789.6853663032
192.14353717685884,1089016.2745656772
192.15353267663383,1089242.899130004
192.16352817640882,1089469.5590629627
192.1735236761838,1089696.2543682335
192.1835191759588,1089922.985049496
192.19351467573378,1090149.7511104306
192.20351017550877,1090376.5525547175
192.21350567528376,1090603.389386037
192.22350117505874,1090830.26160807
192.23349667483376,1091057.1692244979
192.24349217460875,1091284.1122390006
192.25348767438373,1091511.0906552598
192.26348317415872,1091738.104476957
192.2734786739337,1091965.1537077741
192.2834741737087,1092192.238351393
192.29346967348368,1092419.358411495
192.30346517325867,1092646.513891763
192.31346067303366,1092873.7047958793
192.32345617280865,1093100.9311275263
192.33345167258364,1093328.1928903868
192.34344717235862,1093555.490088144
192.3534426721336,1093782.8227244809
192.3634381719086,1094010.190803081
192.37343367168359,1094237.5943276277
192.38342917145857,1094465.0333018047
192.39342467123356,1094692.507729296
192.40342017100855,1094920.0176137863
192.41341567078354,1095147.5629589588
192.42341117055852,1095375.143768499
192.4334066703335,1095602.7600460912
192.4434021701085,1095830.41179542
192.4533976698835,1096058.099020171
192.46339316965847,1096285.8217240293
192.4733886694335,1096513.5799106811
192.48338416920848,1096741.3735838104
192.49337966898347,1096969.2027471042
192.50337516875845,1097197.0674042483
192.51337066853344,1097424.9675589288
192.52336616830843,1097652.9032148323
192.53336166808342,1097880.8743756453
192.5433571678584,1098108.881045055
192.5533526676334,1098336.9232267481
192.56334816740838,1098565.0009244115
192.57334366718337,1098793.1141417332
192.58333916695835,1099021.2628824
192.59333466673334,1099249.4471501007
192.60333016650833,1099477.6669485224
192.61332566628332,1099705.9222813535
192.6233211660583,1099934.2131522824
192.6333166658333,1100162.5395649977
192.64331216560828,1100390.901523188
192.65330766538327,1100619.2990305421
192.66330316515825,1100847.7320907493
192.67329866493324,1101076.200707499
192.68329416470823,1101304.7048844805
192.69328966448322,1101533.2446253833
192.7032851642582,1101761.8199338976
192.7132806640332,1101990.4308137135
192.7232761638082,1102219.0772685218
192.7332716635832,1102447.7593020112
192.74326716335818,1102676.4769178738
192.75326266313317,1102905.2301198
192.76325816290816,1103134.0189114807
192.77325366268315,1103362.8432966073
192.78324916245813,1103591.7032788713
192.79324466223312,1103820.598861964
192.8032401620081,1104049.5300495774
192.8132356617831,1104278.4968454035
192.82323116155808,1104507.4992531342
192.83322666133307,1104736.537276462
192.84322216110806,1104965.6109190797
192.85321766088305,1105194.7201846798
192.86321316065803,1105423.8650769554
192.87320866043302,1105653.0455995994
192.883204160208,1105882.2617563053
192.893199659983,1106111.5135507665
192.90319515975798,1106340.8009866767
192.91319065953297,1106570.1240677298
192.92318615930796,1106799.48279762
192.93318165908295,1107028.8771800413
192.94317715885794,1107258.3072186885
192.95317265863292,1107487.7729172562
192.96316815840794,1107717.2742794398
192.97316365818293,1107946.811308933
192.9831591579579,1108176.3840094316
192.9931546577329,1108405.9923846314
193.0031501575079,1108635.6364382277
193.01314565728288,1108865.3161739162
193.02314115705786,1109095.0315953933
193.03313665683285,1109324.7827063547
193.04313215660784,1109554.5695104974
193.05312765638283,1109784.3920115174
193.06312315615781,1110014.2502131118
193.0731186559328,1110244.1441189772
193.0831141557078,1110474.0737328113
193.09310965548278,1110704.0390583107
193.10310515525777,1110934.0400991738
193.11310065503275,1111164.0768590977
193.12309615480774,1111394.1493417802
193.13309165458273,1111624.2575509201
193.14308715435772,1111854.4014902152
193.1530826541327,1112084.581163364
193.1630781539077,1112314.796574065
193.17307365368268,1112545.0477260174
193.18306915345767,1112775.3346229205
193.19306465323265,1113005.657268473
193.20306015300764,1113236.0156663745
193.21305565278266,1113466.4098203254
193.22305115255764,1113696.8397340241
193.23304665233263,1113927.3054111714
193.24304215210762,1114157.8068554674
193.2530376518826,1114388.344070613
193.2630331516576,1114618.9170603077
193.27302865143258,1114849.525828253
193.28302415120757,1115080.1703781502
193.29301965098256,1115310.8507136998
193.30301515075755,1115541.5668386035
193.31301065053253,1115772.3187565627
193.32300615030752,1116003.1064712792
193.3330016500825,1116233.9299864548
193.3429971498575,1116464.789305792
193.35299264963248,1116695.6844329927
193.36298814940747,1116926.6153717597
193.37298364918246,1117157.5821257955
193.38297914895745,1117388.5846988033
193.39297464873243,1117619.6230944856
193.40297014850742,1117850.6973165462
193.4129656482824,1118081.8073686883
193.4229611480574,1118312.9532546157
193.43295664783238,1118544.1349780322
193.44295214760737,1118775.3525426418
193.4529476473824,1119006.6059521495
193.46294314715738,1119237.895210258
193.47293864693236,1119469.220320673
193.48293414670735,1119700.5812870993
193.49292964648234,1119931.9781132417
193.50292514625733,1120163.4108028053
193.5129206460323,1120394.8793594958
193.5229161458073,1120626.3837870187
193.5329116455823,1120857.9240890795
193.54290714535728,1121089.5002693844
193.55290264513226,1121321.1123316393
193.56289814490725,1121552.7602795507
193.57289364468224,1121784.4441168252
193.58288914445723,1122016.1638471694
193.5928846442322,1122247.9194742902
193.6028801440072,1122479.7110018947
193.6128756437822,1122711.5384336903
193.62287114355718,1122943.4017733845
193.63286664333216,1123175.3010246847
193.64286214310715,1123407.236191299
193.65285764288214,1123639.2072769355
193.66285314265713,1123871.2142853022
193.67284864243211,1124103.2572201078
193.6828441422071,1124335.3360850608
193.6928396419821,1124567.4508838698
193.7028351417571,1124799.601620245
193.7128306415321,1125031.7882978937
193.72282614130708,1125264.0109205267
193.73282164108207,1125496.2694918527
193.74281714085706,1125728.5640155822
193.75281264063204,1125960.8944954248
193.76280814040703,1126193.2609350907
193.77280364018202,1126425.6633382903
193.782799139957,1126658.1017087342
193.792794639732,1126890.576050133
193.80279013950698,1127123.0863661978
193.81278563928197,1127355.6326606397
193.82278113905696,1127588.2149371698
193.83277663883194,1127820.8331994999
193.84277213860693,1128053.4874513415
193.85276763838192,1128286.1776964064
193.8627631381569,1128518.9039384066
193.8727586379319,1128751.666181055
193.88275413770688,1128984.4644280635
193.89274963748187,1129217.2986831446
193.90274513725686,1129450.1689500117
193.91274063703185,1129683.0752323775
193.92273613680683,1129916.0175339552
193.93273163658182,1130148.9958584583
193.9427271363568,1130382.0102096004
193.95272263613182,1130615.0605910958
193.9627181359068,1130848.1470066577
193.9727136356818,1131081.26946
193.9827091354568,1131314.4279548384
193.99270463523177,1131547.6224948862
194.00270013500676,1131780.8530838585
194.01269563478175,1132014.1197254707
194.02269113455674,1132247.4224234377
194.03268663433172,1132480.7611814744
194.0426821341067,1132714.136003297
194.0526776338817,1132947.5468926209
194.0626731336567,1133180.993853162
194.07266863343168,1133414.4768886361
194.08266413320666,1133647.9960027603
194.09265963298165,1133881.5511992502
194.10265513275664,1134115.142481823
194.11265063253163,1134348.7698541952
194.1226461323066,1134582.4333200841
194.1326416320816,1134816.132883207
194.1426371318566,1135049.868547281
194.15263263163158,1135283.6403160242
194.16262813140656,1135517.4481931543
194.17262363118155,1135751.292182389
194.18261913095654,1135985.1722874467
194.19261463073155,1136219.0885120463
194.20261013050654,1136453.0408599055
194.21260563028153,1136687.029334743
194.22260113005652,1136921.0539402787
194.2325966298315,1137155.1146802309
194.2425921296065,1137389.2115583194
194.25258762938148,1137623.3445782638
194.26258312915647,1137857.5137437833
194.27257862893146,1138091.7190585986
194.28257412870644,1138325.9605264293
194.29256962848143,1138560.238150996
194.30256512825642,1138794.5519360187
194.3125606280314,1139028.9018852185
194.3225561278064,1139263.2880023161
194.33255162758138,1139497.710291033
194.34254712735637,1139732.1687550899
194.35254262713136,1139966.6633982086
194.36253812690634,1140201.1942241106
194.37253362668133,1140435.7612365177
194.38252912645632,1140670.364439152
194.3925246262313,1140905.0038357356
194.4025201260063,1141139.6794299912
194.41251562578128,1141374.3912256411
194.42251112555627,1141609.1392264084
194.43250662533126,1141843.9234360158
194.44250212510627,1142078.7438581875
194.45249762488126,1142313.600496645
194.46249312465625,1142548.4933551128
194.47248862443124,1142783.4224373149
194.48248412420622,1143018.3877469748
194.4924796239812,1143253.389287817
194.5024751237562,1143488.4270635657
194.5124706235312,1143723.5010779453
194.52246612330617,1143958.6113346806
194.53246162308116,1144193.7578374965
194.54245712285615,1144428.9405901178
194.55245262263114,1144664.1595962704
194.56244812240612,1144899.4148596795
194.5724436221811,1145134.706384071
194.5824391219561,1145370.0341731699
194.5924346217311,1145605.398230703
194.60243012150607,1145840.7985603965
194.61242562128106,1146076.2351659767
194.62242112105605,1146311.70805117
194.63241662083104,1146547.2172197036
194.64241212060602,1146782.7626753042
194.652407620381,1147018.3444216992
194.662403120156,1147253.962462616
194.672398619931,1147489.616801782
194.682394119706,1147725.3074429259
194.692389619481,1147961.0343897738
194.70238511925598,1148196.7976460552
194.71238061903097,1148432.597215498
194.72237611880595,1148668.4331018312
194.73237161858094,1148904.3053087827
194.74236711835593,1149140.2138400823
194.75236261813092,1149376.1586994585
194.7623581179059,1149612.139890641
194.7723536176809,1149848.157417359
194.78234911745588,1150084.2112833424
194.79234461723087,1150320.301492321
194.80234011700585,1150556.428048025
194.81233561678084,1150792.5909541843
194.82233111655583,1151028.7902145295
194.83232661633082,1151265.0258327913
194.8423221161058,1151501.2978127007
194.8523176158808,1151737.6061579885
194.86231311565578,1151973.950872386
194.87230861543077,1152210.3319596248
194.88230411520576,1152446.7494234361
194.89229961498074,1152683.2032675517
194.90229511475573,1152919.693495704
194.91229061453072,1153156.220111625
194.9222861143057,1153392.7831190468
194.93228161408072,1153629.382521703
194.9422771138557,1153866.0183233249
194.9522726136307,1154102.6905276459
194.96226811340568,1154339.3991383992
194.97226361318067,1154576.1441593184
194.98225911295566,1154812.9255941366
194.99225461273065,1155049.7434465878
195.00225011250564,1155286.597720406
195.01224561228062,1155523.4884193249
195.0222411120556,1155760.4155470792
195.0322366118306,1155997.3791074029
195.04223211160559,1156234.379104031
195.05222761138057,1156471.4155406982
195.06222311115556,1156708.4884211398
195.07221861093055,1156945.5977490908
195.08221411070554,1157182.7435282867
195.09220961048052,1157419.925762463
195.1022051102555,1157657.1444553556
195.1122006100305,1157894.3996107006
195.1221961098055,1158131.691232234
195.13219160958047,1158369.0193236924
195.14218710935546,1158606.3838888123
195.15218260913045,1158843.7849313302
195.16217810890544,1159081.2224549835
195.17217360868045,1159318.6964635097
195.18216910845544,1159556.2069606448
195.19216460823043,1159793.7539501274
195.20216010800542,1160031.3374356949
195.2121556077804,1160268.957421085
195.2221511075554,1160506.6139100364
195.23214660733038,1160744.3069062869
195.24214210710537,1160982.0364135748
195.25213760688035,1161219.8024356398
195.26213310665534,1161457.6049762196
195.27212860643033,1161695.444039054
195.28212410620532,1161933.319627882
195.2921196059803,1162171.231746443
195.3021151057553,1162409.1803984768
195.31211060553028,1162647.1655877233
195.32210610530527,1162885.187317922
195.33210160508025,1163123.2455928137
195.34209710485524,1163361.3404161383
195.35209260463023,1163599.471791637
195.36208810440522,1163837.6397230502
195.3720836041802,1164075.844214119
195.3820791039552,1164314.0852685843
195.39207460373018,1164552.362890188
195.40207010350517,1164790.677082671
195.41206560328015,1165029.0278497755
195.42206110305517,1165267.415195244
195.43205660283016,1165505.8391228172
195.44205210260515,1165744.299636238
195.45204760238013,1165982.7967392495
195.46204310215512,1166221.3304355936
195.4720386019301,1166459.9007290136
195.4820341017051,1166698.5076232525
195.49202960148008,1166937.1511220536
195.50202510125507,1167175.8312291605
195.51202060103006,1167414.5479483167
195.52201610080505,1167653.3012832662
195.53201160058003,1167892.091237753
195.54200710035502,1168130.917815521
195.55200260013,1168369.781020315
195.561998099905,1168608.6808558796
195.57199359967998,1168847.6173259593
195.58198909945497,1169086.5904342993
195.59198459922996,1169325.6001846448
195.60198009900495,1169564.6465807413
195.61197559877994,1169803.7296263343
195.62197109855492,1170042.8493251693
195.6319665983299,1170282.0056809927
195.6419620981049,1170521.1986975502
195.65195759787989,1170760.4283785883
195.66195309765487,1170999.6947278539
195.6719485974299,1171238.997749094
195.68194409720488,1171478.337446054
195.69193959697986,1171717.7138224822
195.70193509675485,1171957.1268821254
195.71193059652984,1172196.5766287313
195.72192609630483,1172436.0630660476
195.73192159607981,1172675.5861978221
195.7419170958548,1172915.146027803
195.7519125956298,1173154.7425597385
195.76190809540478,1173394.3757973767
195.77190359517977,1173634.045744467
195.78189909495475,1173873.7524047575
195.79189459472974,1174113.4957819975
195.80189009450473,1174353.275879936
195.81188559427972,1174593.092702323
195.8218810940547,1174832.9462529074
195.8318765938297,1175072.8365354391
195.84187209360468,1175312.7635536687
195.85186759337967,1175552.7273113457
195.86186309315465,1175792.7278122206
195.87185859292964,1176032.765060044
195.88185409270463,1176272.8390585666
195.89184959247962,1176512.9498115396
195.9018450922546,1176753.0973227138
195.91184059202962,1176993.2815958413
195.9218360918046,1177233.5026346722
195.9318315915796,1177473.760442959
195.94182709135458,1177714.0550244532
195.95182259112957,1177954.3863829074
195.96181809090456,1178194.7545220738
195.97181359067955,1178435.1594457044
195.98180909045453,1178675.6011575526
195.99180459022952,1178916.0796613705
196.0018000900045,1179156.5949609117
196.0117955897795,1179397.147059929
196.02179108955448,1179637.7359621762
196.03178658932947,1179878.3616714065
196.04178208910446,1180119.0241913742
196.05177758887945,1180359.7235258329
196.06177308865443,1180600.4596785367
196.07176858842942,1180841.2326532402
196.0817640882044,1181082.0424536983
196.0917595879794,1181322.8890836653
196.10175508775438,1181563.772546896
196.11175058752937,1181804.692847146
196.12174608730436,1182045.6499881705
196.13174158707935,1182286.643973725
196.14173708685433,1182527.6748075648
196.15173258662932,1182768.7424934465
196.16172808640434,1183009.8470351265
196.17172358617933,1183250.9884363597
196.1817190859543,1183492.1667009036
196.1917145857293,1183733.3818325147
196.2017100855043,1183974.6338349492
196.21170558527928,1184215.9227119654
196.22170108505426,1184457.2484673196
196.23169658482925,1184698.6111047696
196.24169208460424,1184940.010628073
196.25168758437923,1185181.4470409877
196.2616830841542,1185422.9203472715
196.2716785839292,1185664.4305506828
196.2816740837042,1185905.9776549798
196.29166958347918,1186147.5616639212
196.30166508325416,1186389.1825812657
196.31166058302915,1186630.8404107727
196.32165608280414,1186872.5351562006
196.33165158257913,1187114.2668213095
196.34164708235411,1187356.0354098585
196.3516425821291,1187597.8409256074
196.3616380819041,1187839.6833723162
196.37163358167908,1188081.5627537451
196.38162908145407,1188323.4790736542
196.39162458122905,1188565.432335804
196.40162008100407,1188807.422543956
196.41161558077906,1189049.4497018699
196.42161108055404,1189291.5138133073
196.43160658032903,1189533.6148820294
196.44160208010402,1189775.7529117975
196.451597579879,1190017.9279063735
196.461593079654,1190260.1398695193
196.47158857942898,1190502.3888049966
196.48158407920397,1190744.674716568
196.49157957897896,1190986.997607996
196.50157507875394,1191229.3574830426
196.51157057852893,1191471.754345471
196.52156607830392,1191714.1881990442
196.5315615780789,1191956.6590475254
196.5415570778539,1192199.1668946778
196.55155257762888,1192441.7117442652
196.56154807740387,1192684.2936000512
196.57154357717886,1192926.9124657998
196.58153907695385,1193169.568345275
196.59153457672883,1193412.2612422414
196.60153007650382,1193654.9911604633
196.6115255762788,1193897.7581037055
196.6215210760538,1194140.562075733
196.63151657582878,1194383.4030803107
196.64151207560377,1194626.281121204
196.6515075753788,1194869.1962021787
196.66150307515377,1195112.1483269997
196.67149857492876,1195355.1374994332
196.68149407470375,1195598.1637232457
196.69148957447874,1195841.2270022028
196.70148507425372,1196084.327340071
196.7114805740287,1196327.4647406172
196.7214760738037,1196570.6392076085
196.7314715735787,1196813.8507448114
196.74146707335368,1197057.099355993
196.75146257312866,1197300.3850449214
196.76145807290365,1197543.7078153635
196.77145357267864,1197787.0676710873
196.78144907245363,1198030.464615861
196.7914445722286,1198273.8986534523
196.8014400720036,1198517.36978763
196.8114355717786,1198760.8780221622
196.82143107155358,1199004.423360818
196.83142657132856,1199248.0058073662
196.84142207110355,1199491.625365576
196.85141757087854,1199735.2820392165
196.86141307065353,1199978.9758320574
196.8714085704285,1200222.7067478683
196.8814040702035,1200466.474790419
196.89139956997852,1200710.2799634803
196.9013950697535,1200954.1222708214
196.9113905695285,1201198.0017162128
196.92138606930348,1201441.918303426
196.93138156907847,1201685.872036231
196.94137706885346,1201929.8629183993
196.95137256862844,1202173.8909537022
196.96136806840343,1202417.9561459105
196.97136356817842,1202662.0584987965
196.9813590679534,1202906.1980161318
196.9913545677284,1203150.374701688
197.00135006750338,1203394.588559238
197.01134556727837,1203638.8395925534
197.02134106705336,1203883.1278054072
197.03133656682834,1204127.4532015724
197.04133206660333,1204371.8157848213
197.05132756637832,1204616.2155589273
197.0613230661533,1204860.6525276639
197.0713185659283,1205105.1266948045
197.08131406570328,1205349.6380641228
197.09130956547827,1205594.1866393927
197.10130506525326,1205838.7724243882
197.11130056502824,1206083.3954228838
197.12129606480323,1206328.055638654
197.13129156457822,1206572.753075473
197.14128706435324,1206817.4877371169
197.15128256412822,1207062.259627359
197.1612780639032,1207307.0687499754
197.1712735636782,1207551.9151087415
197.1812690634532,1207796.798707433
197.19126456322817,1208041.7195498254
197.20126006300316,1208286.6776396954
197.21125556277815,1208531.6729808184
197.22125106255314,1208776.7055769712
197.23124656232812,1209021.7754319303
197.2412420621031,1209266.8825494724
197.2512375618781,1209512.0269333748
197.2612330616531,1209757.2085874141
197.27122856142807,1210002.4275153682
197.28122406120306,1210247.6837210143
197.29121956097805,1210492.9772081303
197.30121506075304,1210738.3079804939
197.31121056052802,1210983.6760418832
197.321206060303,1211229.0813960768
197.331201560078,1211474.5240468532
197.341197059853,1211720.0039979909
197.35119255962798,1211965.5212532687
197.36118805940296,1212211.0758164658
197.37118355917795,1212456.6676913614
197.38117905895297,1212702.2968817356
197.39117455872795,1212947.9633913669
197.40117005850294,1213193.6672240356
197.41116555827793,1213439.4083835217
197.42116105805292,1213685.1868736057
197.4311565578279,1213931.0026980676
197.4411520576029,1214176.8558606885
197.45114755737788,1214422.7463652487
197.46114305715287,1214668.6742155293
197.47113855692785,1214914.6394153119
197.48113405670284,1215160.6419683772
197.49112955647783,1215406.6818785071
197.50112505625282,1215652.7591494834
197.5111205560278,1215898.8737850883
197.5211160558028,1216145.025789103
197.53111155557778,1216391.2151653108
197.54110705535277,1216637.441917494
197.55110255512776,1216883.7060494348
197.56109805490274,1217130.0075649165
197.57109355467773,1217376.3464677222
197.58108905445272,1217622.7227616352
197.5910845542277,1217869.136450439
197.6010800540027,1218115.5875379168
197.61107555377768,1218362.076027853
197.62107105355267,1218608.6019240315
197.63106655332768,1218855.165230237
197.64106205310267,1219101.7659502528
197.65105755287766,1219348.404087864
197.66105305265265,1219595.0796468556
197.67104855242764,1219841.7926310126
197.68104405220262,1220088.54304412
197.6910395519776,1220335.3308899635
197.7010350517526,1220582.1561723286
197.71103055152759,1220829.0188950007
197.72102605130257,1221075.9190617662
197.73102155107756,1221322.8566764111
197.74101705085255,1221569.8317427216
197.75101255062754,1221816.8442644845
197.76100805040252,1222063.8942454862
197.7710035501775,1222310.981689514
197.7809990499525,1222558.1066003544
197.7909945497275,1222805.2689817955
197.80099004950247,1223052.4688376244
197.81098554927746,1223299.7061716286
197.82098104905245,1223546.980987596
197.83097654882744,1223794.2932893152
197.84097204860242,1224041.6430805735
197.8509675483774,1224289.0303651604
197.8609630481524,1224536.455146864
197.8709585479274,1224783.917429473
197.8809540477024,1225031.4172167776
197.8909495474774,1225278.954512565
197.90094504725238,1225526.5293206258
197.91094054702737,1225774.1416447493
197.92093604680235,1226021.7914887257
197.93093154657734,1226269.4788563445
197.94092704635233,1226517.203751396
197.95092254612732,1226764.9661776705
197.9609180459023,1227012.7661389587
197.9709135456773,1227260.6036390518
197.98090904545228,1227508.4786817397
197.99090454522727,1227756.3912708142
198.00090004500225,1228004.3414100667
198.01089554477724,1228252.3291032885
198.02089104455223,1228500.354354271
198.03088654432722,1228748.4171668065
198.0408820441022,1228996.5175446873
198.0508775438772,1229244.655491705
198.06087304365218,1229492.8310116527
198.07086854342717,1229741.0441083228
198.08086404320215,1229989.294785508
198.09085954297714,1230237.5830470014
198.10085504275213,1230485.9088965964
198.11085054252712,1230734.2723380865
198.12084604230213,1230982.6733752654
198.13084154207712,1231231.1120119265
198.1408370418521,1231479.5882518636
198.1508325416271,1231728.1020988715
198.16082804140208,1231976.653556744
198.17082354117707,1232225.2426292764
198.18081904095206,1232473.869320263
198.19081454072705,1232722.5336334987
198.20081004050203,1232971.2355727789
198.21080554027702,1233219.9751418985
198.220801040052,1233468.7523446535
198.230796539827,1233717.5671848394
198.24079203960198,1233966.4196662523
198.25078753937697,1234215.3097926881
198.26078303915196,1234464.2375679433
198.27077853892695,1234713.2029958142
198.28077403870194,1234962.2060800975
198.29076953847692,1235211.24682459
198.3007650382519,1235460.325233089
198.3107605380269,1235709.4413093915
198.32075603780189,1235958.5950572954
198.33075153757687,1236207.786480598
198.34074703735186,1236457.0155830965
198.35074253712685,1236706.2823685901
198.36073803690184,1236955.5868408761
198.37073353667685,1237204.9290037542
198.38072903645184,1237454.3088610214
198.39072453622683,1237703.726416477
198.40072003600181,1237953.1816739202
198.4107155357768,1238202.67463715
198.4207110355518,1238452.2053099659
198.43070653532678,1238701.7736961672
198.44070203510176,1238951.3797995541
198.45069753487675,1239201.0236239259
198.46069303465174,1239450.7051730833
198.47068853442673,1239700.4244508264
198.48068403420172,1239950.1814609556
198.4906795339767,1240199.976207272
198.5006750337517,1240449.8086935757
198.51067053352668,1240699.6789236683
198.52066603330167,1240949.5869013516
198.53066153307665,1241199.532630426
198.54065703285164,1241449.5161146938
198.55065253262663,1241699.5373579569
198.56064803240162,1241949.5963640169
198.5706435321766,1242199.6931366762
198.5806390319516,1242449.8276797372
198.59063453172658,1242699.999997003
198.60063003150157,1242950.2100922759
198.61062553127658,1243200.4579693596
198.62062103105157,1243450.7436320558
198.63061653082656,1243701.067084169
198.64061203060155,1243951.4283295025
198.65060753037653,1244201.8273718602
198.66060303015152,1244452.2642150458
198.6705985299265,1244702.7388628635
198.6805940297015,1244953.2513191178
198.69058952947648,1245203.8015876133
198.70058502925147,1245454.3896721543
198.71058052902646,1245705.015576546
198.72057602880145,1245955.6793045937
198.73057152857643,1246206.3808601024
198.74056702835142,1246457.1202468777
198.7505625281264,1246707.897468725
198.7605580279014,1246958.7125294504
198.77055352767638,1247209.5654328603
198.78054902745137,1247460.4561827602
198.79054452722636,1247711.3847829571
198.80054002700135,1247962.3512372575
198.81053552677633,1248213.355549468
198.82053102655132,1248464.397723396
198.8305265263263,1248715.4777628484
198.8405220261013,1248966.5956716328
198.85051752587628,1249217.7514535566
198.8605130256513,1249468.9451124284
198.8705085254263,1249720.176652055
198.88050402520128,1249971.4460762446
198.89049952497626,1250222.753388806
198.90049502475125,1250474.098593548
198.91049052452624,1250725.4816942788
198.92048602430123,1250976.9026948079
198.9304815240762,1251228.3615989438
198.9404770238512,1251479.858410496
198.9504725236262,1251731.3931332745
198.96046802340118,1251982.9657710884
198.97046352317616,1252234.5763277477
198.98045902295115,1252486.2248070624
198.99045452272614,1252737.9112128434
199.00045002250113,1252989.6355489003
199.01044552227611,1253241.3978190443
199.0204410220511,1253493.1980270862
199.0304365218261,1253745.0361768368
199.04043202160108,1253996.9122721073
199.05042752137606,1254248.8263167094
199.06042302115105,1254500.7783144547
199.07041852092604,1254752.7682691545
199.08041402070103,1255004.7961846215
199.09040952047602,1255256.8620646675
199.10040502025103,1255508.9659131055
199.11040052002602,1255761.1077337468
199.120396019801,1256013.287530405
199.130391519576,1256265.5053068926
199.14038701935098,1256517.761067023
199.15038251912597,1256770.05481461
199.16037801890096,1257022.3865534663
199.17037351867594,1257274.756287406
199.18036901845093,1257527.164020243
199.19036451822592,1257779.6097557915
199.2003600180009,1258032.0934978658
199.2103555177759,1258284.6152502801
199.22035101755088,1258537.175016849
199.23034651732587,1258789.772801388
199.24034201710086,1259042.4086077115
199.25033751687585,1259295.0824396352
199.26033301665083,1259547.794300974
199.27032851642582,1259800.5441955442
199.2803240162008,1260053.332127161
199.2903195159758,1260306.1580996409
199.30031501575078,1260559.0221167998
199.31031051552577,1260811.9241824541
199.32030601530076,1261064.8643004205
199.33030151507575,1261317.8424745158
199.34029701485073,1261570.858708557
199.35029251462575,1261823.9130063616
199.36028801440074,1262077.005371746
199.37028351417572,1262330.1358085282
199.3802790139507,1262583.3043205258
199.3902745137257,1262836.5109115574
199.4002700135007,1263089.7555854402
199.41026551327568,1263343.038345993
199.42026101305066,1263596.3591970343
199.43025651282565,1263849.7181423828
199.44025201260064,1264103.1151858573
199.45024751237563,1264356.5503312768
199.4602430121506,1264610.0235824606
199.4702385119256,1264863.5349432281
199.4802340117006,1265117.0844173993
199.49022951147558,1265370.6720087938
199.50022501125056,1265624.2977212316
199.51022051102555,1265877.9615585327
199.52021601080054,1266131.663524518
199.53021151057553,1266385.4036230077
199.5402070103505,1266639.1818578227
199.5502025101255,1266892.9982327842
199.5601980099005,1267146.8527517132
199.57019350967548,1267400.7454184312
199.58018900945046,1267654.6762367594
199.59018450922545,1267908.64521052
199.60018000900047,1268162.6523435353
199.61017550877546,1268416.6976396262
199.62017100855044,1268670.7811026159
199.63016650832543,1268924.9027363264
199.64016200810042,1269179.062544581
199.6501575078754,1269433.2605312022
199.6601530076504,1269687.4967000133
199.67014850742538,1269941.7710548374
199.68014400720037,1270196.0835994983
199.69013950697536,1270450.4343378195
199.70013500675034,1270704.8232736243
199.71013050652533,1270959.2504107377
199.72012600630032,1271213.7157529835
199.7301215060753,1271468.219304186
199.7401170058503,1271722.76106817
199.75011250562528,1271977.3410487603
199.76010800540027,1272231.959249782
199.77010350517526,1272486.6156750598
199.78009900495024,1272741.3103284198
199.79009450472523,1272996.0432136871
199.80009000450022,1273250.8143346878
199.8100855042752,1273505.6236952476
199.8200810040502,1273760.4712991926
199.83007650382518,1274015.3571503493
199.8400720036002,1274270.2812525453
199.8500675033752,1274525.2436096051
199.86006300315017,1274780.244225357
199.87005850292516,1275035.2831036279
199.88005400270015,1275290.360248245
199.89004950247514,1275545.4756630359
199.90004500225012,1275800.6293518282
199.9100405020251,1276055.8213184502
199.9200360018001,1276311.0515667293
199.9300315015751,1276566.3201004942
199.94002700135007,1276821.6269235732
199.95002250112506,1277076.9720397948
199.96001800090005,1277332.3554529883
199.97001350067504,1277587.7771669824
199.98000900045002,1277843.237185606
199.990004500225,1278098.7355126892
200.0,1278354.2721520613
